{//公众号：影视范，qq频道:TVBox本地包https://qun.qq.com/qqweb/qunpro/share?inviteCode=1XBvP1xJJY9，tg频道 https://t.me/TVBoxlocal
  "sites": [    {      "key": "js豆瓣",      "name": "🏮👌🏻长期维护免费接口,切勿贩卖🏮",      "type": 3,      "api": "./js/drpymin.js",      "searchable": 0,      "quickSearch": 0,      "filterable": 1,      "ext": "./js/douban.js"    },    {      "key": "t4桉佬",      "name": "🍀豆瓣热榜(备用)",      "type": 4,      "api": "https://t4.secan.icu/vod?sites=all&ali_token=0c55c9f1c5cb4327ae2e51423276bb1e",      "searchable": 0,      "quickSearch": 0,      "filterable": 1    },    {      "key": "csp_Alist1",      "name": "🗂Alist合集",      "type": 3,      "api": "csp_AList",      "searchable": 1,      "quickSearch": 1,      "filterable": 1,      "ext": "./AList/Alist1.json",      "jar": "./ali.jar;md5;4c27aa7fcc97a08a3bcb4feeb760c0f1"    },    {      "key": "csp_Bili",      "name": "哔哩合集",      "type": 3,      "api": "csp_Bili",      "searchable": 1,      "quickSearch": 1,      "filterable": 0,      "ext": "./Bili/bili.json"    },    {      "key": "短视频聚合",      "name": "📱短视频聚合",      "type": 3,      "api": "csp_XYQBiu",      "searchable": 0,      "quickSearch": 0,      "filterable": 0,      "ext": "./XYQBiu/短视频聚合.json"    },    {      "key": "csp_Yj1211",      "name": "👑直播合集",      "type": 3,      "api": "csp_Yj1211",      "searchable": 1,      "quickSearch": 1,      "filterable": 1    },    {      "key": "T4直播转点播",      "name": "📺︎电视点播",      "type": 4,      "api": "http://120.53.102.254/live?url=aHR0cDovL2hvbWUuanVuZGllLnRvcDo4MS9yYXkvdHZsaXZlLnR4dA",      "searchable": 0,      "quickSearch": 0,      "filterable": 1    },    {      "key": "csp_YQKAPP",      "name": "👨‍👩‍👧‍👦一起看TV",      "type": 3,      "api": "csp_YQKAPP",      "searchable": 1,      "quickSearch": 1,      "filterable": 1,      "jar": "./100.jar;md5;861d47854d1cc4786dc9fba44ad29f41",      "ext": "https://api-tx.shumaxc.xyz"    },    {      "key": "Tutu_spider",      "name": "🗺图图影视",      "api": "csp_TutuYs",      "type": 3,      "filterable": 1,      "quickSearch": 1,      "searchable": 1,      "jar": "./100.jar;md5;861d47854d1cc4786dc9fba44ad29f41",      "ext": "http://124.248.66.89:7788/"    },    {      "key": "mtv_百影视频",      "name": "💯百影视频",      "type": 3,      "api": "csp_MianHua",      "searchable": 1,      "quickSearch": 1,      "filterable": 0,      "jar": "./100.jar;md5;861d47854d1cc4786dc9fba44ad29f41",      "ext": "http://47.104.99.175"    },    {      "key": "csp_Paper",      "name": "🔖小纸条①",      "type": 3,      "api": "csp_Paper",      "searchable": 1,      "quickSearch": 1,      "filterable": 1,      "ext": "./ali/token.txt",      "jar": "./ali.jar;md5;4c27aa7fcc97a08a3bcb4feeb760c0f1"    },    {      "key": "小纸条2",      "name": "🔖小纸条②",      "type": 3,      "api": "csp_Gitcafe",      "searchable": 1,      "quickSearch": 1,      "filterable": 1,      "ext": "./ali/token.txt",      "jar": "./ali.jar;md5;4c27aa7fcc97a08a3bcb4feeb760c0f1"    },    {      "key": "csp_xBPQ_布雷",      "name": "⚡布蕾影视",      "type": 3,      "api": "csp_xBPQ",      "searchable": 1,      "quickSearch": 1,      "filterable": 1,      "ext": "./xBPQ/布蕾.json"    },    {      "key": "csp_app_源头",      "name": "🐈肥猫影院",      "type": 1,      "playerType": 2,      "api": "http://我是.肥猫.love:63/api.php/provide/vod/",      "searchable": 1,      "quickSearch": 1,      "filterable": 1    },    {      "key": "csp_xBPQ_qiyou",      "name": "🎖奇优影院",      "type": 3,      "api": "csp_xBPQ",      "searchable": 1,      "quickSearch": 1,      "filterable": 1,      "ext": "./xBPQ/奇优影院.json"    },    {      "key": "csp_Nmys",      "name": "👨‍🌾农民影视",      "type": 3,      "api": "csp_Nmys",      "searchable": 1,      "quickSearch": 1,      "filterable": 1,      "ext": "./Nmys/Nmys.json"    },    {      "key": "csp_Yht",      "name": "🌷荷塘影院",      "type": 3,      "api": "csp_Yht",      "searchable": 1,      "quickSearch": 1,      "filterable": 1,      "ext": "https://yehetang.cc"    },    {      "key": "Upyunso",      "name": "🌤4K云搜",      "type": 3,      "api": "csp_UpYun",      "searchable": 1,      "quickSearch": 1,      "filterable": 0,      "ext": "./ali/token.txt",      "jar": "./ali.jar;md5;4c27aa7fcc97a08a3bcb4feeb760c0f1"    },    {      "key": "Alips",      "name": "📀4K盘搜",      "type": 3,      "api": "csp_PanSou",      "searchable": 1,      "quickSearch": 1,      "filterable": 0,      "ext": "./ali/token.txt",      "jar": "./ali.jar;md5;4c27aa7fcc97a08a3bcb4feeb760c0f1"    },    {      "key": "Yisou",      "name": "🎯4K易搜",      "type": 3,      "api": "csp_YiSo",      "searchable": 1,      "quickSearch": 1,      "filterable": 0,      "ext": "./ali/token.txt",      "jar": "./ali.jar;md5;4c27aa7fcc97a08a3bcb4feeb760c0f1"    },    {      "key": "Zhaozy",      "name": "🔍4K找资源",      "type": 3,      "api": "csp_Zhaozy",      "searchable": 1,      "quickSearch": 1,      "filterable": 0,      "ext": "https://yydsys.top/duo/ali/token.txt$$$yingshi$$$abcd1234",      "jar": "./ali.jar;md5;4c27aa7fcc97a08a3bcb4feeb760c0f1"    },    {      "key": "dr_厂长资源",      "name": "🏘厂长(JS)",      "type": 3,      "api": "./js/libmain.js",      "searchable": 0,      "quickSearch": 1,      "filterable": 0,      "ext": "./js/czspp.js"    },    {      "key": "csp_CZSPP",      "name": "🏭厂长(SP)",      "type": 3,      "api": "csp_Czsapp",      "searchable": 1,      "quickSearch": 1,      "filterable": 1    },    {      "key": "csp_xBPQ_乐猪影视",      "name": "🐷乐猪影视",      "type": 3,      "api": "csp_xBPQ",      "searchable": 1,      "quickSearch": 1,      "filterable": 0,      "ext": "./xBPQ/lezhu.json"    },    {      "key": "csp_xml_非凡资源",      "name": "🥗非凡资源",      "type": 1,      "api": "http://www.ffzy.tv/api.php/provide/vod/",      "playUrl": "https://ffzyplayer.com/?url=",      "searchable": 1,      "quickSearch": 1,      "filterable": 1,      "categories": [        "动作片",        "喜剧片",        "科幻片",        "恐怖片",        "爱情片",        "剧情片",        "战争片",        "记录片",        "国产剧",        "欧美剧",        "香港剧",        "韩国剧",        "台湾剧",        "日本剧",        "海外剧",        "泰国剧",        "国产动漫",        "日韩动漫",        "欧美动漫",        "港台动漫",        "海外动漫",        "大陆综艺",        "港台综艺",        "日韩综艺",        "欧美综艺"      ]    },    {      "key": "量子资源",      "name": "🥑量子资源",      "type": 1,      "api": "http://cj.lziapi.com/api.php/provide/vod/",      "playUrl": "",      "searchable": 1,      "quickSearch": 1,      "categories": [        "国产剧",        "国产动漫",        "泰国剧",        "台湾剧",        "香港剧",        "欧美剧",        "韩国剧",        "日本剧",        "动漫",        "体育",        "剧情片",        "动作片",        "爱情片",        "喜剧片"      ]    },    {      "key": "js_大师兄",      "name": "🐵师兄影视",      "type": 3,      "api": "./js/drpymin.js",      "searchable": 1,      "quickSearch": 1,      "filterable": 1,      "ext": "./js/大师兄影视.js"    },    {      "key": "csp_XYQH野马",      "name": "🦄野马影视",      "type": 3,      "api": "csp_XYQHiker",      "searchable": 1,      "quickSearch": 1,      "filterable": 1,      "ext": "./XYQHiker/野马.json"    },    {      "key": "csp_panghu",      "name": "🐯胖虎影视",      "type": 3,      "api": "csp_Panghu",      "searchable": 1,      "quickSearch": 1,      "filterable": 1    },    {      "key": "小苹果",      "name": "🍏小苹果",      "type": 3,      "api": "csp_LiteApple",      "searchable": 1,      "quickSearch": 1,      "filterable": 1    },    {      "key": "csp_sp龙门",      "name": "🐉龙门影视",      "type": 3,      "api": "csp_AppYsV2",      "searchable": 1,      "quickSearch": 1,      "filterable": 1,      "jar": "./loamen_spider.jar;md5;0a05825c82a070067a97405320d1ac98",      "ext": "http://dy.hm.iqinu.com:88/lm_api.php/v1.vod"    },    {      "key": "Kuaikan",      "name": "🦋快看影视",      "type": 3,      "api": "csp_Kuaikan",      "searchable": 1,      "quickSearch": 1,      "filterable": 1    },    {      "key": "csp_xBPQ_爱看影视",      "name": "🧡爱看影视",      "type": 3,      "api": "csp_xBPQ",      "searchable": 1,      "quickSearch": 1,      "filterable": 0,      "ext": "./xBPQ/爱看影视.json"    },    {      "key": "js_电影先生",      "name": "🤵电影先生",      "type": 3,      "api": "./js/drpymin.js",      "searchable": 1,      "quickSearch": 1,      "filterable": 1,      "ext": "./js/电影先生.js"    },    {      "key": "py_libvio",      "name": "🍲LIB(PY)",      "type": 3,      "api": "py_libvio",      "searchable": 0,      "quickSearch": 0,      "filterable": 1,      "ext": "./py/pylibvio.py"    },    {      "key": "csp_xBPQ_LIBVIO",      "name": "🍲LIB(XB)",      "type": 3,      "api": "csp_xBPQ",      "searchable": 1,      "quickSearch": 1,      "filterable": 1,      "ext": "./xBPQ/LIBVIO.json"    },    {      "key": "csp_xBPQ_饭团",      "name": "🍙饭团影视",      "type": 3,      "api": "csp_xBPQ",      "searchable": 1,      "quickSearch": 1,      "filterable": 0,      "ext": "./xBPQ/饭团HD.json"    },    {      "key": "XBPQ_fant",      "name": "🍙饭团影院",      "type": 3,      "api": "csp_xBPQ",      "searchable": 1,      "quickSearch": 1,      "filterable": 1,      "ext": "./xBPQ/饭团HD2.json"    },    {      "key": "csp_DiDuan",      "name": "低端(SP)",      "type": 3,      "api": "csp_Ddrk",      "searchable": 1,      "quickSearch": 1,      "filterable": 0    },    {      "key": "drpy_js_ddys",      "name": "低端(JS)",      "type": 3,      "api": "./js/libmain.js",      "searchable": 1,      "quickSearch": 1,      "filterable": 0,      "ext": "./js/ddys.js"    },    {      "key": "csp_Lgyy",      "name": "🧿蓝光影院",      "type": 3,      "api": "csp_Lgyy",      "searchable": 1,      "quickSearch": 1,      "filterable": 1,      "ext": "https://www.lgyy.tv"    },    {      "key": "csp_biubiu_voflix",      "name": "🧿voflix",      "type": 3,      "api": "csp_xBPQ",      "searchable": 1,      "quickSearch": 1,      "filterable": 1,      "ext": "./xBPQ/voflix.json"    },    {      "key": "drpy_js_酷云七七",      "name": "🍁酷云七七",      "type": 3,      "api": "./js/drpymin.js",      "searchable": 1,      "quickSearch": 1,      "filterable": 1,      "ext": "./js/77.js"    },    {      "key": "360_spider",      "name": "💫360影视",      "type": 3,      "api": "csp_SP360",      "searchable": 1,      "quickSearch": 1,      "filterable": 1    },    {      "key": "SPQQ",      "name": "🐧企鹅(官)",      "type": 3,      "api": "csp_QQ",      "searchable": 1,      "quickSearch": 1,      "filterable": 1    },    {      "key": "SPIQY",      "name": "🥝奇异(官)",      "type": 3,      "api": "csp_IQIYI",      "searchable": 1,      "quickSearch": 1,      "filterable": 1    },    {      "key": "MGT",      "name": "🥭芒芒(官)",      "type": 3,      "api": "csp_Mgtv",      "searchable": 1,      "quickSearch": 1,      "filterable": 1    },    {      "key": "youku",      "name": "👑油库(官)",      "type": 0,      "api": "https://www.zycaiji.net:7788/api.php/provide/vod/from/youku/at/xml/",      "searchable": 0,      "quickSearch": 0,      "filterable": 0,      "categories": [        "综艺",        "动漫",        "动作片",        "喜剧片",        "爱情片",        "科幻片",        "恐怖片",        "剧情片",        "战争片",        "国产剧",        "港台剧",        "日韩剧",        "欧美剧",        "惊悚片",        "犯罪片",        "冒险片",        "悬疑片",        "动画片",        "武侠片",        "奇幻片",        "少儿",        "其他片"      ]    },    {      "key": "drpy_js_菜狗",      "name": "🐕菜狗(官)",      "type": 3,      "api": "./js/drpymin.js",      "searchable": 1,      "quickSearch": 1,      "filterable": 1,      "ext": "./js/caigou.js"    },    {      "key": "PpTV",      "name": "🥒皮皮(官)",      "type": 0,      "api": "https://www.zycaiji.net:7788/api.php/provide/vod/from/pptv/at/xml/",      "searchable": 0,      "quickSearch": 0,      "filterable": 0,      "categories": [        "综艺",        "动漫",        "动作片",        "喜剧片",        "爱情片",        "科幻片",        "恐怖片",        "剧情片",        "战争片",        "国产剧",        "港台剧",        "日韩剧",        "欧美剧",        "惊悚片",        "犯罪片",        "冒险片",        "悬疑片",        "动画片",        "武侠片",        "少儿",        "其他片"      ]    },    {      "key": "souhu",      "name": "🦊搜糊(官)",      "type": 0,      "api": "https://www.zycaiji.net:7788/api.php/provide/vod/from/sohu/at/xml/",      "searchable": 1,      "quickSearch": 1,      "filterable": 0,      "categories": [        "综艺",        "动漫",        "动作片",        "喜剧片",        "爱情片",        "科幻片",        "恐怖片",        "剧情片",        "战争片",        "国产剧",        "港台剧",        "日韩剧",        "欧美剧",        "惊悚片",        "犯罪片",        "冒险片",        "悬疑片",        "动画片",        "武侠片",        "奇幻片",        "少儿",        "其他片",        "其他剧"      ]    },    {      "key": "乐视(官源)",      "name": "🍅乐事(官)",      "type": 0,      "api": "https://www.zycaiji.net:7788/api.php/provide/vod/from/letv/at/xml",      "searchable": 1,      "quickSearch": 1,      "filterable": 0,      "categories": [        "喜剧片",        "爱情片",        "犯罪片",        "纪录片",        "动漫片",        "动作片",        "科幻片",        "恐怖片",        "剧情片",        "战争片",        "惊悚片",        "犯罪片",        "冒险片",        "悬疑片",        "动画片",        "武侠片",        "奇幻片",        "国产剧",        "欧美剧",        "日本剧",        "日韩剧",        "韩剧",        "日剧",        "港剧",        "香港剧",        "台湾剧",        "台剧",        "韩国剧",        "其它剧",        "综艺",        "大陆综艺",        "港台综艺",        "日韩综艺",        "欧美综艺",        "动漫",        "国产动漫",        "日本动漫",        "欧美动漫",        "海外动漫",        "少儿",        "伦理",        "三级片",        "其他片",        "直播",        "体育",        "短视频",        "美女",        "MV",        "解说",        "电影",        "连续剧"      ],      "jar": ""    },    {      "key": "js_莫扎兔",      "name": "🐰莫扎兔",      "type": 3,      "api": "./js/drpymin.js",      "searchable": 1,      "quickSearch": 1,      "filterable": 1,      "ext": "./js/莫扎兔.js"    },    {      "key": "csp_Xinsj",      "name": "🐠视觉影院",      "type": 3,      "api": "csp_Xinsj",      "searchable": 1,      "quickSearch": 1,      "filterable": 1,      "ext": "https://www.6080dy2.com"    },    {      "key": "csp_555电影",      "name": "🐾三五电影",      "type": 3,      "api": "csp_Ys555",      "searchable": 1,      "quickSearch": 1,      "filterable": 1,      "ext": "https://www.555dyy1.com"    },    {      "key": "csp_xBPQ_秋霞",      "name": "🌈秋霞影视",      "type": 3,      "api": "csp_xBPQ",      "searchable": 1,      "quickSearch": 1,      "filterable": 0,      "ext": "./xBPQ/qiuxia.json"    },    {      "key": "csp_xpath_独播库",      "name": "🐲独播库",      "type": 3,      "api": "csp_XPathMacFilter",      "searchable": 1,      "quickSearch": 1,      "filterable": 1,      "ext": "./XPathMacFilter/duboku.json"    },    {      "key": "py_cctv",      "name": "❤爱央视(PY)",      "type": 3,      "api": "py_cctv",      "searchable": 0,      "quickSearch": 0,      "filterable": 1,      "ext": "./py/cctv.py"    },    {      "key": "csp_xBPQ_真不卡",      "name": "🚀真不卡(XB)",      "type": 3,      "api": "csp_xBPQ",      "searchable": 1,      "quickSearch": 1,      "filterable": 1,      "ext": "./xBPQ/真不卡.json"    },    {      "key": "csp_Smdyy",      "name": "🐴神马影院",      "type": 3,      "api": "csp_Smdyy",      "searchable": 1,      "quickSearch": 1,      "filterable": 1    },    {      "key": "csp_Ysgc",      "name": "🎬影视工厂",      "type": 3,      "api": "csp_Ysgc",      "searchable": 1,      "quickSearch": 1,      "filterable": 1,      "ext": "https://www.ysgc.fun"    },    {      "key": "csp_biubiu_骚火电影",      "name": "🔥骚火电影",      "type": 3,      "api": "csp_xBPQ",      "searchable": 1,      "quickSearch": 1,      "filterable": 1,      "ext": "./xBPQ/骚火电影.json"    },    {      "key": "XBPQ_HDIK",      "name": "🍬HDIK影视",      "type": 3,      "api": "csp_xBPQ",      "searchable": 1,      "quickSearch": 1,      "filterable": 1,      "ext": "./xBPQ/HDIK.json"    },    {      "key": "csp_xBPQ_电影天堂",      "name": "🏖电影天堂",      "type": 3,      "api": "csp_xBPQ",      "searchable": 1,      "quickSearch": 1,      "filterable": 0,      "ext": "{\"免嗅\":\"0\",\"副标题\":\"right\\\">&&</span>\",\"播放标题\":\">&&</a>\",\"播放数组\":\"<ul class=\\\"stui-content__playlist&&</ul>\",\"线路数组\": \"<img src=&&/h3>\",\"线路标题\": \">&&<\",\"分类\":\"电影$1#续集$2#综艺$3#动漫$4#世界杯$32\",\"分类url\":\"https://www.qiip.cc/vod/show/id/{cateId}.html\",\"筛选\":\"1\"}"    },    {      "key": "csp_Bd",      "name": "💥哔嘀(SP)",      "type": 3,      "api": "csp_Bdys01",      "searchable": 1,      "quickSearch": 1,      "filterable": 1    },    {      "key": "csp_Cokemv",      "name": "🎀Cokemv",      "type": 3,      "api": "csp_Cokemv",      "searchable": 1,      "quickSearch": 1,      "filterable": 0    },    {      "key": "csp_Auete",      "name": "🐼Auete",      "type": 3,      "api": "csp_Auete",      "searchable": 1,      "quickSearch": 1,      "filterable": 1    },    {      "key": "csp_Btwtoo",      "name": "✌两个BT",      "type": 3,      "api": "csp_Bttwoo",      "searchable": 1,      "quickSearch": 1,      "filterable": 1    },    {      "key": "csp_Anime1",      "name": "🌸动漫系列",      "type": 3,      "api": "csp_Anime1",      "searchable": 1,      "quickSearch": 1,      "filterable": 1    },    {      "key": "js路漫漫",      "name": "👩‍🎨路漫漫",      "type": 3,      "api": "./js/drpymin.js",      "searchable": 0,      "quickSearch": 0,      "filterable": 1,      "ext": "./js/路漫漫.js"    },    {      "key": "去看动漫",      "name": "🎊去看动漫",      "type": 3,      "api": "csp_xBPQ",      "searchable": 1,      "quickSearch": 1,      "filterable": 0,      "ext": "./xBPQ/去看动漫.json"    },    {      "key": "动漫直链",      "name": "🎭动漫直链",      "type": 3,      "api": "csp_XPath",      "searchable": 1,      "quickSearch": 1,      "filterable": 0,      "ext": "./XPath/动漫直链.json"    },    {      "key": "csp_biubiu_风车动漫",      "name": "🍭风车动漫",      "type": 3,      "api": "csp_xBPQ",      "searchable": 1,      "quickSearch": 1,      "filterable": 0,      "ext": "./xBPQ/风车动漫.json"    },    {      "key": "csp_xpath___动漫巴士",      "name": "🤖动漫巴士",      "type": 3,      "api": "csp_XPath",      "searchable": 1,      "quickSearch": 1,      "filterable": 0,      "ext": "./XPath/动漫巴士.json"    },    {      "key": "py_qie",      "name": "🏀企鹅体育",      "type": 3,      "api": "py_qie",      "searchable": 0,      "quickSearch": 0,      "filterable": 1,      "ext": "./py/qie.py"    },    {      "key": "csp_XPath_鹅直播",      "name": "⚽企鹅体育",      "type": 3,      "api": "csp_XPath",      "searchable": 0,      "quickSearch": 0,      "filterable": 0,      "ext": "./XPath/qie.json"    },    {      "key": "drpy_js_310直播",      "name": "🥎310直播",      "type": 3,      "api": "./js/drpymin.js",      "searchable": 1,      "quickSearch": 1,      "filterable": 0,      "ext": "./js/310.js"    },    {      "key": "dr_88看球",      "name": "🏀88看球",      "type": 3,      "api": "./js/drpymin.js",      "searchable": 0,      "quickSearch": 0,      "filterable": 0,      "ext": "./js/88看球.js"    },    {      "key": "drpy_js_JRS直播",      "name": "⚽JRS直播",      "type": 3,      "api": "./js/drpymin.js",      "searchable": 1,      "quickSearch": 1,      "filterable": 0,      "ext": "./js/jrslive.js"    },    {      "key": "drpy_js_JRKAN直播",      "name": "🥎JRKAN看球",      "type": 3,      "api": "./js/drpymin.js",      "searchable": 1,      "quickSearch": 1,      "filterable": 0,      "ext": "./js/jrs看球.js"    },    {      "key": "dr_JRKAN直播",      "name": "🏀JRK直播",      "type": 3,      "api": "./js/drpymin.js",      "searchable": 0,      "quickSearch": 0,      "filterable": 0,      "ext": "./js/JRKAN.js"    },    {      "key": "drpy_js_抓饭体育",      "name": "⚽抓饭体育",      "type": 3,      "api": "./js/drpymin.js",      "searchable": 1,      "quickSearch": 1,      "filterable": 0,      "ext": "./js/抓饭体育.js"    },    {      "key": "py_dashan",      "name": "💋👌🏻搭讪",      "type": 3,      "api": "py_dashan",      "searchable": 0,      "quickSearch": 0,      "filterable": 1,      "ext": "./py/搭讪.py"    },    {      "key": "py_dapei",      "name": "💃👌🏻搭配",      "type": 3,      "api": "py_dapei",      "searchable": 0,      "quickSearch": 0,      "filterable": 1,      "ext": "./py/搭配.py"    },    {      "key": "js_B站精简",      "name": "B站精简",      "type": 3,      "api": "./js/drpymin.js",      "searchable": 0,      "quickSearch": 0,      "filterable": 1,      "ext": "./js/B站精简.js"    },    {      "key": "py_video",      "name": "B站影视",      "type": 3,      "api": "py_video",      "searchable": 0,      "quickSearch": 0,      "filterable": 1,      "ext": "./py/video.py"    },    {      "key": "py_meishi",      "name": "美食合集",      "type": 3,      "api": "py_meishi",      "searchable": 0,      "quickSearch": 0,      "filterable": 1,      "ext": "./py/美食合集.py"    },    {      "key": "py_youer",      "name": "幼儿教育",      "type": 3,      "api": "py_youer",      "searchable": 0,      "quickSearch": 0,      "filterable": 1,      "ext": "./py/youer.py"    },    {      "key": "py_xiaoxue",      "name": "小学教育",      "type": 3,      "api": "py_xiaoxue",      "searchable": 1,      "quickSearch": 0,      "filterable": 1,      "ext": "./py/xiaoxue.py"    },    {      "key": "py_czxx",      "name": "初中教育",      "type": 3,      "api": "py_czxx",      "searchable": 0,      "quickSearch": 0,      "filterable": 1,      "ext": "./py/chuzhong.py"    },    {      "key": "py_gaozxx",      "name": "高中教育",      "type": 3,      "api": "py_gaozxx",      "searchable": 0,      "quickSearch": 0,      "filterable": 1,      "ext": "./py/gaozhong.py"    },    {      "key": "py_zyy",      "name": "中医药区",      "type": 3,      "api": "py_zyy",      "searchable": 0,      "quickSearch": 0,      "filterable": 1,      "ext": "./py/zyy.py"    },    {      "key": "py_xuqu1",      "name": "戏曲合集",      "type": 3,      "api": "py_xuqu1",      "searchable": 0,      "quickSearch": 0,      "filterable": 1,      "ext": "./py/xiqu.py"    },    {      "key": "py_TYjs",      "name": "体育健身",      "type": 3,      "api": "py_TYjs",      "searchable": 0,      "quickSearch": 0,      "filterable": 1,      "ext": "./py/tiyu.py"    },    {      "key": "py_xiangsh",      "name": "相声小品",      "type": 3,      "api": "py_xiangsh",      "searchable": 0,      "quickSearch": 0,      "filterable": 1,      "ext": "./py/xiaopin.py"    },    {      "key": "py_FBqx",      "name": "球队球星",      "type": 3,      "api": "py_FBqx",      "searchable": 0,      "quickSearch": 0,      "filterable": 1,      "ext": "./py/qiudui.py"    },    {      "key": "py_Meinvw",      "name": "美女热舞",      "type": 3,      "api": "py_Meinvw",      "searchable": 0,      "quickSearch": 0,      "filterable": 1,      "ext": "./py/meinv.py"    },    {      "key": "py_yanchh",      "name": "歌手合集",      "type": 3,      "api": "py_yanchh",      "searchable": 0,      "quickSearch": 0,      "filterable": 1,      "ext": "./py/geshou.py"    },    {      "key": "py_Nvtuan",      "name": "女团热舞",      "type": 3,      "api": "py_Nvtuan",      "searchable": 0,      "quickSearch": 0,      "filterable": 1,      "ext": "./py/nvtuan.py"    },    {      "key": "py_MTV",      "name": "歌曲MTV",      "type": 3,      "api": "py_MTV",      "searchable": 0,      "quickSearch": 0,      "filterable": 1,      "ext": "./py/mtv.py"    },    {      "key": "py_Yinl2",      "name": "音乐合集",      "type": 3,      "api": "py_Yinl2",      "searchable": 0,      "quickSearch": 0,      "filterable": 1,      "ext": "./py/yinyue.py"    },    {      "key": "js_哔哩直播",      "name": "B站直播",      "type": 3,      "api": "./js/drpymin.js",      "searchable": 0,      "quickSearch": 0,      "filterable": 0,      "ext": "./js/哔哩直播.js"    },    {      "key": "py_huya",      "name": "🐯虎牙(PY)",      "type": 3,      "api": "py_huya",      "searchable": 0,      "quickSearch": 0,      "filterable": 1,      "ext": "./py/pyhuya.py"    },    {      "key": "csp_XYQHiker_虎牙直播",      "name": "🐯虎牙直播",      "type": 3,      "api": "csp_XYQHiker",      "searchable": 0,      "quickSearch": 0,      "filterable": 0,      "ext": "./XYQHiker/虎牙.json"    },    {      "key": "py_douyu",      "name": "🦈斗鱼(PY)",      "type": 3,      "api": "py_douyu",      "searchable": 0,      "quickSearch": 0,      "filterable": 1,      "ext": "./py/pydouyu.py"    },    {      "key": "csp_biubiu_斗鱼",      "name": "🦈斗鱼(XB)",      "type": 3,      "api": "csp_xBPQ",      "searchable": 0,      "quickSearch": 0,      "filterable": 0,      "ext": "./xBPQ/斗鱼.json"    },    {      "key": "网易CC",      "name": "🐠网易CC",      "type": 3,      "api": "csp_XYQBiu",      "searchable": 0,      "quickSearch": 0,      "filterable": 0,      "ext": "./XYQBiu/网易CC.json"    },    {      "key": "csp_xpath_kuqimv",      "name": "🎤酷奇MV",      "type": 3,      "api": "csp_XYQBiu",      "searchable": 0,      "quickSearch": 0,      "filterable": 0,      "ext": "./XYQBiu/酷奇MV.json"    },    {      "key": "csp_xpath_yinfans",      "name": "💥音范丝4K",      "type": 3,      "api": "csp_XPath",      "searchable": 1,      "quickSearch": 1,      "filterable": 1,      "ext": "./XPath/音范丝.json"    },    {      "key": "干饭影视",      "name": "🍚干饭影视",      "type": 3,      "api": "csp_xBPQ",      "searchable": 1,      "quickSearch": 1,      "filterable": 1,      "ext": "./xBPQ/干饭影视.json"    },    {      "key": "口袋影院",      "name": "👝口袋影院",      "type": 3,      "api": "csp_xBPQ",      "searchable": 1,      "quickSearch": 1,      "filterable": 0,      "ext": "./xBPQ/口袋影院.json"    },    {      "key": "花猫影视",      "name": "🐱花猫影视",      "type": 3,      "api": "csp_xBPQ",      "searchable": 1,      "quickSearch": 1,      "filterable": 0,      "ext": "./xBPQ/花猫影视.json"    },    {      "key": "六度影视",      "name": "🍨六度影视",      "type": 3,      "api": "csp_xBPQ",      "searchable": 1,      "quickSearch": 1,      "filterable": 0,      "ext": "./xBPQ/六度影视.json"    },    {      "key": "csp_biubiu_dadagui",      "name": "🐢达达龟",      "type": 3,      "api": "csp_XPathFilter",      "searchable": 1,      "quickSearch": 1,      "filterable": 1,      "ext": "./XPathFilter/达达龟.json"    },    {      "key": "csp_xBPQ_TVB云播",      "name": "🌤TVB云播",      "type": 3,      "api": "csp_xBPQ",      "searchable": 1,      "quickSearch": 1,      "filterable": 0,      "ext": "./xBPQ/tvb云播.json"    },    {      "key": "COKEMV",      "name": "🥮COKEMV",      "type": 3,      "api": "csp_xBPQ",      "searchable": 1,      "quickSearch": 1,      "filterable": 0,      "ext": "./xBPQ/COKEMV.json"    },    {      "key": "Auete影视",      "name": "🍬Auete影视",      "type": 3,      "api": "csp_xBPQ",      "searchable": 1,      "quickSearch": 1,      "filterable": 0,      "ext": "./xBPQ/Auete影视.json"    },    {      "key": "人人影视",      "name": "👫人人影视",      "type": 3,      "api": "csp_xBPQ",      "searchable": 1,      "quickSearch": 1,      "filterable": 0,      "ext": "./xBPQ/人人影视.json"    },    {      "key": "三九影视",      "name": "🐐三九影视",      "type": 3,      "api": "csp_xBPQ",      "searchable": 1,      "quickSearch": 1,      "filterable": 0,      "ext": "./xBPQ/三九影视.json"    },    {      "key": "csp_xBPQ_金眼影视",      "name": "🌟金眼影视",      "type": 3,      "api": "csp_xBPQ",      "searchable": 1,      "quickSearch": 1,      "filterable": 0,      "ext": "./xBPQ/金眼影视.json"    },    {      "key": "csp_xBPQ_Nike影视",      "name": "🌹Nike影视",      "type": 3,      "api": "csp_xBPQ",      "searchable": 1,      "quickSearch": 1,      "filterable": 0,      "ext": "./xBPQ/Nike影视.json"    },    {      "key": "玖卿乐播",      "name": "🧯玖卿乐播",      "type": 3,      "api": "csp_AppYs",      "searchable": 0,      "quickSearch": 0,      "filterable": 0,      "ext": "https://vod.nqcode.cn/api.php/v1.vod"    },    {      "key": "影图影视",      "name": "🥪影图影视",      "type": 1,      "api": "https://cj.vodimg.top/api.php/provide/vod/",      "searchable": 0,      "quickSearch": 0,      "filterable": 0    },    {      "key": "push_agent",      "name": "📨推送",      "type": 3,      "api": "csp_Push",      "searchable": 0,      "quickSearch": 0,      "filterable": 0,      "ext": "./ali/token.txt"    },    {      "key": "local1",      "name": "本地化by影视范",      "type": 3,      "api": "",      "searchable": 0,      "quickSearch": 0,      "filterable": 0    },    {      "key": "local2",      "name": "👌🏻:影视范",      "type": 3,      "api": "",      "searchable": 0,      "quickSearch": 0,      "filterable": 0    },    {      "key": "local3",      "name": "Q频道：本地包",      "type": 3,      "api": "",      "searchable": 0,      "quickSearch": 0,      "filterable": 0    }  ],  "lives": [    {      "name": "live",      "type": 0,      "url": "./v.txt",      "epg": "http://epg.51zmt.top:8000/api/diyp/?ch={name}&date={date}",      "logo": "https://epg.112114.xyz/logo/{name}.png"    }  ],  "parses": [    {      "name": "解析聚合",      "type": 3,      "url": "Demo"    },    {      "name": "Json轮询",      "type": 2,      "url": "Sequence"    },    {      "name": "Json并发",      "type": 2,      "url": "Parallel"    },    {      "name": "辛店解析",      "type": 1,      "url": "http://bpq.xdv.icu/analysis.php?v=",      "ext": {        "flag": [          "qq",          "腾讯",          "企鹅",          "IQiYi",          "qiyi",          "爱奇艺",          "奇艺",          "youku",          "YouKu",          "优酷",          "sohu",          "SoHu",          "搜狐",          "letv",          "LeShi",          "乐视",          "imgo",          "mgtv",          "MangGuo",          "芒果",          "SLYS4k",          "BYGA",          "luanzi",          "AliS",          "dxzy",          "bilibili",          "QEYSS",          "xigua",          "西瓜视频",          "腾讯视频",          "奇艺视频",          "优酷视频",          "芒果视频",          "乐视视频"        ]      }    },    {      "name": "2号线",      "type": 0,      "url": "https://jx.aidouer.net/?url="    },    {      "name": "3号线",      "type": 0,      "url": "https://jx.4kdv.com/?url=",      "ext": {        "flag": [          "qq",          "腾讯",          "qiyi",          "iqiyi",          "爱奇艺",          "奇艺",          "youku",          "优酷",          "mgtv",          "芒果",          "letv",          "乐视",          "pptv",          "PPTV",          "sohu",          "bilibili",          "哔哩哔哩",          "哔哩"        ]      }    },    {      "name": "4号线",      "type": 0,      "url": "https://jx.m3u8.tv/jiexi/?url=",      "ext": {        "flag": [          "qq",          "腾讯",          "qiyi",          "iqiyi",          "爱奇艺",          "奇艺",          "youku",          "优酷",          "mgtv",          "芒果",          "letv",          "乐视",          "pptv",          "PPTV",          "sohu",          "bilibili",          "哔哩哔哩",          "哔哩"        ]      }    },    {      "name": "5号线",      "type": 0,      "url": "https://www.ckmov.com/?url=",      "ext": {        "flag": [          "qq",          "腾讯",          "qiyi",          "iqiyi",          "爱奇艺",          "奇艺",          "youku",          "优酷",          "mgtv",          "芒果",          "letv",          "乐视",          "pptv",          "PPTV",          "sohu",          "bilibili",          "哔哩哔哩",          "哔哩"        ]      }    },    {      "name": "6号线",      "type": 0,      "url": "https://jx.xmflv.com/?url=",      "ext": {        "flag": [          "qq",          "腾讯",          "qiyi",          "iqiyi",          "爱奇艺",          "奇艺",          "youku",          "优酷",          "mgtv",          "芒果",          "letv",          "乐视",          "pptv",          "PPTV",          "sohu",          "bilibili",          "哔哩哔哩",          "哔哩"        ]      }    },    {      "name": "7号线",      "type": 1,      "url": "https://api.jiexi.la/?url=",      "ext": {        "flag": [          "qq",          "腾讯",          "qiyi",          "iqiyi",          "爱奇艺",          "奇艺",          "youku",          "优酷",          "mgtv",          "芒果",          "letv",          "乐视",          "pptv",          "PPTV",          "sohu",          "bilibili",          "哔哩哔哩",          "哔哩"        ]      }    },    {      "name": "8号线",      "type": 0,      "url": "https://www.nxflv.com/?url="    },    {      "name": "9号线",      "type": 0,      "url": "https://jx.bozrc.com:4433/player/?url="    },    {      "name": "10号线",      "type": 1,      "url": "http://47.108.39.237:55/api/jsonindex.php/?key=dp2xOsl8Nws8uFdY0E&url=",      "ext": {        "flag": [          "qq",          "腾讯",          "企鹅",          "IQiYi",          "qiyi",          "爱奇艺",          "奇艺",          "youku",          "YouKu",          "优酷",          "sohu",          "SoHu",          "搜狐",          "letv",          "LeShi",          "乐视",          "imgo",          "mgtv",          "MangGuo",          "芒果",          "SLYS4k",          "BYGA",          "luanzi",          "AliS",          "dxzy",          "bilibili",          "QEYSS",          "xigua",          "西瓜视频",          "腾讯视频",          "奇艺视频",          "优酷视频",          "芒果视频",          "乐视视频"        ]      }    },    {      "name": "11号线",      "type": 0,      "url": "https://www.yemu.xyz/?url=",      "ext": {        "flag": [          "qq",          "腾讯",          "qiyi",          "iqiyi",          "爱奇艺",          "奇艺",          "youku",          "优酷",          "mgtv",          "芒果",          "letv",          "乐视",          "pptv",          "PPTV",          "sohu",          "bilibili",          "哔哩哔哩",          "哔哩"        ]      }    },    {      "name": "12号线",      "type": 0,      "url": "http://jiexi.parses.repl.co/api.php?url="    },    {      "name": "13号线",      "type": 0,      "url": "https://jx.ccabc.cc/byg/?url="    },    {      "name": "14号线",      "type": 0,      "url": "https://jx.zhanlangbu.com/?url=",      "ext": {        "header": {          "User-Agent": "okhttp/4.1.0"        },        "flag": [          "qq",          "腾讯",          "qiyi",          "爱奇艺",          "奇艺",          "youku",          "优酷",          "mgtv",          "芒果",          "letv",          "乐视",          "pptv",          "PPTV",          "sohu",          "bilibili",          "哔哩哔哩",          "哔哩"        ]      }    },    {      "name": "15号线",      "type": 0,      "url": "http://lanlan.ckflv.cn/?url=",      "ext": {        "flag": [          "qiyi",          "qq",          "letv",          "sohu",          "youku",          "mgtv",          "bilibili",          "wasu",          "xigua",          "1905"        ]      }    },    {      "name": "16号线",      "type": 0,      "url": "https://okjx.cc/?url="    },    {      "name": "17号线",      "type": 0,      "url": "http://jx.ivito.cn/?url="    },    {      "name": "18号线",      "type": 0,      "url": "https://dm.xbqgx.com/?url="    },    {      "name": "19号线",      "type": 0,      "url": "https://vip.bljiex.com/?v="    },    {      "name": "20号线",      "type": 0,      "url": "http://pandown.pro/app/ysmjx.php?url=",      "ext": {        "flag": [          "qq",          "腾讯",          "qiyi",          "爱奇艺",          "奇艺",          "youku",          "优酷",          "mgtv",          "芒果",          "letv",          "乐视",          "pptv",          "PPTV",          "sohu",          "bilibili",          "哔哩哔哩",          "哔哩"        ],        "header": {          "User-Agent": "okhttp/4.1.0"        }      }    }  ],  "flags": [    "youku",    "qq",    "QQ",    "iqiyi",    "qiyi",    "letv",    "sohu",    "tudou",    "pptv",    "PPTV",    "mgtv",    "ltnb",    "rx",    "SLYS4k",    "BYGA",    "luanzi",    "dxzy",    "QEYSS",    "aliyun",    "AliS",    "122",    "chuangying",    "CL4K",    "xfyun",    "wuduzy",    "wasu",    "bilibili",    "renrenmi",    "xmm",    "xigua",    "m1905",    "funshion",    "优酷",    "芒果",    "腾讯",    "爱奇艺",    "奇艺",    "哔哩哔哩",    "哔哩",    "西瓜视频",    "腾讯视频",    "奇艺视频",    "优酷视频",    "芒果视频",    "乐视视频"  ],  "ijk": [    {      "group": "软解码",      "options": [        {          "category": 4,          "name": "opensles",          "value": "0"        },        {          "category": 4,          "name": "overlay-format",          "value": "842225234"        },        {          "category": 4,          "name": "framedrop",          "value": "1"        },        {          "category": 4,          "name": "soundtouch",          "value": "1"        },        {          "category": 4,          "name": "start-on-prepared",          "value": "1"        },        {          "category": 1,          "name": "http-detect-range-support",          "value": "0"        },        {          "category": 1,          "name": "fflags",          "value": "fastseek"        },        {          "category": 2,          "name": "skip_loop_filter",          "value": "48"        },        {          "category": 4,          "name": "reconnect",          "value": "1"        },        {          "category": 4,          "name": "max-buffer-size",          "value": "5242880"        },        {          "category": 4,          "name": "enable-accurate-seek",          "value": "0"        },        {          "category": 4,          "name": "mediacodec",          "value": "0"        },        {          "category": 4,          "name": "mediacodec-auto-rotate",          "value": "0"        },        {          "category": 4,          "name": "mediacodec-handle-resolution-change",          "value": "0"        },        {          "category": 4,          "name": "mediacodec-hevc",          "value": "0"        },        {          "category": 1,          "name": "dns_cache_timeout",          "value": "600000000"        }      ]    },    {      "group": "硬解码",      "options": [        {          "category": 4,          "name": "opensles",          "value": "0"        },        {          "category": 4,          "name": "overlay-format",          "value": "842225234"        },        {          "category": 4,          "name": "framedrop",          "value": "1"        },        {          "category": 4,          "name": "soundtouch",          "value": "1"        },        {          "category": 4,          "name": "start-on-prepared",          "value": "1"        },        {          "category": 1,          "name": "http-detect-range-support",          "value": "0"        },        {          "category": 1,          "name": "fflags",          "value": "fastseek"        },        {          "category": 2,          "name": "skip_loop_filter",          "value": "48"        },        {          "category": 4,          "name": "reconnect",          "value": "1"        },        {          "category": 4,          "name": "max-buffer-size",          "value": "5242880"        },        {          "category": 4,          "name": "enable-accurate-seek",          "value": "0"        },        {          "category": 4,          "name": "mediacodec",          "value": "1"        },        {          "category": 4,          "name": "mediacodec-auto-rotate",          "value": "1"        },        {          "category": 4,          "name": "mediacodec-handle-resolution-change",          "value": "1"        },        {          "category": 4,          "name": "mediacodec-hevc",          "value": "1"        },        {          "category": 1,          "name": "dns_cache_timeout",          "value": "600000000"        }      ]    }  ],  "ads": [    "wan.51img1.com",    "iqiyi.hbuioo.com",    "vip.ffzyad.com",    "https://lf1-cdn-tos.bytegoofy.com/obj/tos-cn-i-dy/455ccf9e8ae744378118e4bd289288dd",    "mimg.0c1q0l.cn",    "www.googletagmanager.com",    "www.google-analytics.com",    "mc.usihnbcq.cn",    "mg.g1mm3d.cn",    "mscs.svaeuzh.cn",    "cnzz.hhttm.top",    "tp.vinuxhome.com",    "cnzz.mmstat.com",    "www.baihuillq.com",    "s23.cnzz.com",    "z3.cnzz.com",    "c.cnzz.com",    "stj.v1vo.top",    "z12.cnzz.com",    "img.mosflower.cn",    "tips.gamevvip.com",    "ehwe.yhdtns.com",    "xdn.cqqc3.com",    "www.jixunkyy.cn",    "sp.chemacid.cn",    "hm.baidu.com",    "s9.cnzz.com",    "z6.cnzz.com",    "um.cavuc.com",    "mav.mavuz.com",    "wofwk.aoidf3.com",    "z5.cnzz.com",    "xc.hubeijieshikj.cn",    "tj.tianwenhu.com",    "xg.gars57.cn",    "k.jinxiuzhilv.com",    "cdn.bootcss.com",    "ppl.xunzhuo123.com",    "xomk.jiangjunmh.top",    "img.xunzhuo123.com",    "z1.cnzz.com",    "s13.cnzz.com",    "xg.huataisangao.cn",    "z7.cnzz.com",    "xg.huataisangao.cn",    "z2.cnzz.com",    "s96.cnzz.com",    "q11.cnzz.com",    "thy.dacedsfa.cn",    "xg.whsbpw.cn",    "s19.cnzz.com",    "z8.cnzz.com",    "s4.cnzz.com",    "f5w.as12df.top",    "ae01.alicdn.com",    "www.92424.cn",    "k.wudejia.com",    "vivovip.mmszxc.top",    "qiu.xixiqiu.com",    "cdnjs.hnfenxun.com",    "cms.qdwght.com"  ],  "wallpaper": "https://yydsys.top/bg.php",  "warningText": "👌🏻家庭接口完全免费，切勿付费购买。",  "spider": "./duo.jar;md5;de062a37a01ea422bd3d49f935f1c605"}