{spider:'https://ghproxy.com/https://raw.githubusercontent.com/tv-player/tvbox-line/main/box/jar/jybiiqmu.jar;md5;7299c83c6ee488b6051041d3f9a30488',lives:[{group:'redirect',channels:[{name:'live',urls:['proxy://do=live&type=txt&ext=aHR0cDovL2hvbWUuanVuZGllLnRvcDo4MS9DYXQvdHYvbGl2ZS50eHQ=']}]}],rules:[{host:'*',rule:['default.365yg.com']},{host:'dyxs20.com',rule:['.m3u8']},{host:'www.agemys.cc',rule:['cdn-tos','obj/tos-cn']},{host:'zjmiao.com',rule:['play.videomiao.vip/API.php','time=']}],sites:[{key:'360',name:'360',type:3,api:'csp_SP360',searchable:1,quickSearch:1,filterable:1},{key:'SPQQ',name:'QQ',type:3,api:'csp_QQ',searchable:1,quickSearch:1,filterable:1},{key:'SPIQY',name:'IQIYI',type:3,api:'csp_IQIYI',searchable:1,quickSearch:1,filterable:1},{key:'SPMGTV',name:'MGTV',type:3,api:'csp_MGTV',searchable:1,quickSearch:1,filterable:1},{key:'csp_xb_auete',name:'AUETE(R)',type:3,api:'csp_XBiu',searchable:1,quickSearch:1,filterable:0,ext:'https://ghproxy.com/https://raw.githubusercontent.com/tv-player/tvbox-line/main/box/ext/yp8n33yz.json'},{key:'csp_xb_lib',name:'LIB(R)',type:3,api:'csp_XBiu',searchable:1,quickSearch:1,filterable:0,ext:' https://www.libvio.me/type/{cateId}-{catePg}.html'},{key:'csp_xb_lgyy',name:'蓝光影院(R)',type:3,api:'csp_XBiu',searchable:1,quickSearch:1,filterable:0,ext:'https://lgyy.tv/vodshow/{cateId}--------{catePg}---.html'},{key:'csp_xb_jpys',name:'极品影视(R)',type:3,api:'csp_XBiu',searchable:1,quickSearch:1,filterable:0,ext:'https://www.jpys.me/vodshow/{cateId}--------{catePg}---.html'},{key:'csp_xb_zbk',name:'真不卡(R)',type:3,api:'csp_XBiu',searchable:1,quickSearch:1,filterable:0,ext:'https://www.zbkk.net/vodshow/{cateId}--------{catePg}---.html'},{key:'csp_xb_lez2',name:'乐猪(R)',type:3,api:'csp_XBiu',searchable:1,quickSearch:1,filterable:0,ext:'http://www.lezhutv.com/type/{cateId}-{datePg}.html'},{key:'csp_xb_5G',name:'5G(R)',type:3,api:'csp_XBiu',searchable:1,quickSearch:1,filterable:0,ext:'https://www.91dyy.tv/te/{cateId}-{catePg}.html'},{key:'csp_xb_9sha',name:'9杀(R)',type:3,api:'csp_XBiu',searchable:1,quickSearch:1,filterable:0,ext:'https://www.9sha.com/vodshow/{cateId}--------{catePg}---.html'},{key:'csp_xb_webdillo',name:'宝仙HD(R)',type:3,api:'csp_XBiu',searchable:1,quickSearch:1,filterable:0,ext:'https://webdillo.com/index.php/vod/show/id/{cateId}/page/{catePg}.html'},{key:'csp_xb_ysgc',name:'影视工厂(R)',type:3,api:'csp_XBiu',searchable:1,quickSearch:1,filterable:0,ext:'https://www.ysgc.fun/vodtype/{cateId}-{catePg}.html'},{key:'csp_xb_cokemv',name:'cokemv(R)',type:3,api:'csp_XBiu',searchable:1,quickSearch:1,filterable:0,ext:'https://cokemv.me/vodshow/{cateId}--------{catePg}---.html'},{key:'csp_XBiu_REPEN',name:'RENPE┃R',type:3,api:'csp_XBiu',searchable:1,quickSearch:1,filterable:1,ext:'https://mac.rp123.top/vodshow/{cateId}--------{catePg}---/'},{key:'drpy_js_360影视',name:'360影视[DRPY]',type:3,api:'http://home.jundie.top:666/JS/dr_py/libs/drpy.js',ext:'http://home.jundie.top:666/JS/dr_py/js/360影视.js'},{key:'csp_xBPQ_爱看影视',name:'xBPQ | 爱看影视',type:3,api:'csp_xBPQ',searchable:1,quickSearch:1,filterable:0,ext:'{"免嗅":"0","播放标题":"span>&&<","播放数组":"class=\\"myui-content&&</ul>","分类url":"https://ikan6.vip/vodshow/{cateId}--------{catePg}---/"}'},{key:'csp_xBiu_爱看影视',name:'xBiu | 爱看影视',type:3,api:'csp_XBiu',searchable:1,quickSearch:1,filterable:0,ext:'https://ikan6.vip/vodshow/{cateId}--------{catePg}---/'},{key:'csp_xBPQ_花猫',name:'️XBPQ | 花猫tv',type:3,api:'csp_xBPQ',searchable:1,quickSearch:1,filterable:0,ext:'副标题$class="pic-text">&&</span>//线路数组$/span><h3 class="title&&/h3>//搜索后缀$/detail///播放数组$class="stui-content__playlist&&</div>//分类url$http://www.huamaotv.com/type/{cateId}-{catePg}.html'},{key:'csp_xBPQ_巨人影院',name:'巨人影院(xBPQ)',type:3,api:'csp_xBPQ',searchable:1,quickSearch:1,filterable:0,ext:'{"免嗅":"0","播放数组":"<ul class=\\"hl-plays-list&&/ul>","分类":"电影$1//电视剧$2//综艺$4//动漫$3//动画片$6","分类url":"https://www.jurenm.com/vodtype/{cateId}/page/{catePg}.html"}'},{key:'奇粹影视',name:'️奇粹影视',type:3,api:'csp_xBPQ',searchable:1,quickSearch:1,filterable:0,ext:'{"分类url":"http://www.blssv.com/index.php/vod/show/id/{cateId}/page/{catePg}.html","数组":"class=\\"module-item-pic&&</div>","线路数组": "class=\\"module-tab-item tab-item&&</div>","线路标题": "span>&&<[替换:多多广告>>免嗅秒播]","免嗅": "0","分类":"电影$20//连续剧$21//动漫$22//海外$23//综艺$24","播放数组":"class=\\"sort-item&&</div>","播放列表": "<a&&/a>[不含序号:2]","简介": "剧情：&&</p>","搜索后缀":"/vod/detail/id/"}'},{key:'饭团影院',name:'️饭团影院(XB)',type:3,api:'csp_xBPQ',searchable:1,quickSearch:1,filterable:0,ext:'{"免嗅":"0","副标题":"<p class=\\"tc_wz\\">&&</p>","线路二次截取":"con_c2_title swiper-wrapper&&</ul>","线路数组":"<a href=\\"javascript:void(0);\\"&&/a>","播放数组":"class=\\"con_c2_list\\">&&</ul>","搜索后缀":"/v/","分类url":"https://www.fantuantva.com/s/{cateId}/area/{area}/by/{by}/letter/{letter}/page/{catePg}/year/{year}.html","年份":"2000-2022","筛选":"1"}'},{key:'csp_xBPQ_98影院',name:'98影院',type:3,api:'csp_xBPQ',searchable:1,quickSearch:1,filterable:0,ext:'{"免嗅":"0","副标题":"right\\">&&</span>","播放标题":">&&</a>","播放数组":"<ul class=\\"stui-content__playlist&&</ul>","线路数组": "<img src=&&/h3>","线路标题": ">&&<","分类url":"http://www.98ju.com/{cateId}/index{catePg}.html[http://www.98ju.com/{cateId}/index.html]","分类":"电影$dianyingpian//电视剧$dianshiju//综艺$zongyi//动漫$dongman","类型":"dianyingpian--动作片$dongzuopian//爱情片$aiqingpian//科幻片$kehuanpian//恐怖片$kongbupian//战争片$zhanzhengpian//喜剧片$xijupian//纪录片$jilupian//剧情片$juqingpian||dianshiju--国产剧$guochanju//港台剧$gangtaiju//日韩剧$rihanju//欧美剧$oumeiju]","地区":"0","剧情":"0","年份":"0","排序":"0","筛选":"1"}'},{key:'csp_xBPQ_DOUYIN',name:'短视频',type:3,api:'csp_xBPQ',searchable:1,quickSearch:1,filterable:0,ext:'{\n"分类url": "http://www.sharenice.net/{cateId}?page={catePg}",\n"分类": "抖音$douyin//快手$kuaishou//微视$weishi//场库$changku//美拍$meipai//秒拍$miaopai//全民$quanmin//梨$lishipin//好兔$haotu//开眼$kaiyan",\n"链接": "http://www.sharenice.net&&\\"",\n"直接播放": "1"\n}'},{key:'Gitcafe',name:'小纸条(新)',type:3,api:'csp_Gitcafe',searchable:1,playerType:1,quickSearch:1,filterable:1},{key:'找资源',name:'找资源',type:3,api:'csp_Zhaozy',searchable:1,playerType:1,quickSearch:1,filterable:1},{key:'upyunsou',name:'Up云搜',type:3,api:'csp_Upyunso',searchable:1,quickSearch:1,playerType:1,filterable:0},{key:'yisou',name:'宜搜',type:3,api:'csp_Yisou',searchable:1,quickSearch:1,playerType:1,filterable:0},{key:'AliPS',name:'AliPS',type:3,api:'csp_AliPS',searchable:1,playerType:1,quickSearch:1,filterable:1},{key:'push_agent',name:'推送',type:3,api:'csp_PushAgent',searchable:1,quickSearch:1,playerType:1,filterable:1,ext:''}],parses:[{name:'Web聚合',type:3,url:'Web'},{name:'Json聚合',type:3,url:'Demo'},{name:'xmflv',type:0,url:'https://jx.xmflv.com/?url='},{name:'freejson',type:0,url:'https://h5.freejson.xyz/player/?url='},{name:'365',type:0,url:'https://chaxun.truechat365.com/?url=',ext:{flag:['qq','腾讯','qiyi','iqiyi','爱奇艺','奇艺','youku','优酷','mgtv','芒果','letv','乐视','pptv','PPTV','sohu','bilibili','哔哩哔哩','哔哩']}},{name:'parwix稳定',type:0,url:'https://jx.bozrc.com:4433/player/?url=',ext:{flag:['qq','腾讯','qiyi','iqiyi','爱奇艺','奇艺','youku','优酷','mgtv','芒果','letv','乐视','pptv','PPTV','sohu','bilibili','哔哩哔哩','哔哩']}},{name:'parwix1',type:0,url:'https://jx.parwix.com:4433/player/?url=',ext:{flag:['qq','腾讯','qiyi','iqiyi','爱奇艺','奇艺','youku','优酷','mgtv','芒果','letv','乐视','pptv','PPTV','sohu','bilibili','哔哩哔哩','哔哩']}},{name:'parwix2',type:0,url:'https://jx.parwix.com:4433/player/analysis.php?v=',ext:{flag:['qq','腾讯','qiyi','iqiyi','爱奇艺','奇艺','youku','优酷','mgtv','芒果','letv','乐视','pptv','PPTV','sohu','bilibili','哔哩哔哩','哔哩']}},{name:'夜幕',type:0,url:'https://www.yemu.xyz/?url=',ext:{flag:['qq','腾讯','qiyi','iqiyi','爱奇艺','奇艺','youku','优酷','mgtv','芒果','letv','乐视','pptv','PPTV','sohu','bilibili','哔哩哔哩','哔哩']}},{name:'8090',url:'https://www.8090g.cn/?url='},{name:'油果',type:1,url:'http://json.youguo520.top/fufeng/?url=',ext:{flag:['qq','腾讯','qiyi','iqiyi','爱奇艺','奇艺','youku','优酷','mgtv','芒果','letv','乐视','pptv','PPTV','sohu','bilibili','哔哩哔哩','哔哩'],header:{'User-Agent':'Dart/2.14 (dart:io)'}}},{name:'懒懒1',type:1,url:'http://123.57.56.94:9931/lanlan/?url='},{name:'EXO',type:0,url:'https://rx.69mj.com/?url=',ext:{flag:['rx','qq','腾讯','qiyi','爱奇艺','奇艺','youku','优酷','mgtv','芒果']}},{name:'懒懒2',type:1,url:'http://lanlan.ckflv.cn/?url=',ext:{flag:['qiyi','qq','letv','sohu','youku','mgtv','bilibili','wasu','xigua','1905']}},{name:'parwix',type:0,url:'https://jx.parwix.com:4433/player/?url='}],flags:['youku','qq','iqiyi','qiyi','letv','sohu','tudou','pptv','mgtv','wasu','bilibili','renrenmi'],ijk:[{group:'软解码',options:[{category:4,name:'opensles',value:'0'},{category:4,name:'overlay-format',value:'842225234'},{category:4,name:'framedrop',value:'1'},{category:4,name:'soundtouch',value:'1'},{category:4,name:'start-on-prepared',value:'1'},{category:1,name:'http-detect-range-support',value:'0'},{category:1,name:'fflags',value:'fastseek'},{category:2,name:'skip_loop_filter',value:'48'},{category:4,name:'reconnect',value:'1'},{category:4,name:'enable-accurate-seek',value:'0'},{category:4,name:'mediacodec',value:'0'},{category:4,name:'mediacodec-auto-rotate',value:'0'},{category:4,name:'mediacodec-handle-resolution-change',value:'0'},{category:4,name:'mediacodec-hevc',value:'0'},{category:1,name:'dns_cache_timeout',value:'600000000'}]},{group:'硬解码',options:[{category:4,name:'opensles',value:'0'},{category:4,name:'overlay-format',value:'842225234'},{category:4,name:'framedrop',value:'1'},{category:4,name:'soundtouch',value:'1'},{category:4,name:'start-on-prepared',value:'1'},{category:1,name:'http-detect-range-support',value:'0'},{category:1,name:'fflags',value:'fastseek'},{category:2,name:'skip_loop_filter',value:'48'},{category:4,name:'reconnect',value:'1'},{category:4,name:'enable-accurate-seek',value:'0'},{category:4,name:'mediacodec',value:'1'},{category:4,name:'mediacodec-auto-rotate',value:'1'},{category:4,name:'mediacodec-handle-resolution-change',value:'1'},{category:4,name:'mediacodec-hevc',value:'1'},{category:1,name:'dns_cache_timeout',value:'600000000'}]}],ads:['mimg.0c1q0l.cn','www.googletagmanager.com','www.google-analytics.com','mc.usihnbcq.cn','mg.g1mm3d.cn','mscs.svaeuzh.cn','cnzz.hhttm.top','tp.vinuxhome.com','cnzz.mmstat.com','www.baihuillq.com','s23.cnzz.com','z3.cnzz.com','c.cnzz.com','stj.v1vo.top','z12.cnzz.com','img.mosflower.cn','tips.gamevvip.com','ehwe.yhdtns.com','xdn.cqqc3.com','www.jixunkyy.cn','sp.chemacid.cn','hm.baidu.com','s9.cnzz.com','z6.cnzz.com','um.cavuc.com','mav.mavuz.com','wofwk.aoidf3.com','z5.cnzz.com','xc.hubeijieshikj.cn','tj.tianwenhu.com','xg.gars57.cn','k.jinxiuzhilv.com','cdn.bootcss.com','ppl.xunzhuo123.com','xomk.jiangjunmh.top','img.xunzhuo123.com','z1.cnzz.com','s13.cnzz.com','xg.huataisangao.cn','z7.cnzz.com','xg.huataisangao.cn','z2.cnzz.com','s96.cnzz.com','q11.cnzz.com','thy.dacedsfa.cn','xg.whsbpw.cn','s19.cnzz.com','z8.cnzz.com','s4.cnzz.com','f5w.as12df.top','ae01.alicdn.com','www.92424.cn','k.wudejia.com','vivovip.mmszxc.top','qiu.xixiqiu.com','cdnjs.hnfenxun.com','cms.qdwght.com']}