{
"ua": "Mozilla/5.0 (Android 12; Mobile; rv:68.0) Gecko/68.0 Firefox/99.0",
"homeUrl": "https://4k电影.com",
"dcVipFlag": "true",
"pCfgJs": "https://4k电影.com/static/js/playerconfig.js",
"pCfgJsR": "[\\W|\\S|.]*?MacPlayerConfig.player_list[\\W|\\S|.]*?=([\\W|\\S|.]*?),MacPlayerConfig.downer_list",
"dcShow2Vip": {},
"dcPlayUrl": "true",
"cateManual": {
"电影": "dianying",
"剧集": "dianshiju",
"动漫": "dongman",
"综艺": "zongyi"
},
"homeVodNode": "//div[@class='module-item']",
"homeVodName": "//div[@class='module-item-pic']/a/@title",
"homeVodId": "//div[@class='module-item-pic']/a/@href",
"homeVodIdR": "/v/(\\w+).html",
"homeVodImg": "//div[@class='module-item-pic']/img/@data-src",
"homeVodImgR": "\\S+(http\\S+)",
"homeVodMark": "//div[@class='module-item-text']/text()",
"cateUrl": "https://4k电影.com/vodshow/{cateId}-{area}-{by}-{catelog}-----{catePg}---{year}.html",
"cateVodNode": "//div[@class='module-item']",
"cateVodName": "//div[@class='module-item-pic']/a/@title",
"cateVodId": "//div[@class='module-item-pic']/a/@href",
"cateVodIdR": "/v/(\\w+).html",
"cateVodImg": "//div[@class='module-item-pic']/img/@data-src",
"cateVodImgR": "\\S+(http\\S+)",
"cateVodMark": "//div[@class='module-item-text']/text()",
"dtUrl": "https://4k电影.com/v/{vid}.html",
"dtNode": "//div[contains(@class, 'box view-heading')]",
"dtName": "//div[@class='video-cover']//div[@class='module-item-pic']/img/@alt",
"dtNameR": "",
"dtImg": "//div[@class='video-cover']//div[@class='module-item-pic']/img/@data-src",
"dtImgR": "\\S+(http\\S+)",
"dtCate": "//div[@class='tag-link']/span[@class='slash']/a/text()",
"dtCateR": "",
"dtArea": "//a[contains(@class,'tag-link')][3]/text()",
"dtAreaR": "",
"dtDirector": "//span[contains(@class,'video-info-itemtitle') and contains(text(), '导演')]/following-sibling::div/span/following-sibling::*/text()",
"dtDirectorR": "",
"dtActor": "//span[contains(@class,'video-info-itemtitle') and contains(text(), '主演')]/following-sibling::div/span/following-sibling::*/text()",
"dtActorR": "",
"dtYear": "//a[contains(@class,'tag-link')]/text()",
"dtYearR": "",
"dtMark": "//span[contains(@class,'video-info-itemtitle') and contains(text(), '集数')]/following-sibling::div/span/following-sibling::*/text()",
"dtMarkR": "",
"dtDesc": "//div[contains(@class,'video-info-item video-info-content vod_content')]/span/text()",
"dtDescR": "",
"dtFromNode": "//div[contains(@class, 'module-tab-content')]/div[contains(@class, 'module-tab-item')]/span",
"dtFromName": "/text()",
"dtUrlNode": "//div[contains(@class, 'module-blocklist')]",
"dtUrlSubNode": "/div/a",
"dtUrlId": "/@href",
"dtUrlIdR": "/p/(\\S+).html",
"dtUrlName": "/span/text()",
"playUrl": "https://4k电影.com/p/{playUrl}.html",
"searchUrl": "https://4k电影.com/index.php/ajax/suggest?mid=1&wd={wd}&limit=10",
"scVodNode": "json:list",
"scVodName": "name",
"scVodId": "id",
"scVodIdR": "",
"scVodImg": "pic",
"scVodMark": "",
"filter": {
"dianying": [
{
"key": "catelog",
"name": "類型",
"value": [
{
"n": "全部",
"v": ""
},
{
"n": "院线",
"v": "院线"
},
{
"n": "喜剧",
"v": "喜剧"
},
{
"n": "爱情",
"v": "爱情"
},
{
"n": "恐怖",
"v": "恐怖"
},
{
"n": "动作",
"v": "动作"
},
{
"n": "科幻",
"v": "科幻"
},
{
"n": "剧情",
"v": "剧情"
},
{
"n": "战争",
"v": "战争"
},
{
"n": "警匪",
"v": "警匪"
},
{
"n": "犯罪",
"v": "犯罪"
},
{
"n": "动画",
"v": "动画"
},
{
"n": "奇幻",
"v": "奇幻"
},
{
"n": "武侠",
"v": "武侠"
},
{
"n": "冒险",
"v": "冒险"
},
{
"n": "枪战",
"v": "枪战"
},
{
"n": "恐怖",
"v": "恐怖"
},
{
"n": "悬疑",
"v": "悬疑"
},
{
"n": "惊悚",
"v": "惊悚"
},
{
"n": "经典",
"v": "经典"
},
{
"n": "青春",
"v": "青春"
},
{
"n": "文艺",
"v": "文艺"
},
{
"n": "微电影",
"v": "微电影"
},
{
"n": "古装",
"v": "古装"
},
{
"n": "历史",
"v": "历史"
},
{
"n": "运动",
"v": "运动"
},
{
"n": "农村",
"v": "农村"
},
{
"n": "儿童",
"v": "儿童"
},
{
"n": "网络电影",
"v": "网络电影"
}
]
},
{
"key": "area",
"name": "地区",
"value": [
{
"n": "全部",
"v": ""
},
{
"n": "大陆",
"v": "大陆"
},
{
"n": "美国",
"v": "美国"
},
{
"n": "日本",
"v": "日本"
},
{
"n": "韩国",
"v": "韩国"
},
{
"n": "香港",
"v": "香港"
},
{
"n": "台湾",
"v": "台湾"
},
{
"n": "法国",
"v": "法国"
},
{
"n": "英国",
"v": "英国"
},
{
"n": "德国",
"v": "德国"
},
{
"n": "泰国",
"v": "泰国"
},
{
"n": "印度",
"v": "印度"
},
{
"n": "意大利",
"v": "意大利"
},
{
"n": "西班牙",
"v": "西班牙"
},
{
"n": "加拿大",
"v": "加拿大"
},
{
"n": "其他",
"v": "其他"
}
]
},
{
"key": "year",
"name": "年份",
"value": [
{
"n": "全部",
"v": ""
},
{
"n": "2022",
"v": "2022"
},
{
"n": "2021",
"v": "2021"
},
{
"n": "2020",
"v": "2020"
},
{
"n": "2019",
"v": "2019"
},
{
"n": "2018",
"v": "2018"
},
{
"n": "2017",
"v": "2017"
},
{
"n": "2016",
"v": "2016"
},
{
"n": "2015",
"v": "2015"
},
{
"n": "2014",
"v": "2014"
},
{
"n": "2013",
"v": "2013"
},
{
"n": "2012",
"v": "2012"
},
{
"n": "2011",
"v": "2011"
},
{
"n": "2010",
"v": "2010"
}
]
},
{
"key": "by",
"name": "排序",
"value": [
{
"n": "時間",
"v": "time"
},
{
"n": "人氣",
"v": "hits"
},
{
"n": "評分",
"v": "score"
}
]
}
],
"dianshiju": [
{
"key": "catelog",
"name": "類型",
"value": [
{
"n": "全部",
"v": ""
},
{
"n": "古装",
"v": "古装"
},
{
"n": "战争",
"v": "战争"
},
{
"n": "青春",
"v": "青春"
},
{
"n": "偶像",
"v": "偶像"
},
{
"n": "喜剧",
"v": "喜剧"
},
{
"n": "家庭",
"v": "家庭"
},
{
"n": "犯罪",
"v": "犯罪"
},
{
"n": "动作",
"v": "动作"
},
{
"n": "奇幻",
"v": "奇幻"
},
{
"n": "剧情",
"v": "剧情"
},
{
"n": "历史",
"v": "历史"
},
{
"n": "经典",
"v": "经典"
},
{
"n": "纪录",
"v": "纪录"
},
{
"n": "其他",
"v": "其他"
}
]
},
{
"key": "area",
"name": "地区",
"value": [
{
"n": "全部",
"v": ""
},
{
"n": "大陆",
"v": "大陆"
},
{
"n": "韩国",
"v": "韩国"
},
{
"n": "日本",
"v": "日本"
},
{
"n": "美国",
"v": "美国"
},
{
"n": "香港",
"v": "香港"
},
{
"n": "台湾",
"v": "台湾"
},
{
"n": "泰国",
"v": "泰国"
},
{
"n": "英国",
"v": "英国"
},
{
"n": "新加坡",
"v": "新加坡"
},
{
"n": "其他",
"v": "其他"
}
]
},
{
"key": "year",
"name": "年份",
"value": [
{
"n": "全部",
"v": ""
},
{
"n": "2022",
"v": "2022"
},
{
"n": "2021",
"v": "2021"
},
{
"n": "2020",
"v": "2020"
},
{
"n": "2019",
"v": "2019"
},
{
"n": "2018",
"v": "2018"
},
{
"n": "2017",
"v": "2017"
},
{
"n": "2016",
"v": "2016"
},
{
"n": "2015",
"v": "2015"
},
{
"n": "2014",
"v": "2014"
},
{
"n": "2013",
"v": "2013"
},
{
"n": "2012",
"v": "2012"
},
{
"n": "2011",
"v": "2011"
},
{
"n": "2010",
"v": "2010"
},
{
"n": "2009",
"v": "2009"
},
{
"n": "2008",
"v": "2008"
},
{
"n": "2006",
"v": "2006"
},
{
"n": "2005",
"v": "2005"
},
{
"n": "2004",
"v": "2004"
}
]
},
{
"key": "by",
"name": "排序",
"value": [
{
"n": "時間",
"v": "time"
},
{
"n": "人氣",
"v": "hits"
},
{
"n": "評分",
"v": "score"
}
]
}
],
"dongman": [
{
"key": "catelog",
"name": "類型",
"value": [
{
"n": "全部",
"v": ""
},
{
"n": "奇幻",
"v": "奇幻"
},
{
"n": "科幻",
"v": "科幻"
},
{
"n": "热血",
"v": "热血"
},
{
"n": "推理",
"v": "推理"
},
{
"n": "搞笑",
"v": "搞笑"
},
{
"n": "冒险",
"v": "冒险"
},
{
"n": "校园",
"v": "校园"
},
{
"n": "动作",
"v": "动作"
},
{
"n": "机战",
"v": "机战"
},
{
"n": "原创",
"v": "原创"
},
{
"n": "亲子",
"v": "亲子"
},
{
"n": "益智",
"v": "益智"
},
{
"n": "励志",
"v": "励志"
},
{
"n": "其他",
"v": "其他"
}
]
},
{
"key": "area",
"name": "地区",
"value": [
{
"n": "全部",
"v": ""
},
{
"n": "大陆",
"v": "大陆"
},
{
"n": "韩国",
"v": "韩国"
},
{
"n": "香港",
"v": "香港"
},
{
"n": "台湾",
"v": "台湾"
},
{
"n": "日本",
"v": "日本"
},
{
"n": "美国",
"v": "美国"
},
{
"n": "泰国",
"v": "泰国"
},
{
"n": "英国",
"v": "英国"
},
{
"n": "新加坡",
"v": "新加坡"
},
{
"n": "其他",
"v": "其他"
}
]
},
{
"key": "year",
"name": "年份",
"value": [
{
"n": "全部",
"v": ""
},
{
"n": "2022",
"v": "2022"
},
{
"n": "2021",
"v": "2021"
},
{
"n": "2020",
"v": "2020"
},
{
"n": "2019",
"v": "2019"
},
{
"n": "2018",
"v": "2018"
},
{
"n": "2017",
"v": "2017"
},
{
"n": "2016",
"v": "2016"
},
{
"n": "2015",
"v": "2015"
},
{
"n": "2014",
"v": "2014"
},
{
"n": "2013",
"v": "2013"
},
{
"n": "2012",
"v": "2012"
},
{
"n": "2011",
"v": "2011"
},
{
"n": "2010",
"v": "2010"
},
{
"n": "2009",
"v": "2009"
},
{
"n": "2008",
"v": "2008"
},
{
"n": "2007",
"v": "2007"
},
{
"n": "2006",
"v": "2006"
},
{
"n": "2005",
"v": "2005"
},
{
"n": "2004",
"v": "2004"
}
]
},
{
"key": "by",
"name": "排序",
"value": [
{
"n": "時間",
"v": "time"
},
{
"n": "人氣",
"v": "hits"
},
{
"n": "評分",
"v": "score"
}
]
}
],
"zongyi": [
{
"key": "catelog",
"name": "類型",
"value": [
{
"n": "全部",
"v": ""
},
{
"n": "选秀",
"v": "选秀"
},
{
"n": "情感",
"v": "情感"
},
{
"n": "访谈",
"v": "访谈"
},
{
"n": "播报",
"v": "播报"
},
{
"n": "旅游",
"v": "旅游"
},
{
"n": "音乐",
"v": "音乐"
},
{
"n": "美食",
"v": "美食"
},
{
"n": "纪实",
"v": "纪实"
},
{
"n": "曲艺",
"v": "曲艺"
},
{
"n": "生活",
"v": "生活"
},
{
"n": "游戏互动",
"v": "游戏互动"
},
{
"n": "财经",
"v": "财经"
},
{
"n": "求职",
"v": "求职"
}
]
},
{
"key": "area",
"name": "地区",
"value": [
{
"n": "全部",
"v": ""
},
{
"n": "大陆",
"v": "大陆"
},
{
"n": "韩国",
"v": "韩国"
},
{
"n": "香港",
"v": "香港"
},
{
"n": "台湾",
"v": "台湾"
},
{
"n": "日本",
"v": "日本"
},
{
"n": "美国",
"v": "美国"
},
{
"n": "泰国",
"v": "泰国"
},
{
"n": "英国",
"v": "英国"
},
{
"n": "新加坡",
"v": "新加坡"
},
{
"n": "其他",
"v": "其他"
}
]
},
{
"key": "year",
"name": "年份",
"value": [
{
"n": "全部",
"v": ""
},
{
"n": "2022",
"v": "2022"
},
{
"n": "2021",
"v": "2021"
},
{
"n": "2020",
"v": "2020"
},
{
"n": "2019",
"v": "2019"
},
{
"n": "2018",
"v": "2018"
},
{
"n": "2017",
"v": "2017"
},
{
"n": "2016",
"v": "2016"
},
{
"n": "2015",
"v": "2015"
},
{
"n": "2014",
"v": "2014"
},
{
"n": "2013",
"v": "2013"
},
{
"n": "2012",
"v": "2012"
},
{
"n": "2011",
"v": "2011"
},
{
"n": "2010",
"v": "2010"
},
{
"n": "2009",
"v": "2009"
},
{
"n": "2008",
"v": "2008"
},
{
"n": "2006",
"v": "2006"
},
{
"n": "2005",
"v": "2005"
},
{
"n": "2004",
"v": "2004"
}
]
},
{
"key": "by",
"name": "排序",
"value": [
{
"n": "時間",
"v": "time"
},
{
"n": "人氣",
"v": "hits"
},
{
"n": "評分",
"v": "score"
}
]
}
]
}
}
