{
"ua": "",
"homeUrl": "https://nmdvd.top",
"cateNode": "//div[@class='nav_c']",
"cateName": "//a[contains(@href,'/vod-type-id')]/text()",
"cateId": "//a[contains(@href,'/vod-type-id')]/@href",
"cateIdR": "vod-type-id-(\\d+)-pg-1.html",
"cateManual": {
"电影": "1",
"电视剧": "2",
"综艺": "3",
"动漫": "4"
},
"homeVodNode": "//ul[contains(@id,'index_tt')]/li/a[@class='b_a']",
"homeVodName": "/@title",
"homeVodNameR": "",
"homeVodId": "/@href",
"homeVodIdR": "/vod-detail-id-(\\w+).html",
"homeVodImg": "/img/@src",
"homeVodImgR": "",
"homeVodMark": "/font/text()",
"homeVodMarkR": "",
"cateUrl": "https://nmdvd.top/vod-list-id-{cateId}-pg-{catePg}-order--by-{by}-class--year-{year}-letter--area-{area}-lang-.html",
"cateVodNode": "//ul[@class='list_01 list_01_03_02']/li/a[@class='b_a']",
"cateVodName": "/@title",
"cateVodId": "/@href",
"cateVodIdR": "/vod-detail-id-(\\w+).html",
"cateVodImg": "/img/@src",
"cateVodMark": "/font/text()",
"dtUrl": "https://nmdvd.top/vod-detail-id-{vid}.html",
"dtNode": "//div[@class='g_box_02']",
"dtName": "/div[@class='content_01 content_01_bg delay-h']/div[@class='video_tv_cont_01']/div[@class='cont']/div[@class='rig']/div[@class='fen']/h1/text()",
"dtNameR": "",
"dtImg": "/div[@class='content_01 content_01_bg delay-h']/div[@class='video_tv_cont_01']/div[@class='cont']/div[@class='lef']/img/@src",
"dtImgR": "",
"dtCate": "/div[@class='content_01 content_01_bg delay-h']/div[@class='video_tv_cont_01']/div[@class='cont']/div[@class='rig']/div[@class='lef-sort']/div[@class='d_z_y'][3]/font/a/text()",
"dtCateR": "",
"dtYear": "/div[@class='content_01 content_01_bg delay-h']/div[@class='video_tv_cont_01']/div[@class='cont']/div[@class='rig']/div[@class='lef-sort']/div[@class='d_z_y'][6]/font/a/text()",
"dtYearR": "",
"dtArea": "",
"dtAreaR": "",
"dtMark": "",
"dtMarkR": "",
"dtActor": "/div[@class='content_01 content_01_bg delay-h']/div[@class='video_tv_cont_01']/div[@class='cont']/div[@class='rig']/div[@class='lef-sort']/div[@class='d_z_y'][2]/font/a/text()",
"dtActorR": "",
"dtDirector": "/div[@class='content_01 content_01_bg delay-h']/div[@class='video_tv_cont_01']/div[@class='cont']/div[@class='rig']/div[@class='lef-sort']/div[@class='d_z_y'][1]/font/a/text()",
"dtDirectorR": "",
"dtDesc": "/div[@class='new-left']/div[@class='content_01 content_01_bg']/ul[@class='list_06']/div[@class='jjie']",
"dtDescR": "",
"dtFromNode": "//div[@class='block_ku clear']",
"dtFromName": "/div[@class='soybox']/h2/span/text()",
"dtFromNameR": "",
"dtUrlNode": "//div[@class='soyurl']",
"dtUrlSubNode": "/ul/li/a",
"dtUrlId": "@href",
"dtUrlIdR": "/(\\S+).html",
"dtUrlName": "/text()",
"dtUrlNameR": "",
"playUrl": "https://nmdvd.top/{playUrl}.html",
"playUa": "",
"searchUrl": "https://nmdvd.top/index.php?m=vod-search&wd={wd}",
"scVodNode": "//ul[@class='list_01 list_01_03_02']/li/a",
"scVodName": "/@title",
"scVodId": "/@href",
"scVodIdR": "/vod-detail-id-(\\w+).html",
"scVodImg": "/img/@src",
"scVodMark": "/font/text()",
"filter": {
"1": [
{
"name": "类型",
"key": "cateId",
"value": [
{
"n": "全部",
"v": "1"
},
{
"n": "动作片",
"v": "5"
},
{
"n": "喜剧片",
"v": "6"
},
{
"n": "爱情片",
"v": "7"
},
{
"n": "科幻片",
"v": "8"
},
{
"n": "恐怖片",
"v": "9"
},
{
"n": "剧情片",
"v": "10"
},
{
"n": "战争片",
"v": "11"
},
{
"n": "惊悚片",
"v": "16"
},
{
"n": "奇幻片",
"v": "17"
}
]
},
{
"name": "年份",
"key": "year",
"value": [
{
"n": "全部",
"v": ""
},
{
"n": "2022",
"v": "2022"
},
{
"n": "2021",
"v": "2021"
},
{
"n": "2020",
"v": "2020"
},
{
"n": "2019",
"v": "2019"
},
{
"n": "2018",
"v": "2018"
},
{
"n": "2017",
"v": "2017"
},
{
"n": "2016",
"v": "2016"
},
{
"n": "2015",
"v": "2015"
},
{
"n": "2014",
"v": "2014"
},
{
"n": "2013",
"v": "2013"
},
{
"n": "2012",
"v": "2012"
},
{
"n": "2011",
"v": "2011"
},
{
"n": "2010",
"v": "2010"
}
]
},
{
"name": "地区",
"key": "area",
"value": [
{
"n": "全部",
"v": ""
},
{
"n": "大陆",
"v": "大陆"
},
{
"n": "香港",
"v": "香港"
},
{
"n": "台湾",
"v": "台湾"
},
{
"n": "美国",
"v": "美国"
},
{
"n": "韩国",
"v": "韩国"
},
{
"n": "日本",
"v": "日本"
},
{
"n": "泰国",
"v": "泰国"
},
{
"n": "新加坡",
"v": "新加坡"
},
{
"n": "马来西亚",
"v": "马来西亚"
},
{
"n": "印度",
"v": "印度"
},
{
"n": "英国",
"v": "英国"
},
{
"n": "法国",
"v": "法国"
},
{
"n": "加拿大",
"v": "加拿大"
}
]
},
{
"name": "排序",
"key": "by",
"value": [
{
"n": "全部",
"v": ""
},
{
"n": "时间",
"v": "time"
},
{
"n": "人气",
"v": "hits"
},
{
"n": "评分",
"v": "score"
}
]
}
],
"2": [
{
"name": "类型",
"key": "cateId",
"value": [
{
"n": "全部",
"v": "2"
},
{
"n": "国产剧",
"v": "12"
},
{
"n": "港台剧",
"v": "13"
},
{
"n": "日韩剧",
"v": "14"
},
{
"n": "欧美剧",
"v": "15"
}
]
},
{
"name": "年份",
"key": "year",
"value": [
{
"n": "全部",
"v": ""
},
{
"n": "2022",
"v": "2022"
},
{
"n": "2021",
"v": "2021"
},
{
"n": "2020",
"v": "2020"
},
{
"n": "2019",
"v": "2019"
},
{
"n": "2018",
"v": "2018"
},
{
"n": "2017",
"v": "2017"
},
{
"n": "2016",
"v": "2016"
},
{
"n": "2015",
"v": "2015"
},
{
"n": "2014",
"v": "2014"
},
{
"n": "2013",
"v": "2013"
},
{
"n": "2012",
"v": "2012"
},
{
"n": "2011",
"v": "2011"
},
{
"n": "2010",
"v": "2010"
}
]
},
{
"name": "地区",
"key": "area",
"value": [
{
"n": "全部",
"v": ""
},
{
"n": "大陆",
"v": "大陆"
},
{
"n": "香港",
"v": "香港"
},
{
"n": "台湾",
"v": "台湾"
},
{
"n": "美国",
"v": "美国"
},
{
"n": "韩国",
"v": "韩国"
},
{
"n": "日本",
"v": "日本"
},
{
"n": "泰国",
"v": "泰国"
},
{
"n": "新加坡",
"v": "新加坡"
},
{
"n": "马来西亚",
"v": "马来西亚"
},
{
"n": "印度",
"v": "印度"
},
{
"n": "英国",
"v": "英国"
},
{
"n": "法国",
"v": "法国"
},
{
"n": "加拿大",
"v": "加拿大"
}
]
},
{
"name": "排序",
"key": "by",
"value": [
{
"n": "全部",
"v": ""
},
{
"n": "时间",
"v": "time"
},
{
"n": "人气",
"v": "hits"
},
{
"n": "评分",
"v": "score"
}
]
}
],
"3": [
{
"name": "类型",
"key": "cateId",
"value": [
{
"n": "全部",
"v": "3"
}
]
},
{
"name": "年份",
"key": "year",
"value": [
{
"n": "全部",
"v": ""
},
{
"n": "2022",
"v": "2022"
},
{
"n": "2021",
"v": "2021"
},
{
"n": "2020",
"v": "2020"
},
{
"n": "2019",
"v": "2019"
},
{
"n": "2018",
"v": "2018"
},
{
"n": "2017",
"v": "2017"
},
{
"n": "2016",
"v": "2016"
},
{
"n": "2015",
"v": "2015"
},
{
"n": "2014",
"v": "2014"
},
{
"n": "2013",
"v": "2013"
},
{
"n": "2012",
"v": "2012"
},
{
"n": "2011",
"v": "2011"
},
{
"n": "2010",
"v": "2010"
}
]
},
{
"name": "地区",
"key": "area",
"value": [
{
"n": "全部",
"v": ""
},
{
"n": "大陆",
"v": "大陆"
},
{
"n": "香港",
"v": "香港"
},
{
"n": "台湾",
"v": "台湾"
},
{
"n": "美国",
"v": "美国"
},
{
"n": "韩国",
"v": "韩国"
},
{
"n": "日本",
"v": "日本"
},
{
"n": "泰国",
"v": "泰国"
},
{
"n": "新加坡",
"v": "新加坡"
},
{
"n": "马来西亚",
"v": "马来西亚"
},
{
"n": "印度",
"v": "印度"
},
{
"n": "英国",
"v": "英国"
},
{
"n": "法国",
"v": "法国"
},
{
"n": "加拿大",
"v": "加拿大"
}
]
},
{
"name": "排序",
"key": "by",
"value": [
{
"n": "全部",
"v": ""
},
{
"n": "时间",
"v": "time"
},
{
"n": "人气",
"v": "hits"
},
{
"n": "评分",
"v": "score"
}
]
}
],
"4": [
{
"name": "类型",
"key": "cateId",
"value": [
{
"n": "全部",
"v": "4"
},
{
"n": "动漫剧",
"v": "18"
},
{
"n": "动漫片",
"v": "19"
}
]
},
{
"name": "年份",
"key": "year",
"value": [
{
"n": "全部",
"v": ""
},
{
"n": "2022",
"v": "2022"
},
{
"n": "2021",
"v": "2021"
},
{
"n": "2020",
"v": "2020"
},
{
"n": "2019",
"v": "2019"
},
{
"n": "2018",
"v": "2018"
},
{
"n": "2017",
"v": "2017"
},
{
"n": "2016",
"v": "2016"
},
{
"n": "2015",
"v": "2015"
},
{
"n": "2014",
"v": "2014"
},
{
"n": "2013",
"v": "2013"
},
{
"n": "2012",
"v": "2012"
},
{
"n": "2011",
"v": "2011"
},
{
"n": "2010",
"v": "2010"
}
]
},
{
"name": "地区",
"key": "area",
"value": [
{
"n": "全部",
"v": ""
},
{
"n": "大陆",
"v": "大陆"
},
{
"n": "香港",
"v": "香港"
},
{
"n": "台湾",
"v": "台湾"
},
{
"n": "美国",
"v": "美国"
},
{
"n": "韩国",
"v": "韩国"
},
{
"n": "日本",
"v": "日本"
},
{
"n": "泰国",
"v": "泰国"
},
{
"n": "新加坡",
"v": "新加坡"
},
{
"n": "马来西亚",
"v": "马来西亚"
},
{
"n": "印度",
"v": "印度"
},
{
"n": "英国",
"v": "英国"
},
{
"n": "法国",
"v": "法国"
},
{
"n": "加拿大",
"v": "加拿大"
}
]
},
{
"name": "排序",
"key": "by",
"value": [
{
"n": "全部",
"v": ""
},
{
"n": "时间",
"v": "time"
},
{
"n": "人气",
"v": "hits"
},
{
"n": "评分",
"v": "score"
}
]
}
]
}
}
