{
  "name": "hdmoli",
  "url": "https://www.hdmoli.com",
  "User": "空",    
  "shouye": "1",
  "fenlei": "电影$/mlist/index1-#剧集$/mlist/index2-#爱情片$/mlist/index6-#科幻片$/mlist/index7-#恐怖片$/mlist/index8-#战争片$/mlist/index9-#喜剧片$/mlist/index10-#纪录片$/mlist/index11-#剧情片$/mlist/index12-#犯罪片$/mlist/index30-#动画片$/mlist/index32-",
  "houzhui": "---.html",
  "shifouercijiequ": "0",
  "jiequqian": "空",
  "jiequhou": "空",
  "jiequshuzuqian": "lazyload",
  "jiequshuzuhou": "</span>",
  "tupianqian": "original=\"",
  "tupianhou": "\"",
  "biaotiqian": "title=\"",
  "biaotihou": "\"",
  "lianjieqian": "href=\"",
  "lianjiehou": "\"",
  "sousuoqian": "/search.php?searchword=",
  "sousuohou": "",
  "sousuohouzhui": "/movie/",
  "ssmoshi": "1",
  "sousuoshifouercijiequ": "0",
  "jspic": "pic",
  "jsname": "name",
  "jsid": "id",
  "ssjiequqian": "空",
  "ssjiequhou": "空",
  "ssjiequshuzuqian": "class=\"thumb\"",
  "ssjiequshuzuhou": "</span>",
  "sstupianqian": "original=\"",
  "sstupianhou": "\"",
  "ssbiaotiqian": "title=\"",
  "ssbiaotihou": "\"",
  "sslianjieqian": "href=\"",
  "sslianjiehou": "\"",
  "bfshifouercijiequ": "0",
  "bfjiequqian": "空",
  "bfjiequhou": "空",
  "bfjiequshuzuqian": "id=\"playlist",
  "bfjiequshuzuhou": "</ul>",
  "zhuangtaiqian": "更新周期：</span>",
  "zhuangtaihou": "</p>",
  "daoyanqian": "导演：</span>",
  "daoyanhou": "</p>",
  "zhuyanqian": "演员：</span>",
  "zhuyanhou": "</p>",
  "juqingqian": "简介：</span>",
  "juqinghou": "</p>",
  "bfyshifouercijiequ": "0",
  "bfyjiequqian": "空",
  "bfyjiequhou": "空",
  "bfyjiequshuzuqian": "<a",
  "bfyjiequshuzuhou": "/a>",
  "bfbiaotiqian": ">",
  "bfbiaotihou": "<",
  "bflianjieqian": "href=\"",
  "bflianjiehou": "\""
}