{
  "author": "220805",
  "name": "Nike影视网",
  "url": "https://www.ajeee.com",
  "tihuan": "51.la",
  "User": "空",
  "shouye": "1",
  "fenlei": "电影$/show/Movie/page/#电视剧$/show/Tv/page/#综艺$/show/Variety/page/#动漫$/show/Cartoon/page/#国产剧$/show/Tv/area/大陆/page/#欧美剧$/show/Tv/area/美国/page/#国漫$/show/Cartoon/area/大陆/page/#日漫$/show/Cartoon/area/日本/page/",
  //"fenlei": "电视剧$/show/Tv/page/#韩国$/show/Tv/area/韩国/page/#小日本$/show/Tv/area/日本/page/#美国剧$/show/Tv/area/美国/page/#电影$/show/Movie/page/#动作$/show/Movie/class/动作/page/#喜剧$/show/Movie/class/喜剧/page/#爱情$/show/Movie/class/爱情/page/#科幻$/show/Movie/class/科幻/page/#恐怖$/show/Movie/class/恐怖/page/#剧情$/show/Movie/class/剧情/page/#战争$/show/Movie/class/战争/page/",
  "houzhui": ".html",
  "shifouercijiequ": "1",
  "jiequqian": "module-page",
  "jiequhou": "<div id=\"page\">",
  "jiequshuzuqian": "<a",
  "jiequshuzuhou": "no-referrer",
  "tupianqian": "data-original=\"",
  "tupianhou": "\"",
  "biaotiqian": "title=\"",
  "biaotihou": "\"",
  "lianjieqian": "href=\"",
  "lianjiehou": "\"",
  "sousuoqian": "/index.php/ajax/suggest?mid=1&wd=",
  "sousuohou": "&limit=500",
  "sousuohouzhui": "/detail/",
  "ssmoshi": "0",
  "sousuoshifouercijiequ": "0",
  "jspic": "pic",
  "jsname": "name",
  "jsid": "id",
  "ssjiequqian": "空",
  "ssjiequhou": "空",
  "ssjiequshuzuqian": "空",
  "ssjiequshuzuhou": "空",
  "sstupianqian": "空",
  "sstupianhou": "空",
  "ssbiaotiqian": "空",
  "ssbiaotihou": "空",
  "sslianjieqian": "空",
  "sslianjiehou": "空",
  "bfshifouercijiequ": "0",
  "bfjiequqian": "空",
  "bfjiequhou": "空",
  "bfjiequshuzuqian": "class=\"module-list",
  "bfjiequshuzuhou": "</div>",
  "zhuangtaiqian": "更新：</span>",
  "zhuangtaihou": "</div>",
  "daoyanqian": "导演：</span>",
  "daoyanhou": "</div>",
  "zhuyanqian": "主演：</span>",
  "zhuyanhou": "</div>",
  "juqingqian": "class=\"module-info-introduction-content\"",
  "juqinghou": "</div>",
  "bfyshifouercijiequ": "0",
  "bfyjiequqian": "空",
  "bfyjiequhou": "空",
  "bfyjiequshuzuqian": "<a",
  "bfyjiequshuzuhou": "/a>",
  "bfbiaotiqian": "<span>",
  "bfbiaotihou": "</span>",
  "bflianjieqian": "href=\"",
  "bflianjiehou": "\""
}