{
  "name": "VIP1280",
  "url": "http://www.vip1280.net",
  "tihuan": "cnzz.com",
  "User": "空",
  "shouye": "1",
  "fenlei": "电影$/frim/index1/page/#电视剧$/frim/index2/page/#港台剧$/frim/index3/page/#动作片$/frim/index6/page/#爱情片$/frim/index7/page/#科幻片$/frim/index8/page/#恐怖片$/frim/index9/page/#战争片$/frim/index10/page/#喜剧片$/frim/index11/page/#记录片$/frim/index12/page/#剧情片$/frim/index20/page/#动画片$/frim/index21/page/#欧美剧$/frim/index4/page/#日韩剧$/frim/index5/page/#泰剧$/frim/index22/page/",
  "houzhui": ".html",
  "shifouercijiequ": "0",
  "jiequqian": "空",
  "jiequhou": "空",
  "jiequshuzuqian": "class=\"col-md-6 col-sm-4 col-xs-3\"",
  "jiequshuzuhou": "</li>",
  "tupianqian": "data-original=\"",
  "tupianhou": "\"",
  "biaotiqian": "title=\"",
  "biaotihou": "\"",
  "lianjieqian": "href=\"",
  "lianjiehou": "\"",
  "sousuoqian": "/index.php/ajax/suggest?mid=1&wd=",
  "sousuohou": "&limit=500",
  "sousuohouzhui": "/movie/index",
  "ssmoshi": "0",
  "sousuoshifouercijiequ": "0",
  "jspic": "pic",
  "jsname": "name",
  "jsid": "id",
  "ssjiequqian": "空",
  "ssjiequhou": "空",
  "ssjiequshuzuqian": "空",
  "ssjiequshuzuhou": "空",
  "sstupianqian": "空",
  "sstupianhou": "空",
  "ssbiaotiqian": "空",
  "ssbiaotihou": "空",
  "sslianjieqian": "空",
  "sslianjiehou": "空",
  "bfshifouercijiequ": "0",
  "bfjiequqian": "空",
  "bfjiequhou": "空",
  "bfjiequshuzuqian": "class=\"stui-content__playlist clearfix\"",
  "bfjiequshuzuhou": "</ul>",
  "zhuangtaiqian": "class=\"pic-text text-right\">",
  "zhuangtaihou": "",
  "daoyanqian": "导演：</span>",
  "daoyanhou": "</a>",
  "zhuyanqian": "主演：</span>",
  "zhuyanhou": "</a>",
  "juqingqian": "class=\"detail-sketch\"",
  "juqinghou": "</span>",
  "bfyshifouercijiequ": "0",
  "bfyjiequqian": "空",
  "bfyjiequhou": "空",
  "bfyjiequshuzuqian": "<li",
  "bfyjiequshuzuhou": "</li>",
  "bfbiaotiqian": "\">",
  "bfbiaotihou": "</a>",
  "bflianjieqian": "href=\"",
  "bflianjiehou": "\""
}