{
"作者":"张弘",
"站名":"冷曦影视",
//发布页:https://www.lenxi.co/
//https://www.lenxitv.cc/
//https://www.lenxi.vip/
//https://www.lengxitv.com/
"主页url":"https://www.lenxi.vip/",
"数组":"<li class=\"fed-list-item&&</li>",
"图片":"data-original=\"&&\"",
"标题":"a>&&</a>",
"链接":"href=\"&&\"",
"副标题":"fed-text-center\">&&</span>",
"搜索模式":"0",
"搜索后缀":"/v/",
"影片年代":"年份：&&</li>",
"影片地区":"地区：&&</li>",
"影片类型":"分类：&&</li>",
"导演":"导演：&&</li>",
"主演":"主演：&&</li>",
"简介":"剧情介绍</a>：&&<a href=\"",
"线路二次截取":"播放不了请刷新或在下方切换线路&&</ul>",
"线路数组":"fed-col-md2\">&&</li>[排序:蓝光超清>爱奇艺>腾讯视频>优酷视频>搜狐视频>芒果视频>量子云>神马云]",
"线路标题":"\">&&</a>",
"播放数组":"播放集数&&</div>",
"播放链接前缀":"https://www.lenxi.vip",
"免嗅":"0",
"嗅探词":".m3u8#.mp4#.flv#.m4a#.avi#.mkv#.mov#.3gp#.asf#.rm#.rmvb#.wmv#.mpg#.mpeg#.mpe#.ts#.vob#.mp3#.wma",
"过滤词":"=http#.jpg#.png#.ico#.gif#.js",
"分类":"电影$movie#电视剧$tv#综艺$zongyi#动漫$dongman#福利$fuli#直播$zhibo#体育频道$tiyu",
"分类url":"https://www.lenxi.vip/s/{cateId}-{area}-{by}-{class}-----{catePg}---{year}.html",
"筛选":{
"movie":[
{"key":"cateId",
"name":"类型",
"value":[
{"n":"全部","v":"movie"},
{"n":"动作片","v":"dongzuopian"},
{"n":"喜剧片","v":"xijupian"},
{"n":"爱情片","v":"aiqingpian"},
{"n":"科幻片","v":"kehuanpian"},
{"n":"恐怖片","v":"kongbupian"},
{"n":"剧情片","v":"juqingpian"},
{"n":"战争片","v":"zhanzhengpian"},
{"n":"纪录片","v":"jilupian"},
{"n":"微电影","v":"weidianying"}]},
  
{"key":"area",
"name":"地区",
"value":[
{"n":"全部","v":""},
{"n":"大陆","v":"大陆"},
{"n":"香港","v":"香港"},
{"n":"台湾","v":"台湾"},
{"n":"美国","v":"美国"},
{"n":"法国","v":"法国"},
{"n":"英国","v":"英国"},
{"n":"日本","v":"日本"},
{"n":"韩国","v":"韩国"},
{"n":"德国","v":"德国"},
{"n":"泰国","v":"泰国"},
{"n":"印度","v":"印度"},
{"n":"新加坡","v":"新加坡"},
{"n":"意大利","v":"意大利"},
{"n":"西班牙","v":"西班牙"},
{"n":"加拿大","v":"加拿大"},
{"n":"其他","v":"其他"}]},
  
{"key":"year",
"name":"年份",
"value":[
{"n":"全部","v":""},
{"n":"2023","v":"2023"},
{"n":"2022","v":"2022"},
{"n":"2021","v":"2021"},
{"n":"2020","v":"2020"},
{"n":"2019","v":"2019"},
{"n":"2018","v":"2018"},
{"n":"2017","v":"2017"},
{"n":"2016","v":"2016"},
{"n":"2015","v":"2015"},
{"n":"2014","v":"2014"},
{"n":"2013","v":"2013"},
{"n":"2012","v":"2012"},
{"n":"2011","v":"2011"},
{"n":"2010","v":"2010"}]},
  
{"key":"by",
"name":"排序",
"value":[
{"n":"全部","v":""},
{"n":"时间","v":"time"},
{"n":"人气","v":"hits"},
{"n":"评分","v":"score"}]}],
  
"tv":[
{"key":"cateId",
"name":"类型",
"value":[
{"n":"全部","v":"tv"},
{"n":"国产剧","v":"guochanju"},
{"n":"港台剧","v":"gangtaiju"},
{"n":"日韩剧","v":"rihanju"},
{"n":"欧美剧","v":"oumeiju"},
{"n":"泰国剧","v":"taiguoju"}]},
  
{"key":"area",
"name":"地区",
"value":[
{"n":"全部","v":""},
{"n":"大陆","v":"大陆"},
{"n":"香港","v":"香港"},
{"n":"台湾","v":"台湾"},
{"n":"美国","v":"美国"},
{"n":"法国","v":"法国"},
{"n":"英国","v":"英国"},
{"n":"日本","v":"日本"},
{"n":"韩国","v":"韩国"},
{"n":"德国","v":"德国"},
{"n":"泰国","v":"泰国"},
{"n":"印度","v":"印度"},
{"n":"新加坡","v":"新加坡"},
{"n":"意大利","v":"意大利"},
{"n":"西班牙","v":"西班牙"},
{"n":"加拿大","v":"加拿大"},
{"n":"其他","v":"其他"}]},
  
{"key":"year",
"name":"年份",
"value":[
{"n":"全部","v":""},
{"n":"2023","v":"2023"},
{"n":"2022","v":"2022"},
{"n":"2021","v":"2021"},
{"n":"2020","v":"2020"},
{"n":"2019","v":"2019"},
{"n":"2018","v":"2018"},
{"n":"2017","v":"2017"},
{"n":"2016","v":"2016"},
{"n":"2015","v":"2015"},
{"n":"2014","v":"2014"},
{"n":"2013","v":"2013"},
{"n":"2012","v":"2012"},
{"n":"2011","v":"2011"},
{"n":"2010","v":"2010"},
{"n":"2009","v":"2009"},
{"n":"2008","v":"2008"},
{"n":"2006","v":"2006"},
{"n":"2005","v":"2005"},
{"n":"2004","v":"2004"}]},
  
{"key":"by",
"name":"排序",
"value":[
{"n":"全部","v":""},
{"n":"时间","v":"time"},
{"n":"人气","v":"hits"},
{"n":"评分","v":"score"}]}],
  
"zongyi":[
{"key":"class",
"name":"剧情",
"value":[
{"n":"全部","v":""},
{"n":"大陆综艺","v":"大陆综艺"},
{"n":"港台综艺","v":"港台综艺"},
{"n":"日韩综艺","v":"日韩综艺"},
{"n":"欧美综艺","v":"欧美综艺"},
{"n":"选秀","v":"选秀"},
{"n":"情感","v":"情感"},
{"n":"访谈","v":"访谈"},
{"n":"播报","v":"播报"},
{"n":"旅游","v":"旅游"},
{"n":"音乐","v":"音乐"},
{"n":"美食","v":"美食"},
{"n":"纪实","v":"纪实"},
{"n":"曲艺","v":"曲艺"},
{"n":"生活","v":"生活"},
{"n":"游戏互动","v":"游戏互动"},
{"n":"财经","v":"财经"},
{"n":"求职","v":"求职"}]},
  
{"key":"area",
"name":"地区",
"value":[
{"n":"全部","v":""},
{"n":"大陆","v":"大陆"},
{"n":"香港","v":"香港"},
{"n":"台湾","v":"台湾"},
{"n":"美国","v":"美国"},
{"n":"法国","v":"法国"},
{"n":"英国","v":"英国"},
{"n":"日本","v":"日本"},
{"n":"韩国","v":"韩国"},
{"n":"德国","v":"德国"},
{"n":"泰国","v":"泰国"},
{"n":"印度","v":"印度"},
{"n":"新加坡","v":"新加坡"},
{"n":"意大利","v":"意大利"},
{"n":"西班牙","v":"西班牙"},
{"n":"加拿大","v":"加拿大"},
{"n":"其他","v":"其他"}]},
  
{"key":"year",
"name":"年份",
"value":[
{"n":"全部","v":""},
{"n":"2023","v":"2023"},
{"n":"2022","v":"2022"},
{"n":"2021","v":"2021"},
{"n":"2020","v":"2020"},
{"n":"2019","v":"2019"},
{"n":"2018","v":"2018"},
{"n":"2017","v":"2017"},
{"n":"2016","v":"2016"},
{"n":"2015","v":"2015"},
{"n":"2014","v":"2014"},
{"n":"2013","v":"2013"},
{"n":"2012","v":"2012"},
{"n":"2011","v":"2011"},
{"n":"2010","v":"2010"},
{"n":"2009","v":"2009"},
{"n":"2008","v":"2008"},
{"n":"2007","v":"2007"},
{"n":"2006","v":"2006"},
{"n":"2005","v":"2005"},
{"n":"2004","v":"2004"}]},
  
{"key":"by",
"name":"排序",
"value":[
{"n":"全部","v":""},
{"n":"时间","v":"time"},
{"n":"人气","v":"hits"},
{"n":"评分","v":"score"}]}],
  
"dongman":[
{"key":"class",
"name":"剧情",
"value":[
{"n":"全部","v":""},
{"n":"国产动漫","v":"国产动漫"},
{"n":"日本动漫","v":"日本动漫"},
{"n":"欧美动漫","v":"欧美动漫"},
{"n":"爱情","v":"爱情"},
{"n":"喜剧","v":"喜剧"},
{"n":"搞笑","v":"搞笑"},
{"n":"科幻","v":"科幻"},
{"n":"剧情","v":"剧情"},
{"n":"冒险","v":"冒险"},
{"n":"热血","v":"热血"},
{"n":"推理","v":"推理"},
{"n":"搞笑","v":"搞笑"},
{"n":"冒险","v":"冒险"},
{"n":"校园","v":"校园"},
{"n":"动作","v":"动作"},
{"n":"机战","v":"机战"},
{"n":"运动","v":"运动"},
{"n":"战争","v":"战争"},
{"n":"少年","v":"少年"},
{"n":"少女","v":"少女"},
{"n":"社会","v":"社会"},
{"n":"原创","v":"原创"},
{"n":"亲子","v":"亲子"},
{"n":"益智","v":"益智"},
{"n":"励志","v":"励志"},
{"n":"其他","v":"其他"}]},
  
{"key":"area",
"name":"地区",
"value":[
{"n":"全部","v":""},
{"n":"大陆","v":"大陆"},
{"n":"香港","v":"香港"},
{"n":"台湾","v":"台湾"},
{"n":"美国","v":"美国"},
{"n":"法国","v":"法国"},
{"n":"英国","v":"英国"},
{"n":"日本","v":"日本"},
{"n":"韩国","v":"韩国"},
{"n":"德国","v":"德国"},
{"n":"泰国","v":"泰国"},
{"n":"印度","v":"印度"},
{"n":"意大利","v":"意大利"},
{"n":"西班牙","v":"西班牙"},
{"n":"加拿大","v":"加拿大"},
{"n":"其他","v":"其他"}]},
  
{"key":"year",
"name":"年份",
"value":[
{"n":"全部","v":""},
{"n":"2023","v":"2023"},
{"n":"2022","v":"2022"},
{"n":"2021","v":"2021"},
{"n":"2020","v":"2020"},
{"n":"2019","v":"2019"},
{"n":"2018","v":"2018"},
{"n":"2017","v":"2017"},
{"n":"2016","v":"2016"},
{"n":"2015","v":"2015"},
{"n":"2014","v":"2014"},
{"n":"2013","v":"2013"},
{"n":"2012","v":"2012"},
{"n":"2011","v":"2011"},
{"n":"2010","v":"2010"},
{"n":"2009","v":"2009"},
{"n":"2008","v":"2008"},
{"n":"2007","v":"2007"},
{"n":"2006","v":"2006"},
{"n":"2005","v":"2005"},
{"n":"2004","v":"2004"}]},
  
{"key":"by",
"name":"排序",
"value":[
{"n":"全部","v":""},
{"n":"时间","v":"time"},
{"n":"人气","v":"hits"},
{"n":"评分","v":"score"}]}],

"fuli":[
{"key":"class",
"name":"剧情",
"value":[
{"n":"全部","v":""},
{"n":"VIP视频秀","v":"VIP视频秀"},
{"n":"街拍系列","v":"街拍系列"},
{"n":"美女视频秀","v":"美女视频秀"},
{"n":"美女写真","v":"美女写真"},
{"n":"嫩妹写真","v":"嫩妹写真"},
{"n":"高跟赤足视频","v":"高跟赤足视频"},
{"n":"展会美女","v":"展会美女"},
{"n":"主播美女","v":"主播美女"},
{"n":"韩国美女","v":"韩国美女"},
{"n":"性感","v":"性感"}]},

{"key":"by",
"name":"排序",
"value":[
{"n":"全部","v":""},
{"n":"时间","v":"time"},
{"n":"人气","v":"hits"},
{"n":"评分","v":"score"}]}],

"zhibo":[
{"key":"cateId",
"name":"类型",
"value":[  
{"n":"全部","v":""},
{"n":"电影直播","v":"dianyingzhibo"},
{"n":"卫视直播","v":"weishizhibo"},
{"n":"央视直播","v":"yangshizhibo"}]},

{"key":"area",
"name":"地区",
"value":[
{"n":"全部","v":""},
{"n":"大陆","v":"大陆"},
{"n":"香港","v":"香港"},
{"n":"台湾","v":"台湾"},
{"n":"美国","v":"美国"},
{"n":"日本","v":"日本"},
{"n":"韩国","v":"韩国"},
{"n":"泰国","v":"泰国"},
{"n":"其他","v":"其他"}]},
  
{"key":"year",
"name":"年份",
"value":[
{"n":"全部","v":""},
{"n":"2023","v":"2023"},
{"n":"2022","v":"2022"},
{"n":"2021","v":"2021"},
{"n":"2020","v":"2020"},
{"n":"2019","v":"2019"},
{"n":"2018","v":"2018"},
{"n":"2017","v":"2017"},
{"n":"2016","v":"2016"},
{"n":"2015","v":"2015"},
{"n":"2014","v":"2014"},
{"n":"2013","v":"2013"},
{"n":"2012","v":"2012"},
{"n":"2011","v":"2011"},
{"n":"2010","v":"2010"},
{"n":"2009","v":"2009"},
{"n":"2008","v":"2008"},
{"n":"2007","v":"2007"},
{"n":"2006","v":"2006"},
{"n":"2005","v":"2005"},
{"n":"2004","v":"2004"},
{"n":"2003","v":"2003"},
{"n":"2002","v":"2002"},
{"n":"2001","v":"2001"},
{"n":"2000","v":"2000"}]},
  
{"key":"by",
"name":"排序",
"value":[
{"n":"全部","v":""},
{"n":"时间","v":"time"},
{"n":"人气","v":"hits"},
{"n":"评分","v":"score"}]}],

"tiyu":[
{"key":"class",
"name":"剧情",
"value":[
{"n":"全部","v":""},
{"n":"WWE摔跤娱乐","v":"WWE摔跤娱乐"},
{"n":"赛车","v":"赛车"},
{"n":"UFC终极格斗","v":"UFC终极格斗"},
{"n":"网球","v":"网球"},
{"n":"篮球","v":"篮球"},
{"n":"足球","v":"足球"},
{"n":"自行车","v":"自行车"},
{"n":"棒球","v":"棒球"},
{"n":"摩托车","v":"摩托车"},
{"n":"橄榄球","v":"橄榄球"},
{"n":"MMA综合格斗","v":"MMA综合格斗"},
{"n":"台球","v":"台球"},
{"n":"高尔夫","v":"高尔夫"},
{"n":"拳击","v":"拳击"}]},

{"key":"area",
"name":"地区",
"value":[
{"n":"全部","v":""},
{"n":"大陆","v":"大陆"},
{"n":"香港","v":"香港"},
{"n":"台湾","v":"台湾"},
{"n":"美国","v":"美国"},
{"n":"日本","v":"日本"},
{"n":"韩国","v":"韩国"},
{"n":"泰国","v":"泰国"},
{"n":"其他","v":"其他"}]},
  
{"key":"year",
"name":"年份",
"value":[
{"n":"全部","v":""},
{"n":"2023","v":"2023"},
{"n":"2022","v":"2022"},
{"n":"2021","v":"2021"},
{"n":"2020","v":"2020"},
{"n":"2019","v":"2019"},
{"n":"2018","v":"2018"},
{"n":"2017","v":"2017"},
{"n":"2016","v":"2016"},
{"n":"2015","v":"2015"},
{"n":"2014","v":"2014"},
{"n":"2013","v":"2013"},
{"n":"2012","v":"2012"},
{"n":"2011","v":"2011"},
{"n":"2010","v":"2010"},
{"n":"2009","v":"2009"},
{"n":"2008","v":"2008"},
{"n":"2007","v":"2007"},
{"n":"2006","v":"2006"},
{"n":"2005","v":"2005"},
{"n":"2004","v":"2004"},
{"n":"2003","v":"2003"},
{"n":"2002","v":"2002"},
{"n":"2001","v":"2001"},
{"n":"2000","v":"2000"}]},
  
{"key":"by",
"name":"排序",
"value":[
{"n":"全部","v":""},
{"n":"时间","v":"time"},
{"n":"人气","v":"hits"},
{"n":"评分","v":"score"}]}]
  }
}