{
  "author": "Tangsan99999",
  "ua": "Mozilla/5.0 (iPhone; CPU iPhone OS 13_2_3 like Mac OS X) AppleWebKit/605.1.15 (KHTML, like Gecko) Version/13.0.3 Mobile/15E148 Safari/604.1",
  "homeUrl": "https://gimytv.app/",
  "dcVipFlag": "true",
  "pCfgJs": "https://gimytv.app/static/js/playerconfig.js",
  "pCfgJsR": "[\\W|\\S|.]*?MacPlayerConfig.player_list[\\W|\\S|.]*?=([\\W|\\S|.]*?),MacPlayerConfig.downer_list",
  "dcShow2Vip": {},
  "dcPlayUrl": "true",
  "cateNode": "//ul[@class='myui-header__menu']/li/a[contains(@href, 'browse')]",
  "cateName": "/text()",
  "cateId": "/@href",
  "cateIdR": "/browse/(\\w+).html",
  "cateManual": {
    "电影": "movies",
    "电视剧": "tvseries",
    "综艺": "tv_show",
    "动漫": "anime"
  },
  "homeVodNode": "//ul[@class='myui-vodlist clearfix']/li/div/a",
  "homeVodName": "/@title",
  "homeVodId": "/@href",
  "homeVodIdR": "/(\\w+).html",
  "homeVodImg": "/@data-original",
  "homeVodMark": "/span[contains(@class, 'pic-text')]/text()",
  "cateUrl": "https://gimytv.app/genre/{cateId}-{area}-{year}-{catePg}/by/{by}.html",
  "cateVodNode": "//ul[@class='myui-vodlist clearfix']/li/div/a",
  "cateVodName": "/@title",
  "cateVodId": "/@href",
  "cateVodIdR": "/(\\w+).html",
  "cateVodImg": "/@data-original",
  "cateVodMark": "/span[contains(@class, 'pic-text')]/text()",
  "dtUrl": "https://gimytv.app/{vid}.html",
  "dtNode": "//div[@class='container']",
  "dtName": "//div[@class='myui-content__thumb']/a/@title",
  "dtNameR": "",
  "dtImg": "//div[@class='myui-content__thumb']/a/img/@data-original",
  "dtImgR": "\\S+(http\\S+)",
  "dtCate": "//p[@class='data']/span[contains(text(), '分類')]/following-sibling::*/text()",
  "dtCateR": "",
  "dtYear": "//p[@class='data']/span[contains(text(), '年份')]/following-sibling::*/text()",
  "dtYearR": "",
  "dtArea": "",
  "dtAreaR": "",
  "dtMark": "//p[@class='data']/span[contains(text(), '更新')]/following-sibling::*/text()",
  "dtMarkR": "",
  "dtActor": "//p[@class='data']/span[contains(text(), '主演')]/following-sibling::*/text()",
  "dtActorR": "",
  "dtDirector": "//p[@class='data']/span[contains(text(), '導演')]/following-sibling::*/text()",
  "dtDirectorR": "",
  "dtDesc": "//div[contains(@class,'col-pd')]/p/text()",
  "dtDescR": "",
  "dtFromNode": "//h3[contains(text(),'線路')]",
  "dtFromName": "concat('線路',count(parent::*/preceding::*//h3[contains(text(), '線路')]) + 1)",
  "dtFromNameR": "(\\S+).0",
  "dtUrlNode": "//ul[contains(@class,'myui-content__list')]",
  "dtUrlSubNode": "/li/a",
  "dtUrlId": "@href",
  "dtUrlIdR": "/(\\S+).html",
  "dtUrlName": "/text()",
  "dtUrlNameR": "",
  "playUrl": "https://gimytv.app/{playUrl}.html",
  "playUa": "",
  "searchUrl": "https://gimytv.app/index.php/ajax/suggest?mid=1&wd={wd}&limit=10",
  "scVodNode": "json:list",
  "scVodName": "name",
  "scVodId": "id",
  "scVodIdR": "",
  "scVodImg": "pic",
  "scVodMark": "",
  "filter": {
    "movies": [
      {
        "key": "cateId",
        "name": "分类",
        "value": [
          {"n": "全部","v": ""},
          {"n": "剧情片","v": "drama"},
          {"n": "动作片","v": "action"},
          {"n": "科幻片","v": "scifi"},
          {"n": "喜剧片","v": "comedymovie"},
          {"n": "爱情片","v": "romance"},
          {"n": "战争片","v": "war"},
          {"n": "恐怖片","v": "horror"},
          {"n": "动画电影","v": "animation"}
        ]
      },
      {
        "key": "area",
        "name": "地区",
        "value": [
          {"n": "全部","v": ""},
          {"n": "美国","v": "美国"},
          {"n": "欧美","v": "欧美"},
          {"n": "大陆","v": "大陆"},
          {"n": "中国大陆","v": "中国大陆"},
          {"n": "韩国","v": "韩国"},
          {"n": "香港","v": "香港"},
          {"n": "日本","v": "日本"},
          {"n": "英国","v": "英国"}
        ]
      },
      {
        "key": "year",
        "name": "年份",
        "value": [
          {"n": "全部","v": ""},
          {"n": "2023","v": "2023"},
		  {"n": "2022","v": "2022"},
          {"n": "2021","v": "2021"},
          {"n": "2020","v": "2020"},
          {"n": "2019","v": "2019"},
          {"n": "2018","v": "2018"},
          {"n": "2017","v": "2017"},
          {"n": "2016","v": "2016"},
          {"n": "2015","v": "2015"},
          {"n": "2014","v": "2014"},
          {"n": "2013","v": "2013"},
          {"n": "2012","v": "2012"}
        ]
      },
      {
        "key": "by",
        "name": "排序",
        "value": [
          {"n": "按更新","v": "time"},
          {"n": "周人气","v": "hits_week"},
          {"n": "月人气","v": "hits_month"}
        ]
      }
    ],
    "tvseries": [
      {
        "key": "cateId",
        "name": "分类",
        "value": [
          {"n": "全部","v": ""},
          {"n": "陆剧","v": "cn"},
          {"n": "韩剧","v": "kr"},
          {"n": "美剧","v": "us"},
          {"n": "日剧","v": "jp"},
          {"n": "台剧","v": "tw"},
          {"n": "港剧","v": "hks"},
          {"n": "海外剧","v": "ot"},
          {"n": "纪录片","v": "documentary"}
        ]
      },
      {
        "key": "year",
        "name": "年份",
        "value": [
          {"n": "全部","v": ""},
          {"n": "2023","v": "2023"},
		  {"n": "2022","v": "2022"},
          {"n": "2021","v": "2021"},
          {"n": "2020","v": "2020"},
          {"n": "2019","v": "2019"},
          {"n": "2018","v": "2018"},
          {"n": "2017","v": "2017"},
          {"n": "2016","v": "2016"},
          {"n": "2015","v": "2015"},
          {"n": "2014","v": "2014"},
          {"n": "2013","v": "2013"},
          {"n": "2012","v": "2012"}
        ]
      },
      {
        "key": "by",
        "name": "排序",
        "value": [
          {"n": "按更新","v": "time"},
          {"n": "周人气","v": "hits_week"},
          {"n": "月人气","v": "hits_month"}
        ]
      }
    ],
    "anime": [
      {
        "key": "area",
        "name": "地区",
        "value": [
          {"n": "全部","v": ""},
          {"n": "日本","v": "日本"},
          {"n": "美国","v": "美国"},
          {"n": "欧美","v": "欧美"},
          {"n": "大陆","v": "大陆"},
          {"n": "台湾","v": "台湾"},
          {"n": "香港","v": "香港"}
        ]
      },
      {
        "key": "year",
        "name": "年份",
        "value": [
          {"n": "全部","v": ""},
          {"n": "2023","v": "2023"},
		  {"n": "2022","v": "2022"},
          {"n": "2021","v": "2021"},
          {"n": "2020","v": "2020"},
          {"n": "2019","v": "2019"},
          {"n": "2018","v": "2018"},
          {"n": "2017","v": "2017"},
          {"n": "2016","v": "2016"},
          {"n": "2015","v": "2015"},
          {"n": "2014","v": "2014"},
          {"n": "2013","v": "2013"},
          {"n": "2012","v": "2012"}
        ]
      },
      {
        "key": "by",
        "name": "排序",
        "value": [
          {"n": "按更新","v": "time"},
          {"n": "周人气","v": "hits_week"},
          {"n": "月人气","v": "hits_month"}
        ]
      }
    ],
    "tv_show": [
      {
        "key": "cateId",
        "name": "分类",
        "value": [
          {"n": "全部","v": ""},
          {"n": "纪录片","v": "28"}
        ]
      },
      {
        "key": "area",
        "name": "地区",
        "value": [
          {"n": "全部","v": ""},
          {"n": "大陆","v": "大陆"},
          {"n": "中国大陆","v": "中国大陆"},
          {"n": "韩国","v": "韩国"},
          {"n": "台湾","v": "台湾"},
          {"n": "美国","v": "美国"},
          {"n": "欧美","v": "欧美"},
          {"n": "日本","v": "日本"},
          {"n": "香港","v": "香港"}
        ]
      },
      {
        "key": "year",
        "name": "年份",
        "value": [
          {"n": "全部","v": ""},
          {"n": "2023","v": "2023"},
		  {"n": "2022","v": "2022"},
          {"n": "2021","v": "2021"},
          {"n": "2020","v": "2020"},
          {"n": "2019","v": "2019"},
          {"n": "2018","v": "2018"},
          {"n": "2017","v": "2017"},
          {"n": "2016","v": "2016"},
          {"n": "2015","v": "2015"},
          {"n": "2014","v": "2014"},
          {"n": "2013","v": "2013"},
          {"n": "2012","v": "2012"}
        ]
      },
      {
        "key": "by",
        "name": "排序",
        "value": [
          {"n": "按更新","v": "time"},
          {"n": "周人气","v": "hits_week"},
          {"n": "月人气","v": "hits_month"}
        ]
      }
    ]
  }
}