{
"author":"20220605",
"name":"去看吧",
"url":"https://qkan8.com",//填网站链接
"tihuan":"cnzz.com",//这个不用动，是个别网站嗅探时过滤地址用的
"User":"空",//这个不用动，是个别网站播放需要请求头时才用到
"shouye":"1",

"fenlei":"高清原碟$/index.php/vod/show/id/33/page/#日漫$/index.php/vod/show/id/21/page/#女頻$/index.php/vod/show/id/50/page/#劇場$/index.php/vod/show/id/24/page/#国漫$/index.php/vod/show/id/51/page/#美漫$/index.php/vod/show/id/22/page/",//网站列表的分类
"houzhui":".html",//网站翻页链接的后缀

"shifouercijiequ":"0",//截取的列表数组是否需要二次截取，0不需要，1需要
"jiequqian":"空",//不需要二次截取就填空
"jiequhou":"空",//不需要二次截取就填空
"jiequshuzuqian":"class=\"fed-list-pics",//截取的列表数组的前关键词,截取的关键词有"的用\进行转义
"jiequshuzuhou":"</li>",//截取的列表数组的后关键词,截取的关键词有"的用\进行转义
"tupianqian":"data-original=\"",//列表中资源的图片前关键词,截取的关键词有"的用\进行转义
"tupianhou":"\"",//列表中资源的图片后关键词,截取的关键词有"的用\进行转义
"biaotiqian":".html\">",//列表中资源的标题前关键词,截取的关键词有"的用\进行转义
"biaotihou":"</a>",//列表中资源的标题后关键词,截取的关键词有"的用\进行转义
"lianjieqian":"href=\"",//列表中资源的详情页跳转链接前关键词,截取的关键词有"的用\进行转义
"lianjiehou":"\"",//列表中资源的详情页跳转链接后关键词,截取的关键词有"的用\进行转义

//搜索部分基本不用动，现在网站基本都是苹果CMS，所有搜索是固定的。
"sousuoqian":"/ajax/suggest?mid=1&wd=",
"sousuohou":"&limit=500",
"sousuohouzhui":"/voddetail/",//搜索页影片跳转详情页的中间标识链接部分
"ssmoshi":"0",
"sousuoshifouercijiequ":"0",
"jspic":"pic",
"jsname":"name",
"jsid":"id",
"ssjiequqian":"空",
"ssjiequhou":"空",
"ssjiequshuzuqian":"空",
"ssjiequshuzuhou":"空",
"sstupianqian":"空",
"sstupianhou":"空",
"ssbiaotiqian":"空",
"ssbiaotihou":"空",
"sslianjieqian":"空",
"sslianjiehou":"空",

"bfshifouercijiequ":"0",
"bfjiequqian":"空",
"bfjiequhou":"空",
"bfjiequshuzuqian":"class=\"fed-play-item",//播放截取的列表数组的前关键词
"bfjiequshuzuhou":"</div>",//播放截取的列表数组的后关键词

"zhuangtaiqian":"fed-text-center\">",//状态前关键词
"zhuangtaihou":"</span></a></dt>",//状态后关键词
"daoyanqian":"导演：</span>",//导演前关键词
"daoyanhou":"</li>",//导演态后关键词
"zhuyanqian":"声优：</span>",//主演前关键词
"zhuyanhou":"</li>",//主演后关键词
"juqingqian":"简介：</span>",//剧情前关键词
"juqinghou":"</div>",//剧情后关键词

"bfyshifouercijiequ":"1",//截取的播放列表数组是否需要二次截取，0不需要，1需要
"bfyjiequqian":"class=\"fed-part-rows\">",//不需要二次截取就填空
"bfyjiequhou":"</ul>",//不需要二次截取就填空
"bfyjiequshuzuqian":"<a",//播放剧集数组前关键词
"bfyjiequshuzuhou":"/a>",//播放剧集数组后关键词
"bfbiaotiqian":">",//播放剧集标题前关键词
"bfbiaotihou":"<",//状播放剧集标题后关键词
"bflianjieqian":"href=\"",//播放剧集链接前关键词
"bflianjiehou":"\""
}//播放剧集链接后关键词