{
"ua":"",
"homeUrl":"https://www.bdys01.com",
"dcPlayUrl":"true",
"cateNode":"//a[contains(@href,'/s/')]",
"cateName":"concat(//span[contains(@class,'nav-link-title')]/text(),//a[contains(@class,'dropdown-item')]/text())",
"cateId":"/@href",
"cateIdR":"/s/(\\w+)",
"cateManual":{},
"homeVodNode":"//div[contains(@class,'col-4rows-md-7')]/div[contains(@class,'cardcard-smcard-link')]",
"homeVodName":"//h3/text()",
"homeVodId":"/a/@href",
"homeVodIdR":"/(\\S+).htm",
"homeVodImg":"/a/img/@data-src",
"homeVodImgR":"\\S+(http\\S+)",
"homeVodMark":"concat(//div[contains(@class,'ribbonribbon-bookmarkribbon-topbg-azurep-0')]/text(),//span[contains(@class,'badgebg-pinkposition-absolutetop-0start-0')]/text())",
"cateUrl":"https://www.bdys01.com/s/{cateId}/{catePg}",
"cateVodNode":"//div[contains(@class,'col-lg-8col-4')]/div[contains(@class,'cardcard-smcard-link')]",
"cateVodName":"//h3/text()",
"cateVodId":"/a/@href",
"cateVodIdR":"/(\\S+).htm",
"cateVodImg":"/a/img/@src",
"cateVodImgR":"\\S+(http\\S+)",
"cateVodMark":"concat(//div[contains(@class,'ribbonribbon-bookmarkribbon-topbg-azurep-0')]/text(),//span[contains(@class,'badgebg-pinkposition-absolutetop-0start-0')]/text())",
"dtUrl":"https://www.bdys01.com/{vid}.htm",
"dtNode":"//body",
"dtName":"//h2/text()",
"dtNameR":"",
"dtImg":"//div[contains(@class,'col-md-auto')]/img/@src",
"dtImgR":"",
"dtCate":"//div[@class='colmb-2']/p/a[contains(@target,'new')]/text()",
"dtArea":"//div[@class='colmb-2']//strong[contains(text(),'地区')]/parent::text()",
"dtAreaR":"\\[(\\S+)\\]",
"dtYear":"//div[@class='colmb-2']//strong[contains(text(),'上映日期')]/parent::text()",
"dtYearR":"(\\w+)",
"dtActor":"//div[@class='colmb-2']//a[contains(@href,'performer')]/text()",
"dtDirector":"//div[@class='colmb-2']//a[contains(@href,'director')]/text()",
"dtDesc":"//div[@class='cardcollapse']//div[@class='card-body']/text()",

//获取magnet链接
"dtFromNode":"//tbody[contains(@id,'download-list')]/tr",
"dtFromName":"/td[2]/text()",
"dtUrlNode":"//tbody[contains(@id,'download-list')]",
"dtUrlSubNode":"/tr",
"dtUrlId":"/td[3]/a/@href",
"dtUrlIdR":"",
"dtUrlName":"/td[2]/text()",

"searchUrl":"https://www.bdys01.com/index.php/ajax/suggest?mid=1&wd={wd}&limit=10",
"scVodNode":"json:list",
"scVodName":"name",
"scVodId":"id",
"scVodIdR":"",
"scVodImg":"pic",
"scVodMark":""
}