{
"作者":"张弘",
"站名":"石榴电影",
"首页":"电影",
"主页url":"https://hei19.com",
"分类":"电影&剧集&综艺&动漫",
"分类值":"1&2&3&4",
"分类url":"https://hei19.com/catalog?column={cateId}&sort=1&per_page=72&page={catePg}",
"二次截取":"type=\"application/json\">&&</script>",
"数组":"props.pageProps.mediaData.data",
"图片":"cover",
"标题":"name",
"副标题":"tag",
"链接前缀":"https://hei19.com/detail/",
"链接":"id",
"搜索模式":"1",
"搜索url":"/search?type=1&keywords={wd}&page={pg}",
"搜索二次截取":"type=\"application/json\">&&</script>",
"搜索数组":"props.pageProps.searchMovieList.data",
"搜索图片":"pic",
"搜索标题":"name",
"搜索链接":"id",
"搜索副标题":"resolution",
"搜索链接前缀":"https://hei19.com/detail/",
"影片年代":"props.pageProps.videoDetail.videoinfo.year",
"影片地区":"props.pageProps.videoDetail.videoinfo.area",
"影片类型":"props.pageProps.videoDetail.videoinfo.type",
"导演":"props.pageProps.videoDetail.videoinfo.director[].name(♥)",
"主演":"props.pageProps.videoDetail.videoinfo.starring[].name(♥)",
"简介":"props.pageProps.videoDetail.videoinfo.introduction",
"线路标题":"播放列表",
"播放二次截取":"type=\"application/json\">&&</script>",
"播放列表":"props.pageProps.videoDetail.videoepisode.data",
"播放标题":"episode",
"播放链接":"url",
"筛选":{
"1":[
{
"key":"class",
"name":"剧情",
"value":[
{"v":"","n":"全部"},
{"v":"剧情","n":"剧情"},
{"v":"惊悚","n":"惊悚"},
{"v":"动作","n":"动作"},
{"v":"科幻","n":"科幻"},
{"v":"奇幻","n":"奇幻"},
{"v":"爱情","n":"爱情"},
{"v":"喜剧","n":"喜剧"},
{"v":"冒险","n":"冒险"},
{"v":"犯罪","n":"犯罪"},
{"v":"战争","n":"战争"},
{"v":"动画","n":"动画"},
{"v":"同性","n":"同性"},
{"v":"历史","n":"历史"},
{"v":"恐怖","n":"恐怖"},
{"v":"悬疑","n":"悬疑"},
{"v":"传记","n":"传记"},
{"v":"纪录片","n":"纪录片"},
{"v":"古装","n":"古装"},
{"v":"家庭","n":"家庭"},
{"v":"伦理","n":"伦理"}
]
},
{
"key":"area",
"name":"地区",
"value":[
{"v":"","n":"全部"},
{"v":"中国大陆","n":"中国大陆"},
{"v":"中国香港","n":"中国香港"},
{"v":"美国","n":"美国"},
{"v":"韩国","n":"韩国"},
{"v":"日本","n":"日本"},
{"v":"印度","n":"印度"},
{"v":"英国","n":"英国"},
{"v":"法国","n":"法国"},
{"v":"俄罗斯","n":"俄罗斯"},
{"v":"丹麦","n":"丹麦"},
{"v":"澳大利亚","n":"澳大利亚"},
{"v":"德国","n":"德国"}
]
},
{
"key":"year",
"name":"年份",
"value":[
{"v":"","n":"全部"},
{"v":"2023","n":"2023"},
{"v":"2022","n":"2022"},
{"v":"2021","n":"2021"},
{"v":"2020","n":"2020"},
{"v":"2019","n":"2019"},
{"v":"2018","n":"2018"},
{"v":"2017","n":"2017"},
{"v":"2016","n":"2016"},
{"v":"2015","n":"2015"},
{"v":"2014","n":"2014"},
{"v":"2013","n":"2013"},
{"v":"2012","n":"2012"},
{"v":"2011","n":"2011"}
]
}
],
"2":[
{
"key":"class",
"name":"剧情",
"value":[
{"v":"","n":"全部"},
{"v":"爱情","n":"爱情"},
{"v":"喜剧","n":"喜剧"},
{"v":"犯罪","n":"犯罪"},
{"v":"奇幻","n":"奇幻"},
{"v":"悬疑","n":"悬疑"},
{"v":"剧情","n":"剧情"},
{"v":"科幻","n":"科幻"},
{"v":"恐怖","n":"恐怖"},
{"v":"惊悚","n":"惊悚"},
{"v":"历史","n":"历史"},
{"v":"动作","n":"动作"},
{"v":"同性","n":"同性"},
{"v":"战争","n":"战争"},
{"v":"传记","n":"传记"},
{"v":"冒险","n":"冒险"},
{"v":"纪录片","n":"纪录片"},
{"v":"家庭","n":"家庭"},
{"v":"古装","n":"古装"},
{"v":"动画","n":"动画"}
]
},
{
"key":"area",
"name":"地区",
"value":[
{"v":"","n":"全部"},
{"v":"中国大陆","n":"中国大陆"},
{"v":"2","n":"中国台湾"},
{"v":"中国香港","n":"中国香港"},
{"v":"美国","n":"美国"},
{"v":"韩国","n":"韩国"},
{"v":"日本","n":"日本"},
{"v":"英国","n":"英国"},
{"v":"法国","n":"法国"},
{"v":"乌克兰","n":"乌克兰"},
{"v":"西班牙","n":"西班牙"},
{"v":"泰国","n":"泰国"},
{"v":"加拿大","n":"加拿大"}
]
},
{
"key":"year",
"name":"年份",
"value":[
{"v":"","n":"全部"},
{"v":"2023","n":"2023"},
{"v":"2022","n":"2022"},
{"v":"2021","n":"2021"},
{"v":"2020","n":"2020"},
{"v":"2019","n":"2019"},
{"v":"2018","n":"2018"},
{"v":"2017","n":"2017"},
{"v":"2016","n":"2016"}
]
}
],
"3":[
{
"key":"class",
"name":"剧情",
"value":[
{"v":"","n":"全部"},
{"v":"选秀","n":"选秀"},
{"v":"情感","n":"情感"},
{"v":"美食","n":"美食"},
{"v":"音乐","n":"音乐"},
{"v":"真人秀","n":"真人秀"},
{"v":"喜剧","n":"喜剧"},
{"v":"奇幻","n":"奇幻"},
{"v":"冒险","n":"冒险"},
{"v":"脱口秀","n":"脱口秀"},
{"v":"爱情","n":"爱情"},
{"v":"家庭","n":"家庭"},
{"v":"歌舞","n":"歌舞"}
]
},
{
"key":"area",
"name":"地区",
"value":[
{"v":"","n":"全部"},
{"v":"中国大陆","n":"中国大陆"},
{"v":"2","n":"中国台湾"},
{"v":"美国","n":"美国"},
{"v":"韩国","n":"韩国"},
{"v":"日本","n":"日本"},
{"v":"西班牙","n":"西班牙"},
{"v":"巴西","n":"巴西"},
{"v":"德国","n":"德国"},
{"v":"墨西哥","n":"墨西哥"}
]
},
{
"key":"year",
"name":"年份",
"value":[
{"v":"","n":"全部"},
{"v":"2023","n":"2023"},
{"v":"2022","n":"2022"},
{"v":"2021","n":"2021"},
{"v":"2020","n":"2020"},
{"v":"2019","n":"2019"},
{"v":"2018","n":"2018"},
{"v":"2017","n":"2017"},
{"v":"2016","n":"2016"},
{"v":"2015","n":"2015"},
{"v":"2014","n":"2014"},
{"v":"2009","n":"2009"},
{"v":"2008","n":"2008"},
{"v":"2007","n":"2007"}
]
}
],
"4":[
{
"key":"class",
"name":"剧情",
"value":[
{"v":"","n":"全部"},
{"v":"国漫","n":"国漫"},
{"v":"日漫","n":"日漫"},
{"v":"美漫","n":"美漫"},
{"v":"动画","n":"动画"},
{"v":"奇幻","n":"奇幻"},
{"v":"冒险","n":"冒险"},
{"v":"喜剧","n":"喜剧"},
{"v":"动作","n":"动作"},
{"v":"剧情","n":"剧情"},
{"v":"古装","n":"古装"},
{"v":"同性","n":"同性"},
{"v":"武侠","n":"武侠"},
{"v":"爱情","n":"爱情"},
{"v":"惊悚","n":"惊悚"}
]
},
{
"key":"area",
"name":"地区",
"value":[
{"v":"","n":"全部"},
{"v":"中国大陆","n":"中国大陆"},
{"v":"美国","n":"美国"},
{"v":"日本","n":"日本"}
]
},
{
"key":"year",
"name":"年份",
"value":[
{"v":"","n":"全部"},
{"v":"2023","n":"2023"},
{"v":"2022","n":"2022"},
{"v":"2021","n":"2021"},
{"v":"2020","n":"2020"},
{"v":"2019","n":"2019"},
{"v":"2018","n":"2018"},
{"v":"2017","n":"2017"},
{"v":"2016","n":"2016"},
{"v":"2015","n":"2015"},
{"v":"2014","n":"2014"},
{"v":"2013","n":"2013"},
{"v":"2012","n":"2012"},
{"v":"2011","n":"2011"}
]
}
]
}
}