{
"作者":"张弘",
"站名":"素白白",
"主页url":"https://www.subaibaiys.com",
"图片":"data-original=\"&&\"",
"标题":"alt=\"&&\"",
"副标题":"jidi\"&&</span>",
"链接":"href=\"&&\"",
"线路数组":"mi_paly_box\">&&</div>",
"线路标题":"ypxingq_t\">&&<span>[替换:在线播放>>播放列表]",
"影片年代":"年份：&&</li>",
"影片地区":"地区：&&</li>",
"影片类型":"类型：&&</li>",
"导演":"导演：&&</li",
"主演":"主演：&&</li",
"简介":"。<p>&&</p>",
"播放二次截取":"",
"播放数组":"<div class=\"paly_list_btn\">&&</div>",
"播放列表":"<a&&/a>[替换:立即播放>>空]",
"播放标题":">&&<",
"播放链接":"href=\"&&\"",
"搜索模式":"1",
"搜索url":"https://www.subaibaiys.com/grabble?q={wd}&f=_all&p={pg}",
"搜索图片":"data-original=\"&&\"",
"搜索标题":"alt=\"&&\"",
"搜索副标题":"jidi\"&&</span>",
"搜索链接":"href=\"&&\"",
"搜索后缀":"/movie/",
"分类":"全部&电影&电视剧&热门电影&高分电影&动漫电影&香港经典电影&国产剧&欧美剧&韩剧&动漫剧&漫威宇宙电影系列)",
"分类值":"movie_bt&new-movie&tv-drama&hot-month&high-movie&cartoon-movie&hongkong-movie&domestic-drama&american-drama&korean-drama&anime-drama&marvel-movies&fastfurious&zero-zero-seven",
"分类url":"https://www.subaibaiys.com/{cateId}/{area}/year/{year}/{class}/page/{catePg}",
"筛选":
{
"movie_bt":[
{
"key":"area",
"name":"地区",
"value":[
{"v":"","n":"全部"},
{"v":"movie_bt_cat/china","n":"中国"},
{"v":"movie_bt_cat/china-taiwan","n":"中国台湾"},
{"v":"movie_bt_cat/china-mainland","n":"中国大陆"},
{"v":"movie_bt_cat/china-hongkong","n":"中国香港"},
{"v":"movie_bt_cat/japan","n":"日本"},
{"v":"movie_bt_cat/korea","n":"韩国"},
{"v":"movie_bt_cat/north-korea","n":"朝鲜"},
{"v":"movie_bt_cat/america","n":"美国"},
{"v":"movie_bt_cat/england","n":"英国"},
{"v":"movie_bt_cat/france","n":"法国"},
{"v":"movie_bt_cat/germany","n":"德国"},
{"v":"movie_bt_cat/west-germany","n":"西德"},
{"v":"movie_bt_cat/thailand","n":"泰国"},
{"v":"movie_bt_cat/india","n":"印度"},
{"v":"movie_bt_cat/singapore","n":"新加坡"}
]
},
{
"key":"area",
"name":"",
"value":[
{"v":"movie_bt_cat/philippines","n":"菲律宾"},
{"v":"movie_bt_cat/russia","n":"俄罗斯"},
{"v":"movie_bt_cat/belarus","n":"白俄罗斯"},
{"v":"movie_bt_cat/sovietunion","n":"苏联"},
{"v":"movie_bt_cat/spain","n":"西班牙"},
{"v":"movie_bt_cat/italy","n":"意大利"},
{"v":"movie_bt_cat/canada","n":"加拿大"},
{"v":"movie_bt_cat/australia","n":"澳大利亚"},
{"v":"movie_bt_cat/vietnam","n":"越南"},
{"v":"movie_bt_cat/bhutan","n":"不丹"},
{"v":"movie_bt_cat/denmark","n":"丹麦"},
{"v":"movie_bt_cat/ukraine","n":"乌克兰"},
{"v":"movie_bt_cat/uruguay","n":"乌拉圭"},
{"v":"movie_bt_cat/israel","n":"以色列"},
{"v":"movie_bt_cat/iraq","n":"伊拉克"}
]
},
{
"key":"area",
"name":"",
"value":[
{"v":"movie_bt_cat/iran","n":"伊朗"},
{"v":"movie_bt_cat/bulgaria","n":"保加利亚"},
{"v":"movie_bt_cat/croatia","n":"克罗地亚"},
{"v":"movie_bt_cat/iceland","n":"冰岛"},
{"v":"movie_bt_cat/hungary","n":"匈牙利"},
{"v":"movie_bt_cat/south-africa","n":"南非"},
{"v":"movie_bt_cat/botswana","n":"博茨瓦纳"},
{"v":"movie_bt_cat/qatar","n":"卡塔尔"},
{"v":"movie_bt_cat/luxembourg","n":"卢森堡"},
{"v":"movie_bt_cat/indonesia","n":"印度尼西亚"},
{"v":"movie_bt_cat/kazakhstan","n":"哈萨克斯坦"},
{"v":"movie_bt_cat/colombia","n":"哥伦比亚"},
{"v":"movie_bt_cat/turkey","n":"土耳其"},
{"v":"movie_bt_cat/serbia","n":"塞尔维亚"},
{"v":"movie_bt_cat/cyprus","n":"塞浦路斯"},
{"v":"movie_bt_cat/mexico","n":"墨西哥"},
{"v":"movie_bt_cat/dominica","n":"多米尼加"},
{"v":"movie_bt_cat/austria","n":"奥地利"},
{"v":"movie_bt_cat/venezuela","n":"委内瑞拉"},
{"v":"movie_bt_cat/nigeria","n":"尼日利亚"},
{"v":"movie_bt_cat/paraguay","n":"巴拉圭"},
{"v":"movie_bt_cat/brazil","n":"巴西"},
{"v":"movie_bt_cat/greece","n":"希腊"},
{"v":"movie_bt_cat/latvia","n":"拉脱维亚"},
{"v":"movie_bt_cat/norway","n":"挪威"},
{"v":"movie_bt_cat/chech","n":"捷克"},
{"v":"movie_bt_cat/斯洛伐克","n":"斯洛伐克"},
{"v":"movie_bt_cat/slovenia","n":"斯洛文尼亚"},
{"v":"movie_bt_cat/zealand","n":"新西兰"},
{"v":"movie_bt_cat/chile","n":"智利"},
{"v":"movie_bt_cat/cambodia","n":"柬埔寨"},
{"v":"movie_bt_cat/georgia","n":"格鲁吉亚"},
{"v":"movie_bt_cat/belgium","n":"比利时"},
{"v":"movie_bt_cat/saudi-arabia","n":"沙特阿拉伯"},
{"v":"movie_bt_cat/poland","n":"波兰"},
{"v":"movie_bt_cat/puertorco","n":"波多黎各"},
{"v":"movie_bt_cat/bohei","n":"波黑"},
{"v":"movie_bt_cat/ireland","n":"爱尔兰"},
{"v":"movie_bt_cat/estonia","n":"爱沙尼亚"},
{"v":"movie_bt_cat/sweden","n":"瑞典"},
{"v":"movie_bt_cat/switzerland","n":"瑞士"},
{"v":"movie_bt_cat/peru","n":"秘鲁"},
{"v":"movie_bt_cat/tunisia","n":"突尼斯"},
{"v":"movie_bt_cat/lithuania","n":"立陶宛"},
{"v":"movie_bt_cat/romania","n":"罗马尼亚"},
{"v":"movie_bt_cat/finland","n":"芬兰"},
{"v":"movie_bt_cat/netherlands","n":"荷兰"},
{"v":"movie_bt_cat/argentina","n":"阿根廷"},
{"v":"movie_bt_cat/malaysia","n":"马来西亚"},
{"v":"movie_bt_cat/马耳他","n":"马耳他"}
]
},
{
"key":"class",
"name":"剧情",
"value":[
{"v":"","n":"全部"},
{"v":"movie_bt_tags/pop-popular","n":"POP流行"},
{"v":"movie_bt_tags/biography","n":"传记"},
{"v":"movie_bt_tags/child","n":"儿童"},
{"v":"movie_bt_tags/adventure","n":"冒险"},
{"v":"movie_bt_tags/plot","n":"剧情"},
{"v":"movie_bt_tags/action","n":"动作"},
{"v":"movie_bt_tags/anime","n":"动漫"},
{"v":"movie_bt_tags/animation","n":"动画"},
{"v":"movie_bt_tags/history","n":"历史"},
{"v":"movie_bt_tags/costume","n":"古装"},
{"v":"movie_bt_tags/antiquity","n":"古风"},
{"v":"movie_bt_tags/homosexual","n":"同性"},
{"v":"movie_bt_tags/comedy","n":"喜剧"},
{"v":"movie_bt_tags/fantasy","n":"奇幻"},
{"v":"movie_bt_tags/family","n":"家庭"},
{"v":"movie_bt_tags/terror","n":"恐怖"},
{"v":"movie_bt_tags/suspense","n":"悬疑"}
]
},
{
"key":"class",
"name":"",
"value":[
{"v":"movie_bt_tags/erotic","n":"情色"},
{"v":"movie_bt_tags/thriller","n":"惊悚"},
{"v":"movie_bt_tags/drama","n":"戏曲"},
{"v":"movie_bt_tags/war","n":"战争"},
{"v":"movie_bt_tags/latin","n":"拉丁"},
{"v":"movie_bt_tags/funny","n":"搞笑"},
{"v":"movie_bt_tags/campus","n":"校园"},
{"v":"movie_bt_tags/song-and-dance","n":"歌舞"},
{"v":"movie_bt_tags/martial-arts","n":"武侠"},
{"v":"movie_bt_tags/disaster","n":"灾难"},
{"v":"movie_bt_tags/love","n":"爱情"},
{"v":"movie_bt_tags/crime","n":"犯罪"},
{"v":"movie_bt_tags/fancy","n":"玄幻"},
{"v":"movie_bt_tags/reality-show","n":"真人秀"},
{"v":"movie_bt_tags/short-film","n":"短片"},
{"v":"movie_bt_tags/kehuan","n":"科幻"},
{"v":"movie_bt_tags/documentary","n":"纪录片"},
{"v":"movie_bt_tags/talkshow","n":"脱口秀"}
]
},
{
"key":"class",
"name":"剧情",
"value":[
{"v":"movie_bt_tags/stageart","n":"舞台艺术"},
{"v":"movie_bt_tags/west","n":"西部"},
{"v":"movie_bt_tags/sport","n":"运动"},
{"v":"movie_bt_tags/youth","n":"青春"},
{"v":"movie_bt_tags/music","n":"音乐"},
{"v":"movie_bt_tags/ghost","n":"鬼怪"},
{"v":"movie_bt_tags/black-film","n":"黑色电影"}
]
},
{
"key":"year",
"name":"年份",
"value":[
{"n":"全部","v":""},
{"n":"2023","v":"2023"},
{"n":"2022","v":"2022"},
{"n":"2021","v":"2021"},
{"n":"2020","v":"2020"},
{"n":"2019","v":"2019"},
{"n":"2018","v":"2018"},
{"n":"2017","v":"2017"},
{"n":"2016","v":"2016"},
{"n":"2015","v":"2015"},
{"n":"2014","v":"2014"},
{"n":"2013","v":"2013"},
{"n":"2012","v":"2012"},
{"n":"2011","v":"2011"},
{"n":"2010","v":"2010"},
{"n":"2009","v":"2009"},
{"n":"2008","v":"2008"},
{"n":"2007","v":"2007"},
{"n":"2006","v":"2006"},
{"n":"2005","v":"2005"},
{"n":"2004","v":"2004"},
{"n":"2003","v":"2003"},
{"n":"2002","v":"2002"},
{"n":"2001","v":"2001"},
{"n":"2000","v":"2000"},
{"n":"1999","v":"1999"},
{"n":"1998","v":"1998"},
{"n":"1997","v":"1997"},
{"n":"1996","v":"1996"},
{"n":"1995","v":"1995"},
{"n":"1994","v":"1994"},
{"n":"1993","v":"1993"},
{"n":"1992","v":"1992"},
{"n":"1991","v":"1991"},
{"n":"1990","v":"1990"},
{"n":"1989","v":"1989"},
{"n":"1988","v":"1988"},
{"n":"1987","v":"1987"},
{"n":"1986","v":"1986"},
{"n":"1985","v":"1985"},
{"n":"1984","v":"1984"},
{"n":"1983","v":"1983"},
{"n":"1982","v":"1982"},
{"n":"1981","v":"1981"},
{"n":"1980","v":"1980"},
{"n":"1979","v":"1979"},
{"n":"1978","v":"1978"},
{"n":"1977","v":"1977"},
{"n":"1976","v":"1976"},
{"n":"1975","v":"1975"},
{"n":"1974","v":"1974"},
{"n":"1973","v":"1973"},
{"n":"1972","v":"1972"},
{"n":"1971","v":"1971"},
{"n":"1970","v":"1970"},
{"n":"1969","v":"1969"},
{"n":"1968","v":"1968"},
{"n":"1967","v":"1967"},
{"n":"1966","v":"1966"},
{"n":"1965","v":"1965"},
{"n":"1964","v":"1964"},
{"n":"1963","v":"1963"},
{"n":"1962","v":"1962"},
{"v":"1959","n":"1959"},
{"v":"1954","n":"1954"},
{"v":"1952","n":"1952"},
{"v":"1950","n":"1950"},
{"v":"1949","n":"1949"},
{"v":"1948","n":"1948"},
{"v":"1940","n":"1940"},
{"v":"1939","n":"1939"},
{"v":"1925","n":"1925"}
]
}
]
}
}