{
  "name": "老电影",
  "url": "https://www.laodyw.com/",
  "tihuan": "cnzz.com",
  "User": "空",
  "shouye": "1",
  //"fenlei": "电视剧$/tv/index_1_______#电影$/mov/index_1_______#综艺$/fun/index_1_______#动漫$/cartoon/index_1_______",
  "fenlei": "国产剧$/guocanju/index_#香港剧$/xianggangju/index_#台湾剧$/taiwanju/index_#韩国剧$/hanguoju/index_#日本剧$/ribenju/index_#欧美剧$/oumeiju/index_#海外剧$/haiwaiju/index_#动漫$/cartoon/index_#综艺$/fun/index_#纪录片$/jilupian/index_#喜剧片$/xijupian/index_#动作片$/dongzuopian/index_#科幻片$/kehuanpian/index_#恐怖片$/kongbupian/index_#爱情片$/aiqingpian/index_#战争片$/zhanzhengpian/index_#犯罪片$/fanzuipian/index_#剧情片$/juqingpian/index_#经典片$/jingdianpian/index_",
  //"houzhui": ".html",
  "houzhui": "_______1.html",
  "shifouercijiequ": "0",
  "jiequqian": "空",
  "jiequhou": "空",
  
  "jiequshuzuqian": "class=\"stui-vodlist__box",
  "jiequshuzuhou": "</div>",
  "tupianqian": "original=\"",
  "tupianhou": "\"",
  "biaotiqian": "title=\"",
  "biaotihou": "\"",
  "lianjieqian": "href=\"",
  "lianjiehou": "\"",
  
  "sousuoqian": "/index.php/ajax/suggest?mid=1&wd=",
  "sousuohou": "&limit=500",
  "sousuohouzhui": "",
  "ssmoshi": "0",
  "sousuoshifouercijiequ": "0",
  "jspic": "pic",
  "jsname": "name",
  "jsid": "id",
  "ssjiequqian": "空",
  "ssjiequhou": "空",
  "ssjiequshuzuqian": "<a",
  "ssjiequshuzuhou": "</a>",
  "sstupianqian": "original=\"",
  "sstupianhou": "\"",
  "ssbiaotiqian": "title=\"",
  "ssbiaotihou": "\"",
  "sslianjieqian": "href=\"",
  "sslianjiehou": "\"",
  "bfshifouercijiequ": "0",
  "bfjiequqian": "空",
  "bfjiequhou": "空",
  
  "bfjiequshuzuqian": "class=\"stui-content__playlist clearfix",
  "bfjiequshuzuhou": "</ul>",
  
  "zhuangtaiqian": "状态：",
  "zhuangtaihou": "</p>",
  "daoyanqian": "导演：",
  "daoyanhou": "</a>",
  "zhuyanqian": "主演：",
  "zhuyanhou": "</p>",
  "juqingqian": "剧情：",
  "juqinghou": "</p>",
  "bfyshifouercijiequ": "0",
  "bfyjiequqian": "空",
  "bfyjiequhou": "空",
  
  "bfyjiequshuzuqian": "<li",
  "bfyjiequshuzuhou": "</li>",
  "bfbiaotiqian": "\">",
  //"bfbiaotihou": "</a>",
  "bfbiaotihou": "<",
  "bflianjieqian": "href=\"",
  "bflianjiehou": "\""
}