{
  "name": "花猫TV",
  "url": "http://www.huamaotv.com",
  "User": "空",
  "shouye": "1",
  "fenlei": "电影$/type/1-#连续剧$/type/2-#综艺$/type/3-#动漫$/type/4-#",
  "houzhui": ".html",
  "shifouercijiequ": "0",
  "jiequqian": "空",
  "jiequhou": "空",
  "jiequshuzuqian": "class=\"stui-vodlist__item",
  "jiequshuzuhou": "</a>",
  "tupianqian": "data-original=\"",
  "tupianhou": "\"",
  "biaotiqian": "title=\"",
  "biaotihou": "\"",
  "lianjieqian": "href=\"",
  "lianjiehou": "\"",
  "sousuoqian": "/index.php/ajax/suggest?mid=1&wd=",
  "sousuohou": "&limit=500",
  "sousuohouzhui": "/detail/",
  "ssmoshi": "0",
  "sousuoshifouercijiequ": "0",
  "jspic": "pic",
  "jsname": "name",
  "jsid": "id",
  "ssjiequqian": "空",
  "ssjiequhou": "空",
  "ssjiequshuzuqian": "空",
  "ssjiequshuzuhou": "空",
  "sstupianqian": "空",
  "sstupianhou": "空",
  "ssbiaotiqian": "空",
  "ssbiaotihou": "空",
  "sslianjieqian": "空",
  "sslianjiehou": "空",
  "bfshifouercijiequ": "0",
  "bfjiequqian": "空",
  "bfjiequhou": "空",
  "bfjiequshuzuqian": "class=\"stui-content__playlist clearfix\"",
  "bfjiequshuzuhou": "</ul>",
  "zhuangtaiqian": "class=\"data\"",
  "zhuangtaihou": "</p>",
  "daoyanqian": "导演：</span>",
  "daoyanhou": "</p>",
  "zhuyanqian": "主演：</span>",
  "zhuyanhou": "</p>",
  "juqingqian": "",
  "juqinghou": "",
  "bfyshifouercijiequ": "0",
  "bfyjiequqian": "空",
  "bfyjiequhou": "空",
  "bfyjiequshuzuqian": "<li>",
  "bfyjiequshuzuhou": "</li>",
  "bfbiaotiqian": "\">",
  "bfbiaotihou": "</a>",
  "bflianjieqian": "href=\"",
  "bflianjiehou": "\""
}