{
    "规则名": "野荷塘影院",
    "规则作者": "香雅情",
    "请求头参数": "手机",
    "网页编码格式": "UTF-8",
    "图片是否需要代理": "0",
    "是否开启获取首页数据": "1",
    "首页推荐链接": "https://www.yehetang.cc",
    "首页列表数组规则": "body&&.index_vod:has(.vod_remarks)",
    "首页片单列表数组规则": ".vod_item",
    "首页片单是否Jsoup写法": "1",
    "分类起始页码": "1",
    "分类链接": "https://www.yehetang.cc/show/{cateId}-{area}-{by}-{class}-{lang}----{catePg}---{year}.html",
    "分类名称": "电影&电视剧&综艺&动漫&少儿",
    "分类名称替换词": "1&2&3&4&33",
    //"筛选数据": {},
    "筛选数据": "ext",
    //{cateId}
    "筛选子分类名称": "动作片&喜剧片&爱情片&科幻片&恐怖片&剧情片&战争片&犯罪片&惊悚片&冒险片&悬疑片&武侠片&奇幻片&纪录片&动画片||国产剧&港台剧&日韩剧&欧美剧&泰国剧",
    "筛选子分类替换词": "6&7&8&9&10&11&12&20&21&22&23&24&25&26&27||13&14&15&16&28",
    //{class}
    "筛选类型名称": "喜剧&爱情&恐怖&动作&科幻&剧情&战争&警匪&犯罪&动画&奇幻&武侠&冒险&枪战&悬疑&惊悚&经典&青春&文艺&古装&历史&运动&农村&儿童||古装&战争&青春偶像&喜剧&家庭&犯罪&动作&奇幻&剧情&历史&经典&乡村&情景&商战&网剧&其他||选秀&情感&访谈&播报&旅游&音乐&美食&纪实&曲艺&生活&游戏互动&财经&求职||情感&科幻&热血&推理&搞笑&冒险&萝莉&校园&动作&机战&运动&战争&少年&少女&社会&原创&亲子&益智&励志&其他",
    "筛选类型替换词": "喜剧&爱情&恐怖&动作&科幻&剧情&战争&警匪&犯罪&动画&奇幻&武侠&冒险&枪战&悬疑&惊悚&经典&青春&文艺&古装&历史&运动&农村&儿童||古装&战争&青春偶像&喜剧&家庭&犯罪&动作&奇幻&剧情&历史&经典&乡村&情景&商战&网剧&其他||选秀&情感&访谈&播报&旅游&音乐&美食&纪实&曲艺&生活&游戏互动&财经&求职||情感&科幻&热血&推理&搞笑&冒险&萝莉&校园&动作&机战&运动&战争&少年&少女&社会&原创&亲子&益智&励志&其他",
    //{area}
    "筛选地区名称": "大陆&香港&台湾&美国&法国&英国&日本&韩国&德国&泰国&印度&意大利&西班牙&加拿大&其他||大陆&香港&韩国&美国&日本&法国&英国&德国&台湾&泰国&印度&其他||内地&港台&日韩&欧美||内地&韩国&香港&台湾&日本&美国&泰国&英国&新加坡&其他",
    "筛选地区替换词": "大陆&香港&台湾&美国&法国&英国&日本&韩国&德国&泰国&印度&意大利&西班牙&加拿大&其他||大陆&香港&韩国&美国&日本&法国&英国&德国&台湾&泰国&印度&其他||内地&港台&日韩&欧美||内地&韩国&香港&台湾&日本&美国&泰国&英国&新加坡&其他",
    //{year}
    "筛选年份名称": "",
    "筛选年份替换词": "*",
    //{lang}
    "筛选语言名称": "国语&英语&粤语&闽南语&韩语&日语&法语&德语&其它",
    "筛选语言替换词": "国语&英语&粤语&闽南语&韩语&日语&法语&德语&其它",
    //{by}
    "筛选排序名称": "时间&人气&评分",
    "筛选排序替换词": "time&hits&score",
    "分类截取模式": "1",
    "分类列表数组规则": ".list&&li",
    "分类片单是否Jsoup写法": "1",
    "分类片单标题": "img&&alt",
    "分类片单链接": "a&&href",
    "分类片单图片": ".lazy||.lazyload&&data-original||data-src",
    "分类片单副标题": ".vod_remarks&&Text",
    "分类片单链接加前缀": "https://www.yehetang.cc",
    "分类片单链接加后缀": "",
    "搜索请求头参数": "User-Agent$手机",
    "搜索链接": "https://www.yehetang.cc/vodsearch/-------------.html?wd={wd}",
    "POST请求数据": "",
    "搜索截取模式": "1",
    "搜索列表数组规则": ".list&&li",
    "搜索片单是否Jsoup写法": "1",
    "搜索片单图片": ".lazy&&data-original",
    "搜索片单标题": "img&&alt",
    "搜索片单链接": "a&&href",
    "搜索片单副标题": ".vod_remarks&&Text",
    "搜索片单链接加前缀": "https://www.yehetang.cc",
    "搜索片单链接加后缀": "",
    "链接是否直接播放": "0",
    "直接播放链接加前缀": "https://live.52sf.ga/huya/",
    "直接播放链接加后缀": "#isVideo=true#",
    "直接播放直链视频请求头": "authority$ku.peizq.online#Referer$https://play.peizq.online",
    "详情是否Jsoup写法": "1",
    "类型详情": "",
    "年代详情": "",
    "地区详情": "",
    "演员详情": ".myui-info_text&&.inline_item,3&&Text!主演：",
    "简介详情": ".myui-info_text&&p,-1&&Text",
    "线路列表数组规则": ".vod_play_list&&.mdui-panel-item-title",
    "线路标题": "Text",
    "播放列表数组规则": ".vod_play_list&&.mdui-panel-item-body",
    "选集列表数组规则": "a",
    "选集标题链接是否Jsoup写法": "1",
    "选集标题": "a&&Text",
    "选集链接": "a&&href",
    "是否反转选集序列": "0",
    "选集链接加前缀": "https://www.yehetang.cc",
    "选集链接加后缀": "",
    "分析MacPlayer": "2",
    "是否开启手动嗅探": "1",
    "手动嗅探视频链接关键词": ".mp4#.m3u8#.flv#video/tos",
    "手动嗅探视频链接过滤词": ".html#=http"
}