{
  "规则名": "饭团影视",
  "规则作者": "香雅情",
  "请求头参数": "MOBILE_UA",
  "网页编码格式": "UTF-8",
  "图片是否需要代理": "0",
  "是否开启获取首页数据": "1",
  "首页推荐链接": "https://www.fantuanhd.com/",
  "首页列表数组规则": "body&&.stui-vodlist__box",
  "首页片单列表数组规则": ".stui-vodlist__thumb",
  "首页片单是否Jsoup写法": "1",
  "首页片单标题": "a&&title",
  "首页片单链接": "a&&href",
  "首页片单图片": "a&&data-original",
  "首页片单副标题": ".pic-text&&Text",
  "首页片单链接加前缀": "https://www.fantuanhd.com/",
  "首页片单链接加后缀": "",
  "分类起始页码": "1",
  "分类链接": "https://www.fantuanhd.com/show/id-{cateId}/area/{area}/by/{by}/class/{class}/lang/{lang}/page/{catePg}/year/{year}.html",
  "分类名称": "电影&电视剧&综艺&动漫&纪录片",
  "分类名称替换词": "20&21&22&23&24",
  "筛选数据": "ext",
  "筛选子分类名称": "",
  "筛选子分类替换词": "",
  "筛选类型名称": "喜剧&爱情&恐怖&动作&科幻&剧情&战争&犯罪&灾难&奇幻&悬疑&惊悚&冒险||古装&战争&偶像&犯罪&奇幻&剧情&历史&网剧||相声&真人秀&脱口秀&选秀&情感&访谈&播报&旅游&音乐&美食&纪实&舞蹈||科幻&热血&推理&搞笑&冒险&萝莉&校园&动作&机战&运动&战争&少年&少女||历史&传记&生活&人文&地理&舞台&专题&时事&宣传",
  "筛选类型替换词": "喜剧&爱情&恐怖&动作&科幻&剧情&战争&犯罪&灾难&奇幻&悬疑&惊悚&冒险||古装&战争&偶像&犯罪&奇幻&剧情&历史&网剧||相声&真人秀&脱口秀&选秀&情感&访谈&播报&旅游&音乐&美食&纪实&舞蹈||科幻&热血&推理&搞笑&冒险&萝莉&校园&动作&机战&运动&战争&少年&少女||历史&传记&生活&人文&地理&舞台&专题&时事&宣传",
  "筛选地区名称": "大陆&香港&台湾&美国&法国&英国&日本&韩国&德国&泰国&印度&其他||大陆&香港&台湾&美国&法国&英国&日本&韩国&德国&泰国&印度&其他||大陆&香港&台湾&日本&欧美&韩国||大陆&香港&台湾&日本&欧美||大陆&香港&台湾&美国&法国&英国&日本&韩国&德国&泰国&印度&其他",
  "筛选地区替换词": "大陆&香港&台湾&美国&法国&英国&日本&韩国&德国&泰国&印度&其他||大陆&香港&台湾&美国&法国&英国&日本&韩国&德国&泰国&印度&其他||大陆&香港&台湾&日本&欧美&韩国||大陆&香港&台湾&日本&欧美||大陆&香港&台湾&美国&法国&英国&日本&韩国&德国&泰国&印度&其他",
  "筛选年份名称": "2023&2022&2021&2020&2019&2018&2017&2016&2008&2000&1997&1980",
  "筛选年份替换词": "*",
  "筛选语言名称": "",
  "筛选语言替换词": "",
  "筛选排序名称": "时间&人气&评分",
  "筛选排序替换词": "time&hits&score",
  "分类截取模式": "1",
  "分类Json数据二次截取": "",
  "分类列表数组规则": "body&&.stui-vodlist__thumb",
  "分类片单是否Jsoup写法": "1",
  "分类片单标题": "a&&title",
  "分类片单链接": "a&&href",
  "分类片单图片": "a&&data-original",
  "分类片单副标题": ".pic-text&&Text",
  "分类片单链接加前缀": "",
  "分类片单链接加后缀": "https://www.fantuanhd.com/",
  "搜索请求头参数": "User-Agent$MOBILE__UA",
  "搜索链接": "https://www.fantuanhd.com/search/wd/{wd}.html",
  "POST请求数据": "",
  "搜索截取模式": "1",
  "搜索列表数组规则": "body&&.stui-vodlist__thumb",
  "搜索片单是否Jsoup写法": "1",
  "搜索片单图片": "a&&data-original",
  "搜索片单标题": "a&&title",
  "搜索片单链接": "a&&href",
  "搜索片单副标题": ".pic-text&&Text",
  "搜索片单链接加前缀": "https://www.fantuanhd.com/",
  "搜索片单链接加后缀": "",
  "链接是否直接播放": "0",
  "直接播放链接加前缀": "",
  "直接播放链接加后缀": "#isVideo=true#",
  "直接播放直链视频请求头": "",
  "详情是否Jsoup写法": "0",
  "类型详情": "类型：&&/ 地区：",
  "年代详情": "年份：&&</p>",
  "地区详情": "地区：&&/ 年份：",
  "演员详情": "主演：&&</p>",
  "简介详情": "detail-sketch\">&&</p>",
  "线路列表数组规则": "body&&.stui-vodlist__head",
  "线路标题": "Text",
  "播放列表数组规则": "body&&.stui-content__playlist.clearfix",
  "选集列表数组规则": "a",
  "选集标题链接是否Jsoup写法": "1",
  "选集标题": "a&&Text",
  "选集链接": "a&&href",
  "是否反转选集序列": "0",
  "选集链接加前缀": "https://www.fantuanhd.com/",
  "选集链接加后缀": "",
  "分析MacPlayer": "1",
  "是否开启手动嗅探": "1",
  "手动嗅探视频链接关键词": ".mp4#.m3u8#.flv#video/tos",
  "手动嗅探视频链接过滤词": ".html#?http"
}