{
	"spider":"./csp.jar;md5;d323dda049916c8d6721b957afc186c1",
	"lives":[
		{"name":"蜂蜜源","type":1,"url":"https://gh-proxy.com/https://raw.githubusercontent.com/FongMi/CatVodSpider/main/json/live.json","epg":"http://epg.51zmt.top:8000/api/diyp/?ch={epg}&date={date}","logo":"http://epg.51zmt.top:8000/{logo}"},
		{"name":"俊于源","type":0,"url":"http://home.jundie.top:81/Cat/tv/live.txt","boot":false}
	],
	"parses":[
		{"name":"蓝蓝","type":1,"url":"http://lanlan.ckflv.cn/?url=","ext":{"flag":["iqiyi","qiyi","youku","mgtv","imgo","pptv","le","sohu","bilibili","xigua","1905"]}},
		{"name":"XM","type":0,"url":"https://dm.xmflv.com:4433/?url=","ext":{"flag":["qq","iqiyi","qiyi","youku","mgtv","imgo","pptv","le","sohu","bilibili","xigua","1905"]}},
		{"name":"Par","type":0,"url":"https://jx.777jiexi.com/player/?url=","ext":{"flag":["iqiyi","qiyi","youku","mgtv","imgo","pptv","le","sohu","bilibili","xigua","1905"]}}
	],
	"sites":[
		{"key":"csp_360","name":"♨️360(官解)","type":3,"api":"csp_SP360","searchable":1,"quickSearch":1,"filterable":1},
		{"key":"csp_2345","name":"💢2345(官解)","type":3,"api":"csp_SP2345","searchable":1,"quickSearch":1,"filterable":1},
		{"key":"djs_搜狗","name":"🐕搜狗(官解)","type":3,"api":"./lib/drpy2.min.js","ext":"./js/菜狗.js"},
		{"key":"djs_优酷","name":"🥔优酷(官解)","type":3,"api":"./lib/drpy2.min.js","ext":"./js/优酷.js"},
		{"key":"djs_腾讯","name":"🐧腾讯(官解)","type":3,"api":"./lib/drpy2.min.js","ext":"./js/腾云驾雾.js"},
		{"key":"csp_芒果","name":"🍋芒果(官解)","type":3,"api":"csp_Mgtv","searchable":1,"quickSearch":1,"filterable":1},
		{"key":"csp_奇艺","name":"🥝奇艺(官解)","type":3,"api":"csp_IQIYI","searchable":1,"quickSearch":1,"filterable":1},
		{"key":"csp_易搜","name":"📀易搜(原画)","type":3,"api":"csp_YiSo","searchable":1,"quickSearch":1,"filterable":0,"playerType":2,"ext":"https://raw.liucn.cc/box/sub/ext/token."},
		{"key":"nxb_乐猪","name":"🐷乐猪(嗅探)","type":3,"api":"csp_XBiu","searchable":1,"quickSearch":1,"filterable":0,"ext":{"homeUrl":"http://www.lezhutv.com/type/{cateId}-{datePg}.html","playlist":{"sort":1}}},

		{"key":"csp_推送","name":"🔗推送(链接)","type":3,"api":"csp_Push","searchable":0,"quickSearch":0,"filterable":0,"playerType":1,"ext":"http://ali.饭太硬.ml/token"},
		{"key":"csp_本地","name":"🎬播放(本地)","type":3,"api":"csp_LocalFile","searchable":0,"quickSearch":0,"filterable":0,"type_flag":1},
		{"key":"csp_电视","name":"📺老人模式(打开直进直播)","type":3,"api":"csp_Live","searchable":0,"filterable":0,"changeable":0,"ext":"0000"}//1000ms
	],
	"flags":["iqiyi","qiyi","youku","qq","mgtv","imgo","bilibili","letv","leshi","levp","sohu","tudou","pptv","xigua","cntv","m1905","douyin","爱奇艺","奇艺","优酷","腾讯","芒果","哔哩哔哩","哔哩","搜狐","乐视","西瓜"],
	"rules":[{"host":"*","rule":["douyinvod.com","/video/tos/cn/"]},{"host":"*","rule":["default.365yg.com","/video/tos/cn/"]},{"host":"*","rule":["aliyundrive.net","response-content-disposition=",".m3u8"]},{"host":"*","rule":["aliyundrive.net","response-content-disposition=",".mp4"]},{"host":"*","rule":["aliyundrive.net","response-content-disposition=",".mkv"]},{"host":"*","rule":["/m3u8.php?path=",".m3u8"]},{"host":"zjmiao.com","rule":["play.videomiao.vip/API.php","time=","key=","path="]},{"host":"*","rule":["/API.php?time=","key=","path=",".m3u8"]},{"host":"*","rule":["oss-cn-m3u8","myqcloud.com.zh188.net","?url=",".m3u8"]},{"host":"www.007ts.me","rule":["hls.pchj.net",".m3u8"]},{"host":"*","rule":["iesdouyin.com/aweme","video_id="]},{"host":"*","rule":["huoshan.com","/item/video/"]},{"host":"*","rule":["http((?!http).){12,}?\\.(m3u8|mp4|flv|avi|mkv|rm|wmv|mpg|m4a)\\?.*"]},{"host":"*","rule":["http((?!http).){12,}\\.(m3u8|mp4|flv|avi|mkv|rm|wmv|mpg|m4a)"]},{"host":"*","rule":["mp3"]},{"host":"*","rule":["m4a"]}],
	"wallpaper":"https://tool.weetai.cn/api"
}