{//公众号：影视范，qq频道:TVBox本地包https://qun.qq.com/qqweb/qunpro/share?inviteCode=1XBvP1xJJY9，tg频道 https://t.me/TVBoxlocal
  "sites": [    {      "key": "js豆瓣",      "name": "🏮👌🏻长期维护免费接口,切勿贩卖🏮",      "type": 3,      "api": "./js/drpymin.js",      "searchable": 0,      "quickSearch": 0,      "filterable": 1,      "ext": "./js/douban.js"    },    {      "key": "人人影视",      "name": "👫人人影视",      "type": 3,      "api": "csp_xBPQ",      "searchable": 1,      "quickSearch": 1,      "filterable": 0,      "ext": "./xBPQ/人人影视.json"    },    {      "key": "local1",      "name": "本地化by影视范",      "type": 3,      "api": "",      "searchable": 0,      "quickSearch": 0,      "filterable": 0    },    {      "key": "local2",      "name": "👌🏻:影视范",      "type": 3,      "api": "",      "searchable": 0,      "quickSearch": 0,      "filterable": 0    },    {      "key": "local3",      "name": "Q频道：本地包",      "type": 3,      "api": "",      "searchable": 0,      "quickSearch": 0,      "filterable": 0    }  ],  "lives": [    {      "name": "live",      "type": 0,      "url": "./v.txt",      "epg": "http://epg.51zmt.top:8000/api/diyp/?ch={name}&date={date}",      "logo": "https://epg.112114.xyz/logo/{name}.png"    }  ],  "parses": [    {      "name": "解析聚合",      "type": 3,      "url": "Demo"    },    {      "name": "Json轮询",      "type": 2,      "url": "Sequence"    },    {      "name": "Json并发",      "type": 2,      "url": "Parallel"    },    {      "name": "辛店解析",      "type": 1,      "url": "http://bpq.xdv.icu/analysis.php?v=",      "ext": {        "flag": [          "qq",          "腾讯",          "企鹅",          "IQiYi",          "qiyi",          "爱奇艺",          "奇艺",          "youku",          "YouKu",          "优酷",          "sohu",          "SoHu",          "搜狐",          "letv",          "LeShi",          "乐视",          "imgo",          "mgtv",          "MangGuo",          "芒果",          "SLYS4k",          "BYGA",          "luanzi",          "AliS",          "dxzy",          "bilibili",          "QEYSS",          "xigua",          "西瓜视频",          "腾讯视频",          "奇艺视频",          "优酷视频",          "芒果视频",          "乐视视频"        ]      }    },    {      "name": "2号线",      "type": 0,      "url": "https://jx.aidouer.net/?url="    },    {      "name": "3号线",      "type": 0,      "url": "https://jx.4kdv.com/?url=",      "ext": {        "flag": [          "qq",          "腾讯",          "qiyi",          "iqiyi",          "爱奇艺",          "奇艺",          "youku",          "优酷",          "mgtv",          "芒果",          "letv",          "乐视",          "pptv",          "PPTV",          "sohu",          "bilibili",          "哔哩哔哩",          "哔哩"        ]      }    },    {      "name": "4号线",      "type": 0,      "url": "https://jx.m3u8.tv/jiexi/?url=",      "ext": {        "flag": [          "qq",          "腾讯",          "qiyi",          "iqiyi",          "爱奇艺",          "奇艺",          "youku",          "优酷",          "mgtv",          "芒果",          "letv",          "乐视",          "pptv",          "PPTV",          "sohu",          "bilibili",          "哔哩哔哩",          "哔哩"        ]      }    },    {      "name": "5号线",      "type": 0,      "url": "https://www.ckmov.com/?url=",      "ext": {        "flag": [          "qq",          "腾讯",          "qiyi",          "iqiyi",          "爱奇艺",          "奇艺",          "youku",          "优酷",          "mgtv",          "芒果",          "letv",          "乐视",          "pptv",          "PPTV",          "sohu",          "bilibili",          "哔哩哔哩",          "哔哩"        ]      }    },    {      "name": "6号线",      "type": 0,      "url": "https://jx.xmflv.com/?url=",      "ext": {        "flag": [          "qq",          "腾讯",          "qiyi",          "iqiyi",          "爱奇艺",          "奇艺",          "youku",          "优酷",          "mgtv",          "芒果",          "letv",          "乐视",          "pptv",          "PPTV",          "sohu",          "bilibili",          "哔哩哔哩",          "哔哩"        ]      }    },    {      "name": "7号线",      "type": 1,      "url": "https://api.jiexi.la/?url=",      "ext": {        "flag": [          "qq",          "腾讯",          "qiyi",          "iqiyi",          "爱奇艺",          "奇艺",          "youku",          "优酷",          "mgtv",          "芒果",          "letv",          "乐视",          "pptv",          "PPTV",          "sohu",          "bilibili",          "哔哩哔哩",          "哔哩"        ]      }    },    {      "name": "8号线",      "type": 0,      "url": "https://www.nxflv.com/?url="    },    {      "name": "9号线",      "type": 0,      "url": "https://jx.bozrc.com:4433/player/?url="    },    {      "name": "10号线",      "type": 1,      "url": "http://47.108.39.237:55/api/jsonindex.php/?key=dp2xOsl8Nws8uFdY0E&url=",      "ext": {        "flag": [          "qq",          "腾讯",          "企鹅",          "IQiYi",          "qiyi",          "爱奇艺",          "奇艺",          "youku",          "YouKu",          "优酷",          "sohu",          "SoHu",          "搜狐",          "letv",          "LeShi",          "乐视",          "imgo",          "mgtv",          "MangGuo",          "芒果",          "SLYS4k",          "BYGA",          "luanzi",          "AliS",          "dxzy",          "bilibili",          "QEYSS",          "xigua",          "西瓜视频",          "腾讯视频",          "奇艺视频",          "优酷视频",          "芒果视频",          "乐视视频"        ]      }    },    {      "name": "11号线",      "type": 0,      "url": "https://www.yemu.xyz/?url=",      "ext": {        "flag": [          "qq",          "腾讯",          "qiyi",          "iqiyi",          "爱奇艺",          "奇艺",          "youku",          "优酷",          "mgtv",          "芒果",          "letv",          "乐视",          "pptv",          "PPTV",          "sohu",          "bilibili",          "哔哩哔哩",          "哔哩"        ]      }    },    {      "name": "12号线",      "type": 0,      "url": "http://jiexi.parses.repl.co/api.php?url="    },    {      "name": "13号线",      "type": 0,      "url": "https://jx.ccabc.cc/byg/?url="    },    {      "name": "14号线",      "type": 0,      "url": "https://jx.zhanlangbu.com/?url=",      "ext": {        "header": {          "User-Agent": "okhttp/4.1.0"        },        "flag": [          "qq",          "腾讯",          "qiyi",          "爱奇艺",          "奇艺",          "youku",          "优酷",          "mgtv",          "芒果",          "letv",          "乐视",          "pptv",          "PPTV",          "sohu",          "bilibili",          "哔哩哔哩",          "哔哩"        ]      }    },    {      "name": "15号线",      "type": 0,      "url": "http://lanlan.ckflv.cn/?url=",      "ext": {        "flag": [          "qiyi",          "qq",          "letv",          "sohu",          "youku",          "mgtv",          "bilibili",          "wasu",          "xigua",          "1905"        ]      }    },    {      "name": "16号线",      "type": 0,      "url": "https://okjx.cc/?url="    },    {      "name": "17号线",      "type": 0,      "url": "http://jx.ivito.cn/?url="    },    {      "name": "18号线",      "type": 0,      "url": "https://dm.xbqgx.com/?url="    },    {      "name": "19号线",      "type": 0,      "url": "https://vip.bljiex.com/?v="    },    {      "name": "20号线",      "type": 0,      "url": "http://pandown.pro/app/ysmjx.php?url=",      "ext": {        "flag": [          "qq",          "腾讯",          "qiyi",          "爱奇艺",          "奇艺",          "youku",          "优酷",          "mgtv",          "芒果",          "letv",          "乐视",          "pptv",          "PPTV",          "sohu",          "bilibili",          "哔哩哔哩",          "哔哩"        ],        "header": {          "User-Agent": "okhttp/4.1.0"        }      }    }  ],  "flags": [    "youku",    "qq",    "QQ",    "iqiyi",    "qiyi",    "letv",    "sohu",    "tudou",    "pptv",    "PPTV",    "mgtv",    "ltnb",    "rx",    "SLYS4k",    "BYGA",    "luanzi",    "dxzy",    "QEYSS",    "aliyun",    "AliS",    "122",    "chuangying",    "CL4K",    "xfyun",    "wuduzy",    "wasu",    "bilibili",    "renrenmi",    "xmm",    "xigua",    "m1905",    "funshion",    "优酷",    "芒果",    "腾讯",    "爱奇艺",    "奇艺",    "哔哩哔哩",    "哔哩",    "西瓜视频",    "腾讯视频",    "奇艺视频",    "优酷视频",    "芒果视频",    "乐视视频"  ],  "ijk": [    {      "group": "软解码",      "options": [        {          "category": 4,          "name": "opensles",          "value": "0"        },        {          "category": 4,          "name": "overlay-format",          "value": "842225234"        },        {          "category": 4,          "name": "framedrop",          "value": "1"        },        {          "category": 4,          "name": "soundtouch",          "value": "1"        },        {          "category": 4,          "name": "start-on-prepared",          "value": "1"        },        {          "category": 1,          "name": "http-detect-range-support",          "value": "0"        },        {          "category": 1,          "name": "fflags",          "value": "fastseek"        },        {          "category": 2,          "name": "skip_loop_filter",          "value": "48"        },        {          "category": 4,          "name": "reconnect",          "value": "1"        },        {          "category": 4,          "name": "max-buffer-size",          "value": "5242880"        },        {          "category": 4,          "name": "enable-accurate-seek",          "value": "0"        },        {          "category": 4,          "name": "mediacodec",          "value": "0"        },        {          "category": 4,          "name": "mediacodec-auto-rotate",          "value": "0"        },        {          "category": 4,          "name": "mediacodec-handle-resolution-change",          "value": "0"        },        {          "category": 4,          "name": "mediacodec-hevc",          "value": "0"        },        {          "category": 1,          "name": "dns_cache_timeout",          "value": "600000000"        }      ]    },    {      "group": "硬解码",      "options": [        {          "category": 4,          "name": "opensles",          "value": "0"        },        {          "category": 4,          "name": "overlay-format",          "value": "842225234"        },        {          "category": 4,          "name": "framedrop",          "value": "1"        },        {          "category": 4,          "name": "soundtouch",          "value": "1"        },        {          "category": 4,          "name": "start-on-prepared",          "value": "1"        },        {          "category": 1,          "name": "http-detect-range-support",          "value": "0"        },        {          "category": 1,          "name": "fflags",          "value": "fastseek"        },        {          "category": 2,          "name": "skip_loop_filter",          "value": "48"        },        {          "category": 4,          "name": "reconnect",          "value": "1"        },        {          "category": 4,          "name": "max-buffer-size",          "value": "5242880"        },        {          "category": 4,          "name": "enable-accurate-seek",          "value": "0"        },        {          "category": 4,          "name": "mediacodec",          "value": "1"        },        {          "category": 4,          "name": "mediacodec-auto-rotate",          "value": "1"        },        {          "category": 4,          "name": "mediacodec-handle-resolution-change",          "value": "1"        },        {          "category": 4,          "name": "mediacodec-hevc",          "value": "1"        },        {          "category": 1,          "name": "dns_cache_timeout",          "value": "600000000"        }      ]    }  ],  "ads": [    "wan.51img1.com",    "iqiyi.hbuioo.com",    "vip.ffzyad.com",    "https://lf1-cdn-tos.bytegoofy.com/obj/tos-cn-i-dy/455ccf9e8ae744378118e4bd289288dd",    "mimg.0c1q0l.cn",    "www.googletagmanager.com",    "www.google-analytics.com",    "mc.usihnbcq.cn",    "mg.g1mm3d.cn",    "mscs.svaeuzh.cn",    "cnzz.hhttm.top",    "tp.vinuxhome.com",    "cnzz.mmstat.com",    "www.baihuillq.com",    "s23.cnzz.com",    "z3.cnzz.com",    "c.cnzz.com",    "stj.v1vo.top",    "z12.cnzz.com",    "img.mosflower.cn",    "tips.gamevvip.com",    "ehwe.yhdtns.com",    "xdn.cqqc3.com",    "www.jixunkyy.cn",    "sp.chemacid.cn",    "hm.baidu.com",    "s9.cnzz.com",    "z6.cnzz.com",    "um.cavuc.com",    "mav.mavuz.com",    "wofwk.aoidf3.com",    "z5.cnzz.com",    "xc.hubeijieshikj.cn",    "tj.tianwenhu.com",    "xg.gars57.cn",    "k.jinxiuzhilv.com",    "cdn.bootcss.com",    "ppl.xunzhuo123.com",    "xomk.jiangjunmh.top",    "img.xunzhuo123.com",    "z1.cnzz.com",    "s13.cnzz.com",    "xg.huataisangao.cn",    "z7.cnzz.com",    "xg.huataisangao.cn",    "z2.cnzz.com",    "s96.cnzz.com",    "q11.cnzz.com",    "thy.dacedsfa.cn",    "xg.whsbpw.cn",    "s19.cnzz.com",    "z8.cnzz.com",    "s4.cnzz.com",    "f5w.as12df.top",    "ae01.alicdn.com",    "www.92424.cn",    "k.wudejia.com",    "vivovip.mmszxc.top",    "qiu.xixiqiu.com",    "cdnjs.hnfenxun.com",    "cms.qdwght.com"  ],  "wallpaper": "https://yydsys.top/bg.php",  "warningText": "👌🏻家庭接口完全免费，切勿付费购买。",  "spider": "./duo.jar;md5;de062a37a01ea422bd3d49f935f1c605"}