{spider:'https://ghproxy.com/https://raw.githubusercontent.com/tv-player/tvbox-line/main/box/jar/kkwcoio8.jar;md5;F4EE03B9F90DC4D6A9F31D4E6920D25F',lives:[{group:'redirect',channels:[{name:'live',urls:['proxy://do=live&type=txt&ext=aHR0cHM6Ly9hZ2l0LmFpL1lvdXJzbWlsZTcvVFZCb3gvcmF3L2JyYW5jaC9tYXN0ZXIvbGl2ZS50eHQ=']}]}],sites:[{key:'csp_Cokemv',name:'🥇Cokemv',type:3,api:'csp_Cokemv',playerType:1,searchable:1,quickSearch:1,filterable:1},{key:'Czsapp',name:'🥇厂长',type:'3',api:'csp_Dora',searchable:'1',quickSearch:'1',filterable:'1',ext:'8ee655f702d0d21f3643504783babbc3',jar:'http://xn--cdun98c.tk:86/api/v3/file/get/737/ts.jar?sign=RyqCdJ4fn0AEjlN5ZlYqm02vO0V_0GIOeRmCBFekX7o%3D%3A0'},{key:'csp_Lib',name:'🥇LibVio',type:3,api:'csp_Lib',searchable:1,quickSearch:1,filterable:1},{key:'IKan',name:'🥇爱看',type:3,api:'csp_Dora',searchable:1,quickSearch:1,filterable:1,ext:'a4ce9a4ba7d4f4bced2ff9dfc4ab4e50',jar:'http://xn--cdun98c.tk:86/api/v3/file/get/737/ts.jar?sign=RyqCdJ4fn0AEjlN5ZlYqm02vO0V_0GIOeRmCBFekX7o%3D%3A0'},{key:'小苹果',name:'🍎小苹果',type:3,api:'csp_LiteApple',searchable:1,quickSearch:1,filterable:1},{key:'AppTT',name:'🥇图图',type:'3',api:'csp_Dora',searchable:'1',quickSearch:'1',filterable:'1',ext:'110c922de7d69804467fb83d3bb664b5',jar:'http://xn--cdun98c.tk:86/api/v3/file/get/737/ts.jar?sign=RyqCdJ4fn0AEjlN5ZlYqm02vO0V_0GIOeRmCBFekX7o%3D%3A0'},{key:'csp_fant',name:'🍙饭团',api:'csp_Fantuan',type:3,filterable:1,quickSearch:1,searchable:1},{key:'csp_Voflix',name:'🌀Voflix',type:3,api:'csp_Voflix',searchable:1,quickSearch:1,filterable:1},{key:'csp_DiDuan',name:'📺低端影视',type:3,api:'csp_Ddrk',click:'ddys.tv;//vjsp > button',searchable:1,quickSearch:1,filterable:0},{key:'csp_Zxzj',name:'🏠在线之家',type:3,api:'csp_Zxzj',searchable:1,quickSearch:1,filterable:1},{key:'Smdyy',name:'🐎神马影院',type:3,api:'csp_Smdyy',searchable:1,quickSearch:1,filterable:1},{key:'csp_Auete',name:'🐼奥特',type:3,api:'csp_Auete',searchable:1,quickSearch:1,filterable:1},{key:'csp_Lgyy',name:'💧蓝光影院',type:3,api:'csp_Lgyy',searchable:1,quickSearch:1,filterable:1},{key:'csp_剧荒',name:'👿剧荒',type:3,api:'csp_Juhuang',searchable:1,quickSearch:1,filterable:1},{key:'Yanet',name:'鸭奈飞',type:3,api:'csp_Dora',searchable:1,quickSearch:1,filterable:1,ext:'a369b1f623fe86605f1b029f0cf66349',jar:'http://xn--cdun98c.tk:86/api/v3/file/get/737/ts.jar?sign=RyqCdJ4fn0AEjlN5ZlYqm02vO0V_0GIOeRmCBFekX7o%3D%3A0'},{key:'Pang',name:'胖虎',type:'3',api:'csp_Dora',searchable:'1',quickSearch:'1',filterable:'1',ext:'c41fdb671b20925c76fa9b6ff8bad027',jar:'http://xn--cdun98c.tk:86/api/v3/file/get/737/ts.jar?sign=RyqCdJ4fn0AEjlN5ZlYqm02vO0V_0GIOeRmCBFekX7o%3D%3A0'},{key:'88看球',name:'⚽88看球',type:3,api:'XPath3',searchable:0,quickSearch:0,filterable:0,ext:'https://ghproxy.com/https://raw.githubusercontent.com/tv-player/tvbox-line/main/box/ext/3o89epzv.json'},{key:'csp_XYQBiu_17kan',name:'⚽17kan',type:3,api:'csp_XYQBiu',searchable:0,quickSearch:0,filterable:0,ext:'https://ghproxy.com/https://raw.githubusercontent.com/tv-player/tvbox-line/main/box/ext/djykplek.json'},{key:'csp_xBPQ_抓饭体育',name:'️🍀抓饭体育（xBPQ）',type:3,api:'csp_xBPQ',searchable:1,quickSearch:1,filterable:0,ext:'{"分类url":"https://www.zhuafan.tech/sports-home/category/{cateId}","分类":"全部$/all//足球$Football//篮球$Basketball//羽乒$Badminton//台球$Billiards//棒球$Baseball//户外$Outdoors//搏击$Wrestling//综合$Others//棋盘$Boardgame//电竞$Popular//网球$Tennis//排球$Volleyball//聊天$Chat//原声$Acoustic","热门推荐":"1","起始页":"1","直接播放":"1","数组":"{&&}","图片":"imageUrl\\":\\"&&\\"","标题":"cname\\":\\"&&\\"","链接":"id\\":\\"&&\\"","链接前缀":"https://www.zhuafan.tech/"}'},{key:'csp_XPath_鹅直播',name:'🐧企鹅直播',type:3,api:'csp_XPath3',searchable:0,quickSearch:0,filterable:0,ext:'https://ghproxy.com/https://raw.githubusercontent.com/tv-player/tvbox-line/main/box/ext/mhfqqikq.json'},{key:'JRS赛事直播',name:'🏀JRS赛事直播',type:3,api:'XPath3',searchable:0,quickSearch:0,filterable:0,ext:'https://ghproxy.com/https://raw.githubusercontent.com/tv-player/tvbox-line/main/box/ext/njtxxkcz.json'},{key:'csp_xpath_17skr',name:' 🥇💢路漫漫动漫(XP)',type:3,api:'csp_XPath',searchable:1,quickSearch:1,filterable:0,ext:'https://ghproxy.com/https://raw.githubusercontent.com/tv-player/tvbox-line/main/box/ext/axu2tlfh.json'},{key:'csp_xpath_ysjdm',name:' 🥇💢异世界动漫(XPF)',type:3,api:'csp_XPathMacFilter',searchable:1,quickSearch:1,filterable:1,ext:'https://ghproxy.com/https://raw.githubusercontent.com/tv-player/tvbox-line/main/box/ext/f83ti89w.json'},{key:'csp_Anime1',name:'💢小日本动漫',type:3,api:'csp_Anime1',searchable:1,quickSearch:1,filterable:1},{key:'csp_xp_agemys',name:'💢AGE动漫',type:3,api:'csp_XPath',searchable:1,quickSearch:1,filterable:0,ext:'https://ghproxy.com/https://raw.githubusercontent.com/tv-player/tvbox-line/main/box/ext/7nmqd80c.json'},{key:'csp_xp_yinghua',name:'💢樱花动漫',type:3,api:'csp_XPath',searchable:1,quickSearch:1,filterable:0,ext:'https://ghproxy.com/https://raw.githubusercontent.com/tv-player/tvbox-line/main/box/ext/4dadd0z0.json'},{key:'Dm84',name:'💢动漫巴士',type:'3',api:'csp_Dora',searchable:'1',quickSearch:'1',filterable:'1',ext:'572192a9fe2136041a58e7219a46fb2b',jar:'https://cdn.staticaly.com/gh/franksun1211/TVBOX/blob/main/APP/JAR/cs.jar?raw=true;md5;96f2e9d946c082363d314fb8ab84de49'},{key:'csp_xpath_olevod',name:'欧乐影院(Exo)',type:3,api:'csp_XPathMacFilter',searchable:1,quickSearch:1,filterable:1,ext:'https://ghproxy.com/https://raw.githubusercontent.com/tv-player/tvbox-line/main/box/ext/38pgdqsg.json'},{key:'If101',name:'💿If101(墙外)',type:3,api:'csp_If101',searchable:1,quickSearch:1,filterable:1},{key:'世界杯',name:'一起看',type:'3',api:'csp_Dora',searchable:'1',quickSearch:'1',filterable:'1',ext:'8e3aefcba838d8dc5102ac786719d837',jar:'http://xn--cdun98c.tk:86/api/v3/file/get/737/ts.jar?sign=RyqCdJ4fn0AEjlN5ZlYqm02vO0V_0GIOeRmCBFekX7o%3D%3A0'},{key:'T4_douban',name:'🔍影视推荐(T4)',type:4,api:'http://t4.ganggang.live:3812/vod',searchable:1,quickSearch:1,filterable:1},{key:'mjxq',name:'🌏美剧星球',type:3,api:'csp_Mjxq',searchable:1,quickSearch:1,filterable:1},{key:'csp_Bd',name:'💥哔滴影视',type:3,api:'csp_Bdys01',searchable:1,quickSearch:1,filterable:1},{key:'csp_Bttoo',name:'✌两个BT',type:3,api:'csp_Bttoo',searchable:1,quickSearch:1,filterable:1},{key:'csp_Alist',name:'🅰Alist',type:3,api:'csp_Alist',searchable:1,quickSearch:0,filterable:0,ext:'丫仙女$http://alist.xiaoya.pro///米奇妙妙屋$https://anime.mqmmw.ga//小兵$https://6vv.app//杜比$https://dubi.tk//帅鹏$https://hi.shuaipeng.wang//星梦$https://pan.bashroot.top//晴园$https://alist.52qy.repl.co//梓澪$https://zi0.cc//秋雨$https://share.laowang.me//米奇$https://anime.mqmmw.ga//触光$https://pan.ichuguang.com//一只鱼$https://alist.youte.ml//七米蓝$https://al.chirmyram.com//浩瀚吧$https://8023.haohanba.cn//云播放$https://quanzi.laoxianghuijia.cn//姬路白雪$https://pan.jlbx.xyz//神族九帝$https://alist.shenzjd.com//资源小站$https://960303.xyz//Disk$http://124.222.140.243:8080//神器云$https://quanzi.laoxianghuijia.cn'},{key:'AliPS',name:'😻盘搜',type:3,api:'csp_AliPS',searchable:1,playerType:1,quickSearch:1,filterable:1,ext:'https://agit.ai/Yoursmile7/TVBox/branch/master/token.txt'},{key:'Gitcafe',name:'📜小纸条',type:3,api:'csp_Gitcafe',searchable:1,playerType:1,quickSearch:1,filterable:1,ext:'https://agit.ai/Yoursmile7/TVBox/branch/master/token.txt'},{key:'FindZY',name:'🦊找资源',type:3,api:'csp_Zhaozy',searchable:1,playerType:1,quickSearch:1,filterable:1,ext:'https://agit.ai/Yoursmile7/TVBox/branch/master/token.txt'},{key:'csp_Yisou',name:'🆎易搜',type:3,api:'csp_Yisou',searchable:1,playerType:1,quickSearch:1,filterable:1,ext:'https://agit.ai/Yoursmile7/TVBox/branch/master/token.txt'},{key:'csp_Upyunso',name:'☁️Up云搜',type:3,api:'csp_Upyunso',searchable:1,playerType:1,quickSearch:1,filterable:1,ext:'https://agit.ai/Yoursmile7/TVBox/branch/master/token.txt'},{key:'push_agent',name:'🍭推送',type:3,api:'csp_PushAgent',searchable:1,playerType:1,quickSearch:1,filterable:1,ext:'https://agit.ai/Yoursmile7/TVBox/branch/master/token.txt'},{key:'csp_Gitcafe',name:'纸条（ts）',type:'3',api:'csp_Gitcafe',searchable:'1',quickSearch:'1',filterable:'1',ext:'https://agit.ai/Yoursmile7/TVBox/branch/master/token.txt',jar:'http://xn--cdun98c.tk:86/api/v3/file/get/737/ts.jar?sign=RyqCdJ4fn0AEjlN5ZlYqm02vO0V_0GIOeRmCBFekX7o%3D%3A0'},{key:'csp_Bili',name:'🅱️哔哩哔哩',type:3,api:'csp_Bili',searchable:1,quickSearch:1,filterable:1,ext:'https://ghproxy.com/https://raw.githubusercontent.com/tv-player/tvbox-line/main/box/ext/cstls8vy.json'}],parses:[{name:'解析聚合',type:3,url:'Demo'},{name:'刚刚走过',type:1,url:'http://jx.fuqizhishi.com:63/API.php?appkey=feimao&url='},{name:'rx2',type:1,url:'http://rxjx.kuanjv.com/allm3u8.php?url='},{name:'未知',type:1,url:'http://pandown.pro/app/ysmjx.php?url=',ext:{flag:['qq','腾讯','qiyi','爱奇艺','奇艺','youku','优酷','mgtv','芒果','letv','乐视','pptv','PPTV','sohu','bilibili','哔哩哔哩','哔哩'],header:{'User-Agent':'okhttp/4.1.0'}}},{name:'未知2',type:1,url:'http://45.248.10.163:4433/json.php?wap=0&url='},{name:'bt5v',type:1,url:'https://rx.bt5v.com/json/jsonindex.php/?url='},{name:'bozrc',type:0,url:'https://jx.bozrc.com:4433/player/?url=',ext:{flag:['qq','腾讯','企鹅','IQiYi','qiyi','爱奇艺','奇艺','youku','YouKu','优酷','sohu','SoHu','搜狐','letv','LeShi','乐视','mgtv','MangGuo','芒果','CL4K','renrenmi','ltnb','bilibili','1905','xigua']}},{name:'未知3',type:0,url:'https://h5.freejson.xyz/player/?url=',ext:{flag:['qq','腾讯','qiyi','爱奇艺','奇艺','youku','优酷','mgtv','芒果','letv','乐视','pptv','PPTV','sohu','bilibili','哔哩哔哩','哔哩'],header:{'User-Agent':'okhttp/4.1.0'}}},{name:'OKjx嗅探',type:0,url:'https://okjx.cc/?url='}],rules:[{host:'*',rule:['default.365yg.com']},{host:'dyxs20.com',rule:['.m3u8']},{host:'www.agemys.cc',rule:['cdn-tos','obj/tos-cn']},{host:'zjmiao.com',rule:['play.videomiao.vip/API.php','time=']},{host:'www.sharenice.net',rule:['http.*?/play.{0,3}\\?[^url]{2,8}=.*']},{host:'www.sharenice.net',rule:['qianpailive.com','vid=']},{host:'*',rule:['douyin.com/aweme','video_id=']},{host:'*',rule:['huoshan.com','/item/video/']},{host:'*',rule:['http((?!http).){12,}?\\.(m3u8|mp4|flv|avi|mkv|rm|wmv|mpg|m4a)\\?.*']},{host:'*',rule:['http((?!http).){12,}\\.(m3u8|mp4|flv|avi|mkv|rm|wmv|mpg|m4a)']}],flags:['youku','qq','iqiyi','qiyi','letv','sohu','tudou','pptv','mgtv','wasu','bilibili','csm3u8'],ijk:[{group:'软解码',options:[{category:4,name:'opensles',value:'0'},{category:4,name:'overlay-format',value:'842225234'},{category:4,name:'framedrop',value:'1'},{category:4,name:'soundtouch',value:'1'},{category:4,name:'start-on-prepared',value:'1'},{category:1,name:'http-detect-rangeupport',value:'0'},{category:1,name:'fflags',value:'fastseek'},{category:2,name:'skip_loop_filter',value:'48'},{category:4,name:'reconnect',value:'1'},{category:4,name:'enable-accurateeek',value:'0'},{category:4,name:'mediacodec',value:'0'},{category:4,name:'mediacodec-auto-rotate',value:'0'},{category:4,name:'mediacodec-handle-resolution-change',value:'0'},{category:4,name:'mediacodec-hevc',value:'0'},{category:1,name:'dns_cache_timeout',value:'600000000'}]},{group:'硬解码',options:[{category:4,name:'opensles',value:'0'},{category:4,name:'overlay-format',value:'842225234'},{category:4,name:'framedrop',value:'1'},{category:4,name:'soundtouch',value:'1'},{category:4,name:'start-on-prepared',value:'1'},{category:1,name:'http-detect-rangeupport',value:'0'},{category:1,name:'fflags',value:'fastseek'},{category:2,name:'skip_loop_filter',value:'48'},{category:4,name:'reconnect',value:'1'},{category:4,name:'enable-accurateeek',value:'0'},{category:4,name:'mediacodec',value:'1'},{category:4,name:'mediacodec-auto-rotate',value:'1'},{category:4,name:'mediacodec-handle-resolution-change',value:'1'},{category:4,name:'mediacodec-hevc',value:'1'},{category:1,name:'dns_cache_timeout',value:'600000000'}]}],ads:['mimg.0c1q0l.cn','www.googletagmanager.com','www.google-analytics.com','mc.usihnbcq.cn','mg.g1mm3d.cn','mscs.svaeuzh.cn','cnzz.hhttm.top','tp.vinuxhome.com','cnzz.mmstat.com','www.baihuillq.com','s23.cnzz.com','z3.cnzz.com','c.cnzz.com','stj.v1vo.top','z12.cnzz.com','img.mosflower.cn','tips.gamevvip.com','ehwe.yhdtns.com','xdn.cqqc3.com','www.jixunkyy.cn','sp.chemacid.cn','hm.baidu.com','s9.cnzz.com','z6.cnzz.com','um.cavuc.com','mav.mavuz.com','wofwk.aoidf3.com','z5.cnzz.com','xc.hubeijieshikj.cn','tj.tianwenhu.com','xg.gars57.cn','k.jinxiuzhilv.com','cdn.bootcss.com','ppl.xunzhuo123.com','xomk.jiangjunmh.top','img.xunzhuo123.com','z1.cnzz.com','s13.cnzz.com','xg.huataisangao.cn','z7.cnzz.com','xg.huataisangao.cn','z2.cnzz.com','s96.cnzz.com','q11.cnzz.com','thy.dacedsfa.cn','xg.whsbpw.cn','s19.cnzz.com','z8.cnzz.com','s4.cnzz.com','f5w.as12df.top','ae01.alicdn.com','www.92424.cn','k.wudejia.com','vivovip.mmszxc.top','qiu.xixiqiu.com','cdnjs.hnfenxun.com','cms.qdwght.com']}