{
  "作者": "菜妮丝https://cainisi.cf",
  "站名": "HDIK",
  "主页url": "http://hdik.xyz",
  
  "分类": "电视剧&电影&动漫&纪录片&综艺",
  "分类值": "1&2&3&4&5",
  
  "分类url": "http://hdik.xyz/index.php/vod/show{area}{by}{class}/id/{cateId}/page/{catePg}{year}.html",
  
  "副标题": "text-right\">&&</span>",
  
  "搜索模式": "1",
  "搜索url": "/index.php/vod/search/page/{pg}/wd/{wd}.html",
  "搜索数组": "<li class=\"clearfix\">&&</a>",
  "搜索图片": "data-original=\"&&\"",
  "搜索标题": "title=\"&&\"",
  "搜索副标题": "text-right\">&&</span>",
  "搜索链接": "href=\"&&\"",
  
  "影片年代": "年份：&&</p>",
  "影片地区": "地区：&&<span",
  "影片类型": "分类：&&<span",
  "导演": "导演：&&</p>",
  "主演": "主演：&&</p>",
  "简介": "display: none;\"><p>&&</span>",
  
  "线路数组": "<li><a href=\"#playlist&&</li>",
  "线路标题": "tab\">&&</a>",
  
  "播放数组": "<ul class=\"myui-content&&</ul>",
  
  "筛选":{
"1":[
  {"key":"cateId","name":"类型","value":[
  {"n":"全部","v":"1"},
  {"n":"国产剧","v":"7"},
  {"n":"日韩剧","v":"8"},
  {"n":"港台剧","v":"9"},
  {"n":"欧美剧","v":"10"},
  {"n":"泰剧","v":"11"}]},
  
  {"key":"class","name":"剧情","value":[
  {"n":"全部","v":""},
  {"n":"悬疑","v":"/class/悬疑"},
  {"n":"武侠","v":"/class/武侠"},
  {"n":"科幻","v":"/class/科幻"},
  {"n":"都市","v":"/class/都市"},
  {"n":"爱情","v":"/class/爱情"},
  {"n":"古装","v":"/class/古装"},
  {"n":"战争","v":"/class/战争"},
  {"n":"青春","v":"/class/青春"},
  {"n":"偶像","v":"/class/偶像"},
  {"n":"喜剧","v":"/class/喜剧"},
  {"n":"家庭","v":"/class/家庭"},
  {"n":"犯罪","v":"/class/犯罪"},
  {"n":"奇幻","v":"/class/奇幻"},
  {"n":"剧情","v":"/class/剧情"},
  {"n":"乡村","v":"/class/乡村"},
  {"n":"年代","v":"/class/年代"},
  {"n":"警匪","v":"/class/警匪"},
  {"n":"谍战","v":"/class/谍战"},
  {"n":"冒险","v":"/class/冒险"},
  {"n":"罪案","v":"/class/罪案"},
  {"n":"宫廷","v":"/class/宫廷"},
  {"n":"穿越","v":"/class/穿越"}]},
  
  {"key":"area","name":"地区","value":[
  {"n":"全部","v":""},
  {"n":"内地","v":"/area/内地"},
  {"n":"韩国","v":"/area/韩国"},
  {"n":"香港","v":"/area/香港"},
  {"n":"台湾","v":"/area/台湾"},
  {"n":"日本","v":"/area/日本"},
  {"n":"美国","v":"/area/美国"},
  {"n":"泰国","v":"/area/泰国"},
  {"n":"英国","v":"/area/英国"},
  {"n":"新加坡","v":"/area/新加坡"},
  {"n":"其他","v":"/area/其他"}]},
  
  {"key":"year","name":"年份","value":[
  {"n":"全部","v":""},
  {"n":"2022","v":"/year/2022"},
  {"n":"2021","v":"/year/2021"},
  {"n":"2020","v":"/year/2020"},
  {"n":"2019","v":"/year/2019"},
  {"n":"2018","v":"/year/2018"},
  {"n":"2017","v":"/year/2017"}]},
  
  {"key":"by","name":"排序","value":[
  {"n":"时间","v":"/by/time"},
  {"n":"人气","v":"/by/hits"},
  {"n":"评分","v":"/by/score"}]}],
  
"2":[
  {"key":"class","name":"剧情","value":[
  {"n":"全部","v":""},
  {"n":"喜剧","v":"/class/喜剧"},
  {"n":"爱情","v":"/class/爱情"},
  {"n":"恐怖","v":"/class/恐怖"},
  {"n":"动作","v":"/class/动作"},
  {"n":"科幻","v":"/class/科幻"},
  {"n":"剧情","v":"/class/剧情"},
  {"n":"战争","v":"/class/战争"},
  {"n":"警匪","v":"/class/警匪"},
  {"n":"犯罪","v":"/class/犯罪"},
  {"n":"动画","v":"/class/动画"},
  {"n":"奇幻","v":"/class/奇幻"},
  {"n":"武侠","v":"/class/武侠"},
  {"n":"冒险","v":"/class/冒险"},
  {"n":"枪战","v":"/class/枪战"},
  {"n":"恐怖","v":"/class/恐怖"},
  {"n":"悬疑","v":"/class/悬疑"},
  {"n":"惊悚","v":"/class/惊悚"},
  {"n":"经典","v":"/class/经典"},
  {"n":"青春","v":"/class/青春"},
  {"n":"文艺","v":"/class/文艺"},
  {"n":"微电影","v":"/class/微电影"},
  {"n":"古装","v":"/class/古装"},
  {"n":"历史","v":"/class/历史"},
  {"n":"运动","v":"/class/运动"},
  {"n":"农村","v":"/class/农村"},
  {"n":"儿童","v":"/class/儿童"},
  {"n":"网络电影","v":"/class/网络电影"}]},
  
  {"key":"area","name":"地区","value":[
  {"n":"全部","v":""},
  {"n":"大陆","v":"/area/大陆"},
  {"n":"香港","v":"/area/香港"},
  {"n":"台湾","v":"/area/台湾"},
  {"n":"美国","v":"/area/美国"},
  {"n":"法国","v":"/area/法国"},
  {"n":"英国","v":"/area/英国"},
  {"n":"日本","v":"/area/日本"},
  {"n":"韩国","v":"/area/韩国"},
  {"n":"德国","v":"/area/德国"},
  {"n":"泰国","v":"/area/泰国"},
  {"n":"印度","v":"/area/印度"},
  {"n":"意大利","v":"/area/意大利"},
  {"n":"西班牙","v":"/area/西班牙"},
  {"n":"加拿大","v":"/area/加拿大"},
  {"n":"其他","v":"/area/其他"}]},
  
  {"key":"by","name":"排序","value":[
  {"n":"时间","v":"/by/time"},
  {"n":"人气","v":"/by/hits"},
  {"n":"评分","v":"/by/score"}]}],
  
"3":[
  {"key":"class","name":"剧情","value":[
  {"n":"全部","v":""},
  {"n":"情感","v":"/class/情感"},
  {"n":"科幻","v":"/class/科幻"},
  {"n":"热血","v":"/class/热血"},
  {"n":"推理","v":"/class/推理"},
  {"n":"搞笑","v":"/class/搞笑"},
  {"n":"冒险","v":"/class/冒险"},
  {"n":"萝莉","v":"/class/萝莉"},
  {"n":"校园","v":"/class/校园"},
  {"n":"动作","v":"/class/动作"},
  {"n":"机战","v":"/class/机战"},
  {"n":"运动","v":"/class/运动"},
  {"n":"战争","v":"/class/战争"},
  {"n":"少年","v":"/class/少年"},
  {"n":"少女","v":"/class/少女"},
  {"n":"社会","v":"/class/社会"},
  {"n":"原创","v":"/class/原创"},
  {"n":"亲子","v":"/class/亲子"},
  {"n":"益智","v":"/class/益智"},
  {"n":"励志","v":"/class/励志"},
  {"n":"其他","v":"/class/其他"}]},
  
  {"key":"area","name":"地区","value":[
  {"n":"全部","v":""},
  {"n":"国产","v":"/area/国产"},
  {"n":"日本","v":"/area/日本"},
  {"n":"欧美","v":"/area/欧美"},
  {"n":"其他","v":"/area/其他"}]},
  
  {"key":"year","name":"年份","value":[
  {"n":"全部","v":""},
  {"n":"2022","v":"/year/2022"},
  {"n":"2021","v":"/year/2021"},
  {"n":"2020","v":"/year/2020"},
  {"n":"2019","v":"/year/2019"},
  {"n":"2018","v":"/year/2018"},
  {"n":"2017","v":"/year/2017"}]},
  
  {"key":"by","name":"排序","value":[
  {"n":"时间","v":"/by/time"},
  {"n":"人气","v":"/by/hits"},
  {"n":"评分","v":"/by/score"}]}],
  
"4":[
  {"key":"class","name":"剧情","value":[
  {"n":"全部","v":""},
  {"n":"探索","v":"/class/探索"},
  {"n":"社会","v":"/class/社会"},
  {"n":"人物","v":"/class/人物"},
  {"n":"军事","v":"/class/军事"},
  {"n":"文化","v":"/class/文化"},
  {"n":"科学","v":"/class/科学"},
  {"n":"旅游","v":"/class/旅游"}]},
  
  {"key":"area","name":"地区","value":[
  {"n":"全部","v":""},
  {"n":"内地","v":"/area/内地"},
  {"n":"港台","v":"/area/港台"},
  {"n":"日韩","v":"/area/日韩"},
  {"n":"欧美","v":"/area/欧美"}]},
  
  {"key":"by","name":"排序","value":[
  {"n":"时间","v":"/by/time"},
  {"n":"人气","v":"/by/hits"},
  {"n":"评分","v":"/by/score"}]}],
  
"5":[
  {"key":"class","name":"剧情","value":[
  {"n":"全部","v":""},
  {"n":"选秀","v":"/class/选秀"},
  {"n":"情感","v":"/class/情感"},
  {"n":"访谈","v":"/class/访谈"},
  {"n":"播报","v":"/class/播报"},
  {"n":"旅游","v":"/class/旅游"},
  {"n":"音乐","v":"/class/音乐"},
  {"n":"美食","v":"/class/美食"},
  {"n":"纪实","v":"/class/纪实"},
  {"n":"曲艺","v":"/class/曲艺"},
  {"n":"生活","v":"/class/生活"},
  {"n":"游戏互动","v":"/class/游戏互动"},
  {"n":"财经","v":"/class/财经"},
  {"n":"求职","v":"/class/求职"}]},
  
  {"key":"area","name":"地区","value":[
  {"n":"全部","v":""},
  {"n":"内地","v":"/area/内地"},
  {"n":"港台","v":"/area/港台"},
  {"n":"日韩","v":"/area/日韩"},
  {"n":"欧美","v":"/area/欧美"}]},
  
  {"key":"by","name":"排序","value":[
  {"n":"时间","v":"/by/time"},
  {"n":"人气","v":"/by/hits"},
  {"n":"评分","v":"/by/score"}]}]}
}