{
  "作者": "菜妮丝https://cainisi.cf",
  "站名": "莫扎兔",
  "主页url": "https://www.mozhatu.com",
  
  "分类": "电影&电视剧&综艺&动漫&记录",
  "分类值": "1&2&3&4&5",
  
  "分类url": "https://www.mozhatu.com/index.php/vod/show{area}{by}/id/{cateId}/page/{catePg}{year}.html",
  
  "副标题": "module-item-note\">&&</div>",
  
  "搜索模式": "0",
  "搜索后缀":"/index.php/vod/detail/id/",
  
  "导演": "导演：&&</div>",
  "主演": "主演：&&</div>",
  "简介": "<p>&&</p>",
  
  "线路数组": "data-dropdown-value=&&</div>",
  "线路标题": "<span>&&</small>[替换:</span><small>>>👉]+集♥",
  
  "播放数组": "module-play-list\">&&</div>",
  
  "筛选":{
"1":[
  {"key":"cateId","name":"类型","value":[
  {"n":"全部","v":"1"},
  {"n":"动作片","v":"101"},
  {"n":"喜剧片","v":"102"},
  {"n":"爱情片","v":"103"},
  {"n":"科幻片","v":"104"},
  {"n":"剧情片","v":"105"},
  {"n":"悬疑片","v":"106"},
  {"n":"惊悚片","v":"107"},
  {"n":"恐怖片","v":"108"},
  {"n":"犯罪片","v":"109"},
  {"n":"谍战片","v":"110"},
  {"n":"冒险片","v":"111"},
  {"n":"奇幻片","v":"112"},
  {"n":"灾难片","v":"113"},
  {"n":"战争片","v":"114"},
  {"n":"动画片","v":"115"},
  {"n":"歌舞片","v":"歌116舞片"},
  {"n":"历史片","v":"117"},
  {"n":"传记片","v":"118"},
  {"n":"其他片","v":"119"},
  {"n":"武侠片","v":"215"}]},
  
  {"key":"area","name":"地区","value":[
  {"n":"全部","v":""},
  {"n":"中国大陆","v":"/area/中国大陆"},
  {"n":"中国香港","v":"/area/中国香港"},
  {"n":"中国台湾","v":"/area/中国台湾"},
  {"n":"美国","v":"/area/美国"},
  {"n":"韩国","v":"/area/韩国"},
  {"n":"日本","v":"/area/日本"},
  {"n":"法国","v":"/area/法国"},
  {"n":"英国","v":"/area/英国"},
  {"n":"德国","v":"/area/德国"},
  {"n":"泰国","v":"/area/泰国"},
  {"n":"印度","v":"/area/印度"},
  {"n":"其他","v":"/area/其他"}]},
  
  {"key":"year","name":"年份","value":[
  {"n":"全部","v":""},
  {"n":"2022","v":"/year/2022"},
  {"n":"2021","v":"/year/2021"},
  {"n":"2020","v":"/year/2020"},
  {"n":"2019","v":"/year/2019"},
  {"n":"2018","v":"/year/2018"},
  {"n":"2017","v":"/year/2017"},
  {"n":"2016","v":"/year/2016"},
  {"n":"2015","v":"/year/2015"},
  {"n":"2014","v":"/year/2014"},
  {"n":"2013","v":"/year/2013"},
  {"n":"2012","v":"/year/2012"},
  {"n":"2011","v":"/year/2011"},
  {"n":"2010","v":"/year/2010"},
  {"n":"2009","v":"/year/2009"},
  {"n":"2008","v":"/year/2008"},
  {"n":"2007","v":"/year/2007"},
  {"n":"2006","v":"/year/2006"},
  {"n":"2005","v":"/year/2005"},
  {"n":"2004","v":"/year/2004"},
  {"n":"2003","v":"/year/2003"},
  {"n":"2002","v":"/year/2002"},
  {"n":"2001","v":"/year/2001"},
  {"n":"2000","v":"/year/2000"}]},
  
  {"key":"by","name":"排序","value":[
  {"n":"时间","v":"/by/time"},
  {"n":"人气","v":"/by/hits"},
  {"n":"评分","v":"/by/score"}]}],
  
"2":[
  {"key":"cateId","name":"类型","value":[
  {"n":"全部","v":"2"},
  {"n":"国产剧","v":"201"},
  {"n":"港台剧","v":"202"},
  {"n":"日韩剧","v":"203"},
  {"n":"欧美剧","v":"204"},
  {"n":"海外剧","v":"205"},
  {"n":"其他剧","v":"206"},
  {"n":"4K剧集","v":"214"}]},
  
  {"key":"area","name":"地区","value":[
  {"n":"全部","v":""},
  {"n":"中国大陆","v":"/area/中国大陆"},
  {"n":"中国香港","v":"/area/中国香港"},
  {"n":"中国台湾","v":"/area/中国台湾"},
  {"n":"美国","v":"/area/美国"},
  {"n":"韩国","v":"/area/韩国"},
  {"n":"日本","v":"/area/日本"},
  {"n":"法国","v":"/area/法国"},
  {"n":"英国","v":"/area/英国"},
  {"n":"德国","v":"/area/德国"},
  {"n":"泰国","v":"/area/泰国"},
  {"n":"印度","v":"/area/印度"},
  {"n":"其他","v":"/area/其他"}]},
  
  {"key":"year","name":"年份","value":[
  {"n":"全部","v":""},
  {"n":"2022","v":"/year/2022"},
  {"n":"2021","v":"/year/2021"},
  {"n":"2020","v":"/year/2020"},
  {"n":"2019","v":"/year/2019"},
  {"n":"2018","v":"/year/2018"},
  {"n":"2017","v":"/year/2017"},
  {"n":"2016","v":"/year/2016"},
  {"n":"2015","v":"/year/2015"},
  {"n":"2014","v":"/year/2014"},
  {"n":"2013","v":"/year/2013"},
  {"n":"2012","v":"/year/2012"},
  {"n":"2011","v":"/year/2011"},
  {"n":"2010","v":"/year/2010"},
  {"n":"2009","v":"/year/2009"},
  {"n":"2008","v":"/year/2008"},
  {"n":"2007","v":"/year/2007"},
  {"n":"2006","v":"/year/2006"},
  {"n":"2005","v":"/year/2005"},
  {"n":"2004","v":"/year/2004"},
  {"n":"2003","v":"/year/2003"},
  {"n":"2002","v":"/year/2002"},
  {"n":"2001","v":"/year/2001"},
  {"n":"2000","v":"/year/2000"}]},
  
  {"key":"by","name":"排序","value":[
  {"n":"时间","v":"/by/time"},
  {"n":"人气","v":"/by/hits"},
  {"n":"评分","v":"/by/score"}]}],
  
"3":[
  {"key":"cateId","name":"类型","value":[
  {"n":"全部","v":"3"},
  {"n":"大陆综艺","v":"207"},
  {"n":"港台综艺","v":"208"},
  {"n":"日韩综艺","v":"209"},
  {"n":"欧美综艺","v":"210"}]},
  
  {"key":"area","name":"地区","value":[
  {"n":"全部","v":""},
  {"n":"中国大陆","v":"/area/中国大陆"},
  {"n":"中国香港","v":"/area/中国香港"},
  {"n":"中国台湾","v":"/area/中国台湾"},
  {"n":"美国","v":"/area/美国"},
  {"n":"韩国","v":"/area/韩国"},
  {"n":"日本","v":"/area/日本"},
  {"n":"法国","v":"/area/法国"},
  {"n":"英国","v":"/area/英国"},
  {"n":"德国","v":"/area/德国"},
  {"n":"泰国","v":"/area/泰国"},
  {"n":"印度","v":"/area/印度"},
  {"n":"其他","v":"/area/其他"}]},
  
  {"key":"year","name":"年份","value":[
  {"n":"全部","v":""},
  {"n":"2022","v":"/year/2022"},
  {"n":"2021","v":"/year/2021"},
  {"n":"2020","v":"/year/2020"},
  {"n":"2019","v":"/year/2019"},
  {"n":"2018","v":"/year/2018"},
  {"n":"2017","v":"/year/2017"},
  {"n":"2016","v":"/year/2016"},
  {"n":"2015","v":"/year/2015"},
  {"n":"2014","v":"/year/2014"},
  {"n":"2013","v":"/year/2013"},
  {"n":"2012","v":"/year/2012"},
  {"n":"2011","v":"/year/2011"},
  {"n":"2010","v":"/year/2010"},
  {"n":"2009","v":"/year/2009"},
  {"n":"2008","v":"/year/2008"},
  {"n":"2007","v":"/year/2007"},
  {"n":"2006","v":"/year/2006"},
  {"n":"2005","v":"/year/2005"},
  {"n":"2004","v":"/year/2004"},
  {"n":"2003","v":"/year/2003"},
  {"n":"2002","v":"/year/2002"},
  {"n":"2001","v":"/year/2001"},
  {"n":"2000","v":"/year/2000"}]},
  
  {"key":"by","name":"排序","value":[
  {"n":"时间","v":"/by/time"},
  {"n":"人气","v":"/by/hits"},
  {"n":"评分","v":"/by/score"}]}],
  
"4":[
  {"key":"cateId","name":"类型","value":[
  {"n":"全部","v":"4"},
  {"n":"国产动漫","v":"211"},
  {"n":"日韩动漫","v":"212"},
  {"n":"欧美动漫","v":"213"}]},
  
  {"key":"area","name":"地区","value":[
  {"n":"全部","v":""},
  {"n":"中国大陆","v":"/area/中国大陆"},
  {"n":"中国香港","v":"/area/中国香港"},
  {"n":"中国台湾","v":"/area/中国台湾"},
  {"n":"美国","v":"/area/美国"},
  {"n":"韩国","v":"/area/韩国"},
  {"n":"日本","v":"/area/日本"},
  {"n":"法国","v":"/area/法国"},
  {"n":"英国","v":"/area/英国"},
  {"n":"德国","v":"/area/德国"},
  {"n":"泰国","v":"/area/泰国"},
  {"n":"印度","v":"/area/印度"},
  {"n":"其他","v":"/area/其他"}]},
  
  {"key":"year","name":"年份","value":[
  {"n":"全部","v":""},
  {"n":"2022","v":"/year/2022"},
  {"n":"2021","v":"/year/2021"},
  {"n":"2020","v":"/year/2020"},
  {"n":"2019","v":"/year/2019"},
  {"n":"2018","v":"/year/2018"},
  {"n":"2017","v":"/year/2017"},
  {"n":"2016","v":"/year/2016"},
  {"n":"2015","v":"/year/2015"},
  {"n":"2014","v":"/year/2014"},
  {"n":"2013","v":"/year/2013"},
  {"n":"2012","v":"/year/2012"},
  {"n":"2011","v":"/year/2011"},
  {"n":"2010","v":"/year/2010"},
  {"n":"2009","v":"/year/2009"},
  {"n":"2008","v":"/year/2008"},
  {"n":"2007","v":"/year/2007"},
  {"n":"2006","v":"/year/2006"},
  {"n":"2005","v":"/year/2005"},
  {"n":"2004","v":"/year/2004"},
  {"n":"2003","v":"/year/2003"},
  {"n":"2002","v":"/year/2002"},
  {"n":"2001","v":"/year/2001"},
  {"n":"2000","v":"/year/2000"}]},
  
  {"key":"by","name":"排序","value":[
  {"n":"时间","v":"/by/time"},
  {"n":"人气","v":"/by/hits"},
  {"n":"评分","v":"/by/score"}]}],
  
"5":[
  {"key":"area","name":"地区","value":[
  {"n":"全部","v":""},
  {"n":"中国大陆","v":"/area/中国大陆"},
  {"n":"中国香港","v":"/area/中国香港"},
  {"n":"中国台湾","v":"/area/中国台湾"},
  {"n":"美国","v":"/area/美国"},
  {"n":"韩国","v":"/area/韩国"},
  {"n":"日本","v":"/area/日本"},
  {"n":"法国","v":"/area/法国"},
  {"n":"英国","v":"/area/英国"},
  {"n":"德国","v":"/area/德国"},
  {"n":"泰国","v":"/area/泰国"},
  {"n":"印度","v":"/area/印度"},
  {"n":"其他","v":"/area/其他"}]},
  
  {"key":"year","name":"年份","value":[
  {"n":"全部","v":""},
  {"n":"2022","v":"/year/2022"},
  {"n":"2021","v":"/year/2021"},
  {"n":"2020","v":"/year/2020"},
  {"n":"2019","v":"/year/2019"},
  {"n":"2018","v":"/year/2018"},
  {"n":"2017","v":"/year/2017"},
  {"n":"2016","v":"/year/2016"},
  {"n":"2015","v":"/year/2015"},
  {"n":"2014","v":"/year/2014"},
  {"n":"2013","v":"/year/2013"},
  {"n":"2012","v":"/year/2012"},
  {"n":"2011","v":"/year/2011"},
  {"n":"2010","v":"/year/2010"},
  {"n":"2009","v":"/year/2009"},
  {"n":"2008","v":"/year/2008"},
  {"n":"2007","v":"/year/2007"},
  {"n":"2006","v":"/year/2006"},
  {"n":"2005","v":"/year/2005"},
  {"n":"2004","v":"/year/2004"},
  {"n":"2003","v":"/year/2003"},
  {"n":"2002","v":"/year/2002"},
  {"n":"2001","v":"/year/2001"},
  {"n":"2000","v":"/year/2000"}]},
  
  {"key":"by","name":"排序","value":[
  {"n":"时间","v":"/by/time"},
  {"n":"人气","v":"/by/hits"},
  {"n":"评分","v":"/by/score"}]}]}
}