{  "cookie": "",
    "classes":[
    {"type_name":"我的","type_id":"经典无损音乐合集"},    
    {"type_name":"粤语","type_id":"粤语歌曲超清"},
    {"type_name":"热榜","type_id":"2022年热们歌曲"},
    {"type_name":"经典","type_id":"经典老歌"},
    {"type_name":"古风","type_id":"古风歌曲"},
    {"type_name":"闽南","type_id":"闽南语歌曲"},
    {"type_name":"舞曲","type_id":"DJ歌曲"},
    {"type_name":"翻唱","type_id":"网红翻唱歌曲"},
    {"type_name":"音乐","type_id":"音乐 4k"},

{"type_name":"阿黛尔","type_id":"阿黛尔演唱会超清超清"},
{"type_name":"Blackpink","type_id":"blackpink演唱会超清"},
{"type_name":"Beyond","type_id":"beyond演唱会超清"},
{"type_name":"坂井泉水","type_id":"坂井泉水演唱会超清"},
{"type_name":"宝丽金","type_id":"宝丽金演唱会超清"},
{"type_name":"布兰妮","type_id":"布兰妮演唱会超清"},
{"type_name":"陈瑞","type_id":"陈瑞演唱会超清"},
{"type_name":"陈奕迅","type_id":"陈奕迅演唱会超清"},
{"type_name":"崔健","type_id":"催件演唱会超清"},
{"type_name":"Coldplay","type_id":"coldplay演唱会超清"},
{"type_name":"陈慧娴","type_id":"陈慧娴演唱会超清"},
{"type_name":"陈百强","type_id":"陈百强演唱会超清"},
{"type_name":"陈淑桦","type_id":"陈淑桦演唱会超清"},
{"type_name":"陈慧琳","type_id":"陈慧琳演唱会超清"},
{"type_name":"邓丽君","type_id":"邓丽君演唱会超清"},
{"type_name":"邓紫棋","type_id":"邓紫棋演唱会超清"},
{"type_name":"刀郎","type_id":"刀郎演唱会超清"},
{"type_name":"达明一派","type_id":"刘以达歌曲"},
{"type_name":"费玉清","type_id":"费玉清演唱会超清"},
{"type_name":"谷村新司","type_id":"谷村新司演唱会超清"},
{"type_name":"郭富城","type_id":"郭富城演唱会超清"},
{"type_name":"邰正宵","type_id":"邰正宵演唱会超清"},
{"type_name":"关淑怡","type_id":"关淑怡演唱会超清"},
{"type_name":"黄凯芹","type_id":"黄凯芹演唱会超清"},
{"type_name":"黑豹乐队","type_id":"H黑豹乐队"},
{"type_name":"降央卓玛","type_id":"降央卓玛演唱会超清"},
{"type_name":"江慧","type_id":"江慧歌曲"},
{"type_name":"吉永小百合","type_id":"吉永小百合歌曲"},
{"type_name":"金庸","type_id":"金庸影视歌曲"},
{"type_name":"刘德华","type_id":"刘德华演唱会超清"},
{"type_name":"Lady Gaga","type_id":"Lady Gaga演唱会超清"},
{"type_name":"龙飘飘","type_id":"龙飘飘演唱会超清"},
{"type_name":"罗百吉","type_id":"罗百吉演唱会超清"},
{"type_name":"罗大佑","type_id":"罗大佑演唱会超清"},
{"type_name":"林志炫","type_id":"林志炫演唱会超清"},
{"type_name":"林忆莲","type_id":"林忆莲演唱会超清"},
{"type_name":"李知恩","type_id":"李知恩演唱会超清"},
{"type_name":"梁静茹","type_id":"梁静茹演唱会超清"},
{"type_name":"冷漠","type_id":"冷漠演唱会超清"},
{"type_name":"李克勤","type_id":"李克勤演唱会超清"},
{"type_name":"林子祥","type_id":"林子祥演唱会超清"},
{"type_name":"黎明","type_id":"黎明演唱会超清"},
{"type_name":"刘若英","type_id":"刘若英演唱会超清"},
{"type_name":"McHotdog","type_id":"MC Hotdog演唱会超清"},
{"type_name":"莫文蔚","type_id":"莫文蔚演唱会超清"},
{"type_name":"孟庭苇","type_id":"孟庭苇演唱会超清"},
{"type_name":"麦当娜","type_id":"麦当娜演唱会超清"},
{"type_name":"迈克杰克逊","type_id":"迈克杰克逊演唱会超清"},
{"type_name":"雅尼紫禁城","type_id":"雅尼紫禁城演唱会超清"},
{"type_name":"潘越云","type_id":"潘越云演唱会超清"},
{"type_name":"潘美辰","type_id":"潘美辰演唱会超清"},
{"type_name":"齐秦","type_id":"齐秦演唱会超清"},
{"type_name":"祁美云","type_id":"祁美云演唱会超清"},
{"type_name":"任贤齐","type_id":"任贤齐演唱会超清"},
{"type_name":"苏慧伦","type_id":"苏慧伦演唱会超清"},
{"type_name":"唐朝乐队","type_id":"唐朝乐队"},
{"type_name":"童安格","type_id":"童安格演唱会超清"},
{"type_name":"TFBOYS","type_id":"TFBOYS演唱会超清"},
{"type_name":"太极乐队","type_id":"太极乐队演唱会超清"},
{"type_name":"唐朝摇滚","type_id":"唐朝摇滚演唱会超清"},
{"type_name":"谭咏麟","type_id":"谭咏麟演唱会超清"},
{"type_name":"王琪","type_id":"王琪歌曲"},
{"type_name":"伍珂玥","type_id":"伍珂玥演唱会超清"},
{"type_name":"王杰","type_id":"王杰演唱会超清"},
{"type_name":"伍佰","type_id":"伍佰演唱会超清"},
{"type_name":"温兆伦","type_id":"温兆伦演唱会超清"},
{"type_name":"王菲","type_id":"王菲演唱会超清"},
{"type_name":"熊天平","type_id":"熊天平演唱会超清"},
{"type_name":"徐小凤","type_id":"徐小凤演唱会超清"},
{"type_name":"席琳迪翁","type_id":"席琳迪翁演唱会超清"},
{"type_name":"许嵩","type_id":"黄许嵩演唱会超清"},
{"type_name":"许美静","type_id":"许美静演唱会超清"},
{"type_name":"许冠杰","type_id":"许冠杰演唱会超清"},
{"type_name":"小虎队","type_id":"小虎队演唱会超清"},
{"type_name":"许巍","type_id":"许巍演唱会超清"},
{"type_name":"叶启田","type_id":"叶启田演唱会超清"},
{"type_name":"叶玉卿","type_id":"叶玉卿演唱会超清"},
{"type_name":"杨千嬅","type_id":"杨千嬅演唱会超清"},
{"type_name":"左麟右李","type_id":"左麟右李演唱会超清"},
{"type_name":"赵传","type_id":"赵传演唱会超清"},
{"type_name":"周华健","type_id":"周华健演唱会超清"},
{"type_name":"周启生","type_id":"周启生演唱会超清"},
{"type_name":"张信哲","type_id":"张信哲演唱会超清"},
{"type_name":"周慧敏","type_id":"周慧敏演唱会超清"},
{"type_name":"张碧晨","type_id":"张碧晨演唱会超清"},
{"type_name":"中岛美雪","type_id":"中岛美雪演唱会超清"},
{"type_name":"张学友","type_id":"张学友演唱会超清"},
{"type_name":"猪哥亮","type_id":"猪哥亮歌曲"},
{"type_name":"周杰伦","type_id":"周杰伦演唱会超清"},
{"type_name":"周深","type_id":"周深演唱会超清"},
{"type_name":"张蔷","type_id":"张蔷演唱会超清"},
{"type_name":"张帝","type_id":"张帝演唱会超清"},
{"type_name":"张国荣","type_id":"张国荣演唱会超清"},
{"type_name":"郑钧","type_id":"郑钧演唱会超清"},
{"type_name":"张楚","type_id":"张楚演唱会超清"},
{"type_name":"张真","type_id":"张真演唱会超清"},
{"type_name":"赵传","type_id":"赵传演唱会超清"},
{"type_name":"周传雄","type_id":"周传雄演唱会超清"}],

"filter" : {

    }}