{ 
  "spider":"https://agit.ai/kvymin/TV/raw/branch/master/jar/xBPQ.jar",
  "sites": [
  {
      "key": "dr_追剧达人",
      "name": "追剧达人",
      "type": 3,
      "searchable": 1,
      "quickSearch": 1,
      "filterable": 0,
      "api": "https://agit.ai/kvymin/TV/raw/branch/master/js/lib/drpy2.min.js",
      "ext": "https://agit.ai/kvymin/TV/raw/branch/master/js/追剧达人.js"
    },
    {
      "key": "drpy_js_voflix",
      "name": "voflix",
      "type": 3,
      "searchable": 1,
      "quickSearch": 1,
      "filterable": 0,
      "api": "https://agit.ai/kvymin/TV/raw/branch/master/js/lib/drpy2.min.js",
      "ext": "https://agit.ai/kvymin/TV/raw/branch/master/js/voflix.js"
    },
    {
      "key": "drpy_js_l0l",
      "name": "l0l",
      "type": 3,
      "searchable": 1,
      "quickSearch": 1,
      "filterable": 0,
      "api": "https://agit.ai/kvymin/TV/raw/branch/master/js/lib/drpy2.min.js",
      "ext": "https://agit.ai/kvymin/TV/raw/branch/master/js/l0l.js"
    },
    {
      "key": "drpy_js_酷云77",
      "name": "酷云77",
      "type": 3,
      "searchable": 1,
      "quickSearch": 1,
      "filterable": 0,
      "api": "https://agit.ai/kvymin/TV/raw/branch/master/js/lib/drpy2.min.js",
      "ext": "https://agit.ai/kvymin/TV/raw/branch/master/js/酷云77.js"
    },
    {
      "key": "drpy_js_荐片",
      "name": "荐片",
      "type": 3,
      "searchable": 1,
      "quickSearch": 1,
      "filterable": 0,
      "api": "https://agit.ai/kvymin/TV/raw/branch/master/js/lib/drpy2.min.js",
      "ext": "https://agit.ai/kvymin/TV/raw/branch/master/js/荐片.js"
    },    
    {
      "key": "drpy_js_布雷",
      "name": "布雷",
      "type": 3,
      "searchable": 1,
      "quickSearch": 1,
      "filterable": 0,
      "api": "https://agit.ai/kvymin/TV/raw/branch/master/js/lib/drpy2.min.js",
      "ext": "https://agit.ai/kvymin/TV/raw/branch/master/js/布雷.js"
    },
    {
      "key": "csp_xf_cs",
      "name": "️FREEOK",
      "type": 3,
      "api": "csp_xBPQ",
      "searchable": 1,
      "quickSearch": 1,
      "filterable": 0,
      "ext": "{\"免嗅\":\"1\",\"播放标题\":\"span>&&<\",\"副标题\":\"class=\\\"module-item-note\\\">&&</div>\",\"线路数组\": \"class=\\\"module-tab-item tab-item&&</div>\",\"线路标题\": \"<span>&&</span>\",\"播放数组\":\"class=\\\"module-play-list&&</div>\",\"分类\":\"电影$1#剧集$2#综艺$4#动漫$3#今日更新$38\",\"分类url\":\"https://www.freeok.vip/vodshow/{cateId}--------{catePg}---/\",
\"年份\":\"1990-2022\",
\"筛选\":\"1\"}"
    },
    {
      "key": "drpy_js_看视界",
      "name": "看视界",
      "type": 3,
      "searchable": 1,
      "quickSearch": 1,
      "filterable": 0,
      "api": "https://agit.ai/kvymin/TV/raw/branch/master/js/lib/drpy2.min.js",
      "ext": "https://agit.ai/kvymin/TV/raw/branch/master/js/看视界.js"
    },
    {
      "key": "drpy_js_大师兄影视",
      "name": "大师兄",
      "type": 3,
      "searchable": 1,
      "quickSearch": 1,
      "filterable": 0,
      "api": "https://agit.ai/kvymin/TV/raw/branch/master/js/lib/drpy2.min.js",
      "ext": "https://agit.ai/kvymin/TV/raw/branch/master/js/大师兄影视.js"
    },
    {
      "key": "drpy_js_秋霞",
      "name": "秋霞",
      "type": 3,
      "searchable": 1,
      "quickSearch": 1,
      "filterable": 0,
      "api": "https://agit.ai/kvymin/TV/raw/branch/master/js/lib/drpy2.min.js",
      "ext": "https://agit.ai/kvymin/TV/raw/branch/master/js/秋霞.js"
    },
    {
      "key": "csp_xpath_libv",
      "name": "Libvio(XP)",
      "type": 3,
      "api": "csp_XPathMacFilter",
      "searchable": 1,
      "quickSearch": 1,
      "filterable": 1,
      "ext": "https://agit.ai/kvymin/TV/raw/branch/master/XPathMacFilter/libv.json"
    },
    {
      "key":"csp_xb_ysgc",
      "name":"影视工厂（XBiu）",
      "type":3,
      "api":"csp_XBiu",
      "searchable":1,
      "quickSearch":1,
      "filterable":0,
      "ext":"https://www.ysgc.fun/vodtype/{cateId}-{catePg}.html",
      "jar": "https://agit.ai/kvymin/TV/raw/branch/master/jar/XBiu.jar"
    },
    {
      "key":"csp_xb_lgyy",
      "name":"蓝光影院（XBiu）",
      "type":3,
      "api":"csp_XBiu",
      "searchable":1,
      "quickSearch":1,
      "filterable":0,
      "ext":"https://lgyy.tv/vodshow/{cateId}--------{catePg}---.html",
      "jar": "https://agit.ai/kvymin/TV/raw/branch/master/jar/XBiu.jar"
    },
    {
      "key":"csp_xbb_达达龟",
      "name":"达达龟（XBiu）",
      "type":3,
      "api":"csp_XBiu",
      "searchable":1,
      "quickSearch":1,
      "filterable":0,
      "ext":"https://www.dadagui.me/vodshow/{cateId}--------{catePg}---.html",
      "jar": "https://agit.ai/kvymin/TV/raw/branch/master/jar/XBiu.jar"
    },
    {
      "key": "csp_xBPQ_胖虎",
      "name": "胖虎",
      "type": 3,
      "api": "csp_xBPQ",
      "searchable": 1,
      "quickSearch": 1,
      "filterable": 0,
      "ext": "https://agit.ai/kvymin/TV/raw/branch/master/xBPQ/胖虎影视.json"
    },
    {
      "key": "csp_xBPQ_荐片",
      "name": "荐片",
      "type": 3,
      "api": "csp_xBPQ",
      "searchable": 1,
      "quickSearch": 1,
      "filterable": 0,
      "ext": "https://agit.ai/kvymin/TV/raw/branch/master/xBPQ/荐片.json"
    },    
    {
      "key": "csp_xBPQ_大米星球",
      "name": "️大米星球",
      "type": 3,
      "api": "csp_xBPQ",
      "searchable": 1,
      "quickSearch": 1,
      "filterable": 0,
      "ext": "{\"免嗅\":\"1\",\"副标题\":\"class=\\\"module-item-note\\\">&&</div>\",\"线路数组\": \"class=\\\"module-tab-item tab-item&&</div>\",\"线路标题\": \"<span>&&</small>\",\"播放标题\":\"<span>&&</span>\",\"播放数组\":\"class=\\\"module-play-list&&</div>\",\"分类\":\"电影$20#电视剧$21#综艺$22#动漫$23\",\"分类url\":\"https://www.dmxq.me/vodshow/{cateId}--------{catePg}---.html\"}"
    },
    {
      "key": "csp_xBPQ_在线之家",
      "name": "️在线之家",
      "type": 3,
      "api": "csp_xBPQ",
      "searchable": 1,
      "quickSearch": 1,
      "filterable": 0,
      "ext": "{\"免嗅\":\"1\",\"播放标题\":\">&&<\",\"副标题\":\"class=\\\"pic-text text-right\\\">&&</span>\",\"线路数组\": \"class=\\\"stui-vodlist__head&&</div>\",\"线路标题\": \"<h3>&&</h3>\",\"播放数组\":\"class=\\\"stui-content__playlist&&</ul>\",\"分类\":\"电影$1#美剧$2#韩剧$3#日剧$4#泰剧$5#动漫$6\",\"分类url\":\"https://zxzj.vip/vodshow/{cateId}-{area}-------{catePg}---{year}.html\",\"筛选\":\"1\"}"
    },
    {
      "key": "csp_xBPQ_蓝光影院",
      "name": "蓝光",
      "type": 3,
      "api": "csp_xBPQ",
      "searchable": 1,
      "quickSearch": 1,
      "filterable": 0,
      "ext": "{\"免嗅\":\"1\",\"播放标题\":\"span>&&<\",\"播放数组\":\"class=\\\"module-play-list&&</div>\",\"分类\":\"国产剧$13#动漫$5#日韩剧$2#港台剧$14#电影$1#综艺$3\",\"分类url\":\"https://www.lgyy.cc/vodtype/{cateId}/page/{catePg}---.html\"}"
    },
    {
      "key": "csp_xBPQ_影视工厂",
      "name": "影视工厂",
      "type": 3,
      "api": "csp_xBPQ",
      "searchable": 1,
      "quickSearch": 1,
      "filterable": 0,
      "ext": "{\"免嗅\":\"1\",\"副标题\":\"class=\\\"handle-btn-name\\\">&&</span>\",\"导演\":\"导演：&&</div\",\"主演\":\"主演：&&</div\",\"简介\":\"简介：&&</li>\",\"播放标题\":\">&&<\",\"播放数组\":\"class=\\\"myui-content__list&&</ul>\",\"分类\":\"电视剧$2#动漫$4#电影$1#综艺$3#国产剧$13#港台剧$14\",\"分类url\":\"http://www.ysgc.cc/vodshow/{cateId}--------{catePg}---.html\",\"年份\":\"2004-2022\",\"筛选\":\"1\"}"
    },
    {
      "key": "csp_xBPQ_干饭影视",
      "name": "干饭",
      "type": 3,
      "api": "csp_xBPQ",
      "searchable": 1,
      "quickSearch": 1,
      "filterable": 0,
      "ext": "{\"免嗅\":\"1\",\"导演\": \"导演：&&</div\",\"主演\": \"主演：&&</div\",\"简介\": \"module-info-introduction-content&&</div>\",\"播放标题\":\">&&<\",\"播放数组\":\"class=\\\"stui-content__playlist&&</div>\",\"分类\":\"电视剧$2#动漫$4#电影$1#综艺$3#专题$5\",\"分类url\":\"https://www.gfysys1.com/vodshow/{cateId}--------{catePg}---.html\"}"
    },
    {
      "key": "csp_xBPQ_番茄影视",
      "name": "番茄",
      "type": 3,
      "api": "csp_xBPQ",
      "searchable": 1,
      "quickSearch": 1,
      "filterable": 0,
      "ext": "{\"免嗅\":\"1\",\"播放标题\":\"span>&&<\",\"导演\": \"导演：&&</div\",\"主演\": \"主演：&&</div\",\"简介\": \"module-info-introduction-content&&</div>\",\"副标题\":\"class=\\\"hl-lc-1 remarks\\\">&&</span>\",\"播放标题\":\">&&<\",\"播放数组\":\"class=\\\"hl-plays-list&&</div>\",\"分类\":\"国产电视剧$13#剧电影$1#电视剧$2#综艺$3#动漫$4#纪录片$5\",\"分类url\":\"https://www.tjomet.com/vodshow/{cateId}{catelog}-{area}-{by}------{catePg}---{year}.html\"}"
    },
    {
      "key": "csp_xBPQ_爱酷影视",
      "name": "爱酷",
      "type": 3,
      "api": "csp_xBPQ",
      "searchable": 1,
      "quickSearch": 1,
      "filterable": 0,
      "ext": "{\"免嗅\":\"1\",\"副标题\":\"class=\\\"handle-btn-name\\\">&&</span>\",\"导演\": \"导演：&&</div\",\"主演\": \"主演：&&</div\",\"简介\": \"简介：&&</li>\",\"播放标题\":\"span>&&</span\",\"播放数组\":\"module-play-list&&</div>\",\"分类\":\"电视剧$2#动漫$4#电影$1#综艺$3\",\"分类url\":\"https://www.zhanlangbu.com/index.php/vod/type/id/{cateId}.html\",\"年份\":\"2004-2022\",\"筛选\":\"0\"}"
    },
    {
      "key": "csp_xBPQ_巨人影院",
      "name": "巨人",
      "type": 3,
      "api": "csp_xBPQ",
      "searchable": 1,
      "quickSearch": 1,
      "filterable": 0,
      "ext": "{\"免嗅\":\"1\",\"副标题\":\"class=\\\"hl-lc-1 remarks\\\">&&</span>\",\"导演\": \"导演：&&</li\",\"主演\": \"主演：&&</li\",\"简介\": \"hl-content-text\\\"><em>&&</em\",\"线路数组\": \"hl-tabs-btn hl-slide-swiper&&/a>\",\"线路标题\":\"></i>&&</a>\",\"播放数组\":\"id=\\\"hl-plays-list&&</ul>\",\"播放标题\":\">&&</a\",\"分类\":\"电视剧$2#动漫$3#电影$1#综艺$4#动画片$6\",\"分类url\":\"http://www.jurenm.com/vodtype/{cateId}/page/{catePg}.html\",\"年份\":\"2000-2022\",\"筛选\":\"0\"}"
    },
    {
      "key": "csp_xBPQ_核桃影院",
      "name": "核桃",
      "type": 3,
      "api": "csp_xBPQ",
      "searchable": 1,
      "quickSearch": 1,
      "filterable": 0,
      "ext": "{\"免嗅\":\"1\",\"播放标题\":\"span>&&<\",\"导演\": \"导演：&&</div\",\"主演\": \"主演：&&</div\",\"简介\": \"show-desc&&</p>\",\"分类\":\"数字||$124\",\"副标题\":\"class=\\\"module-item-note\\\">&&</div>\",\"线路数组\": \"class=\\\"module-tab-item tab-item&&</div>\",\"线路标题\": \"<span>&&</span>\",\"播放数组\":\"class=\\\"module-play-list-content&&</div>\",\"分类url\":\"http://kkkk.plus/vodshow/{cateId}-{area}-{by}-{class}-{lang}----{catePg}---{year}.html\"}"
    },
    {
      "key": "csp_xBPQ_神马影院",
      "name": "神马",
      "type": 3,
      "api": "csp_xBPQ",
      "searchable": 1,
      "quickSearch": 1,
      "filterable": 0,
      "ext": "{\"免嗅\":\"1\",\"播放标题\":\"span>&&<\",\"导演\": \"导演：&&</div\",\"主演\": \"主演：&&</div\",\"简介\": \"show-desc&&</p>\",\"分类\":\"数字||$124\",\"副标题\":\"class=\\\"module-item-note\\\">&&</div>\",\"线路数组\": \"class=\\\"module-tab-item tab-item&&</div>\",\"线路标题\": \"<span>&&</span>\",\"播放数组\":\"class=\\\"module-play-list-content&&</div>\",\"分类url\":\"http://www.cx99999.cn/vodshow/{cateId}-{area}-{by}-{class}-{lang}----{catePg}---{year}.html\"}"
    },
    {
      "key": "csp_xBPQ_app",
      "name": "app影院",
      "type": 3,
      "api": "csp_xBPQ",
      "searchable": 1,
      "quickSearch": 1,
      "filterable": 0,
      "ext": "{\"免嗅\":\"1\",\"副标题\":\"class=\\\"pic-text text-right\\\">&&</span>\",\"导演\": \"导演：&&</div\",\"主演\": \"主演：&&</div\",\"简介\": \"简介：&&</li>\",\"播放标题\":\">&&<\",\"播放数组\":\"class=\\\"stui-content__playlist clearfix&&</ul>\",\"分类\":\"国产电视剧$13#电视剧$2#动漫$4#电影$1#综艺$3\",\"分类url\":\"https://app.movie/index.php/vod/type/id/{cateId}/page/{catePg}.html\",\"年份\":\"2000-2022\",\"筛选\":\"0\"}"
    },
    {
      "key": "csp_xBPQ_师兄影院",
      "name": "大师兄",
      "type": 3,
      "api": "csp_xBPQ",
      "searchable": 1,
      "quickSearch": 1,
      "filterable": 0,
      "ext": "{\"免嗅\":\"1\",\"播放标题\":\"span>&&<\",\"导演\": \"导演：&&</div\",\"主演\": \"主演：&&</div\",\"简介\": \"show-desc&&</p>\",\"分类\":\"数字||$124\",\"副标题\":\"class=\\\"module-item-note\\\">&&</div>\",\"线路数组\": \"class=\\\"module-tab-item tab-item&&</div>\",\"线路标题\": \"<span>&&</span>\",\"播放数组\":\"class=\\\"module-play-list-content&&</div>\",\"分类url\":\"https://dsxys.com/vodshow/{cateId}-{area}-{by}-{class}-{lang}----{catePg}---{year}.html\"}"
    },
    {
      "key": "csp_xBPQ_嗷呜视频",
      "name": "嗷呜",
      "type": 3,
      "api": "csp_xBPQ",
      "searchable": 1,
      "quickSearch": 1,
      "filterable": 0,
      "ext": "{\"免嗅\":\"1\",\"播放标题\":\"span>&&<\",\"导演\": \"导演：&&</div\",\"主演\": \"主演：&&</div\",\"简介\": \"show-desc&&</p>\",\"分类\":\"数字||$124\",\"副标题\":\"class=\\\"module-item-note\\\">&&</div>\",\"线路数组\": \"class=\\\"module-tab-item tab-item&&</div>\",\"线路标题\": \"<span>&&</span>\",\"播放数组\":\"class=\\\"module-play-list-content&&</div>\",\"分类url\":\"http://www.cx99999.cn/vodshow/{cateId}-{area}-{by}-{class}-{lang}----{catePg}---{year}.html\"}"
    },
    {
      "key": "csp_xBPQ_好看影视",
      "name": "好看",
      "type": 3,
      "api": "csp_xBPQ",
      "searchable": 1,
      "quickSearch": 1,
      "filterable": 0,
      "ext": "{\"免嗅\":\"1\",\"播放标题\":\"span>&&<\",\"导演\": \"导演：&&</div\",\"主演\": \"主演：&&</div\",\"简介\": \"show-desc&&</p>\",\"分类\":\"数字||$124\",\"副标题\":\"class=\\\"module-item-note\\\">&&</div>\",\"线路数组\": \"class=\\\"module-tab-item tab-item&&</div>\",\"线路标题\": \"<span>&&</span>\",\"播放数组\":\"class=\\\"module-play-list-content&&</div>\",\"分类url\":\"https://kh666.cc/vodshow/{cateId}-{area}-{by}-{class}-{lang}----{catePg}---{year}.html\"}"
    },
    {
      "key": "csp_xBPQ_看戏影视",
      "name": "看戏",
      "type": 3,
      "api": "csp_xBPQ",
      "searchable": 1,
      "quickSearch": 1,
      "filterable": 0,
      "ext": "{\"免嗅\":\"0\",\"副标题\":\"class=\\\"pic-text text-center\\\">&&</span>\",\"导演\": \"导演：&&</p\",\"主演\": \"主演：&&</p\",\"播放标题\":\">&&<\",\"播放数组\":\"class=\\\"stui-content__playlist clearfix&&</ul>\",\"分类\":\"电视剧$2#电影$1#动漫$4#综艺$3\",\"分类url\":\"https://www.kanxi123.net/tags/{cateId}--------{catePg}---.html\",\"年份\":\"2000-2022\",\"筛选\":\"0\"}"
    },
    {
      "key": "csp_xBPQ_zhi",
      "name": "️抓饭体育",
      "type": 3,
      "api": "csp_xBPQ",
      "searchable": 1,
      "quickSearch": 1,
      "filterable": 0,
      "ext": "{\"分类url\":\"https://www.zhuafan.tech/sports-home/category/{cateId}\",\"分类\":\"全部$/all#足球$Football#篮球$Basketball#羽乒$Badminton#台球$Billiards#棒球$Baseball#户外$Outdoors#搏击$Wrestling#综合$Others#棋盘$Boardgame#电竞$Popular#网球$Tennis#排球$Volleyball#聊天$Chat#原声$Acoustic\",\"热门推荐\":\"1\",\"起始页\":\"1\",\"直接播放\":\"1\",\"数组\":\"{&&}\",\"图片\":\"imageUrl\\\":\\\"&&\\\"\",\"标题\":\"cname\\\":\\\"&&\\\"\",\"链接\":\"id\\\":\\\"&&\\\"\",\"链接前缀\":\"https://www.zhuafan.tech/\"}"
    },
    {
      "key": "csp_xBPQ_COKEMV",
      "name": "COKEMV",
      "type": 3,
      "api": "csp_xBPQ",
      "searchable": 1,
      "quickSearch": 1,
      "filterable": 0,
      "ext": "{\"免嗅\":\"1\",\"播放标题\":\"span>&&<\",\"导演\": \"导演：&&</div\",\"主演\": \"主演：&&</div\",\"简介\": \"show-desc&&</p>\",\"分类\":\"数字||$124\",\"副标题\":\"class=\\\"module-item-note\\\">&&</div>\",\"线路数组\": \"class=\\\"module-tab-item tab-item&&</div>\",\"线路标题\": \"<span>&&</span>\",\"播放数组\":\"class=\\\"module-play-list-content&&</div>\",\"分类url\":\"https://cokemv.me/vodshow/{cateId}-{area}-{by}-{class}-{lang}----{catePg}---{year}.html\"}"
    },
    {
      "key": "csp_xBPQ_真不卡",
      "name": "️真不卡",
      "type": 3,
      "api": "csp_xBPQ",
      "searchable": 1,
      "quickSearch": 1,
      "filterable": 0,
      "ext": "{\"免嗅\":\"1\",\"播放标题\":\">&&<\",\"导演\": \"导演：&&</div\",\"主演\": \"主演：&&</div\",\"简介\": \"module-info-introduction-content&&</div>\",\"播放数组\":\"class=\\\"stui-content__playlist&&</div>\",\"分类url\":\"https://www.zbkk.net/vodshow/{cateId}--------{catePg}---.html\"}"
    },
    {
      "key": "csp_xBPQ_FREEOK",
      "name": "️FREEOK",
      "type": 3,
      "api": "csp_xBPQ",
      "searchable": 1,
      "quickSearch": 1,
      "filterable": 0,
      "ext": "{\"免嗅\":\"1\",\"播放标题\":\"span>&&<\",\"副标题\":\"class=\\\"module-item-note\\\">&&</div>\",\"线路数组\": \"class=\\\"module-tab-item tab-item&&</div>\",\"线路标题\": \"<span>&&</span>\",\"播放数组\":\"class=\\\"module-play-list&&</div>\",\"分类\":\"电影$2#剧集$1#综艺$4#动漫$3#学习$27\",\"分类url\":\"https://www.86516.tk/vodshow/{cateId}-{area}--{class}-----{catePg}---{year}/\"}"
    },
    {
      "key": "csp_xBPQ_UM影视",
      "name": "UM影视",
      "type": 3,
      "api": "csp_xBPQ",
      "searchable": 1,
      "quickSearch": 1,
      "filterable": 0,
      "ext": "{\"免嗅\":\"1\",\"导演\": \"导演：&&</div\",\"主演\": \"主演：&&</div\",\"简介\": \"module-info-introduction-content&&</div>\",\"播放标题\":\"span>&&<\",\"副标题\":\"class=\\\"module-item-note\\\">&&</div>\",\"线路数组\": \"class=\\\"module-tab-item tab-item&&</div>\",\"线路标题\": \"<span>&&</span>\",\"播放数组\":\"class=\\\"module-play-list&&</div>\",\"分类url\":\"https://www.umkan.com/index.php/vod/show/id/{cateId}/page/{catePg}.html\"}"
    },
    {
      "key": "csp_xBPQ_黑洞",
      "name": "黑洞网",
      "type": 3,
      "api": "csp_xBPQ",
      "searchable": 1,
      "quickSearch": 1,
      "filterable": 0,
      "ext": "{\"免嗅\":\"0\",\"副标题\":\"class=\\\"hl-lc-1 remarks\\\">&&</span>\",\"导演\": \"导演：&&</div\",\"主演\": \"主演：&&</div\",\"简介\": \"简介：&&</li>\",\"播放标题\":\">&&<\",\"播放数组\":\"hl-list-wrap&&</div>\",\"分类\":\"电视剧$2#动漫$4#电影$1#综艺$3\",\"分类url\":\"https://www.nulltm.com/vodshow/{cateId}--------{catePg}---.html\",\"年份\":\"2000-2022\",\"筛选\":\"0\"}"
    },
    {
      "key": "csp_xBPQ_瓜皮TV",
      "name": "瓜皮TV",
      "type": 3,
      "api": "csp_xBPQ",
      "searchable": 1,
      "quickSearch": 1,
      "filterable": 0,
      "ext": "{\"免嗅\":\"1\",\"主演\": \"主演：&&</div>\",\"导演\": \"导演：&&</a>\",\"简介\": \"module-info-introduction-content\\\"&&</div>\",\"副标题\":\"class=\\\"module-item-note\\\">&&</div>\",\"播放标题\":\"span>&&<\",\"播放数组\":\"class=\\\"module-play-list-content&&</div>\",\"线路数组\": \"class=\\\"module-tab-item tab-item&&</div>\",\"线路标题\": \"<span>&&</span>\",\"分类\":\"电影$1#电视剧$2#综艺$3#动漫$4#少儿$20#纪录片$21\",\"分类url\":\"https://guapitv.xyz/list-{cateId}/page/{catePg}---{year}.html\"}"
    },
    {
      "key": "csp_xBPQ_皮皮泡",
      "name": "皮皮泡",
      "type": 3,
      "api": "csp_xBPQ",
      "searchable": 1,
      "quickSearch": 1,
      "filterable": 0,
      "ext": "{\"免嗅\":\"0\",\"副标题\":\"class=\\\"pic-text text-right\\\">&&</span>\",\"导演\": \"导演：&&</div\",\"主演\": \"主演：&&</div\",\"播放标题\":\">&&<\",\"播放数组\":\"class=\\\"stui-content__playlistclearfix&&</ul>\",\"分类\":\"国产剧$13#电视剧$dianshiju#动漫$dongman#电影$dianyin#综艺$zongyi#纪录片$jilupian\",\"分类url\":\"https://www.pipipao.com/vodshow/id/{cateId}/page/{catePg}.htmll\",\"年份\":\"2000-2022\",\"筛选\":\"0\"}"
    },
    {
      "key": "csp_xBPQ_鸭奈飞",
      "name": "鸭奈飞",
      "type": 3,
      "api": "csp_xBPQ",
      "searchable": 1,
      "quickSearch": 1,
      "filterable": 0,
      "ext": "{\"免嗅\":\"1\",\"播放标题\":\"span>&&<\",\"导演\": \"导演：&&</div\",\"主演\": \"主演：&&</div\",\"简介\": \"show-desc&&</p>\",\"分类\":\"数字||$124\",\"副标题\":\"class=\\\"module-item-note\\\">&&</div>\",\"线路数组\": \"class=\\\"module-tab-item tab-item&&</div>\",\"线路标题\": \"<span>&&</span>\",\"播放数组\":\"class=\\\"module-play-list-content&&</div>\",\"分类url\":\"https://yanetflix.com/vodshow/{cateId}-{area}-{by}-{class}-{lang}----{catePg}---{year}.html\"}"
    },
    {
      "key": "csp_xBPQ_花猫",
      "name": "️花猫TV",
      "type": 3,
      "api": "csp_xBPQ",
      "searchable": 1,
      "quickSearch": 0,
      "filterable": 0,
      "ext": "{\"副标题\":\"class=\\\"pic-text\\\">&&</span>\",\"线路数组\": \"/span><h3 class=\\\"title&&/h3>\",\"线路标题\": \">&&<\",\"播放标题\":\">&&<\",\"播放数组\":\"class=\\\"stui-content__playlist&&</div>\",\"分类url\":\"http://www.huamaotv.com/type/{cateId}-{catePg}.html\"}"
    },
    {
      "key": "csp_xBPQ_热播酷",
      "name": "热播酷",
      "type": 3,
      "api": "csp_xBPQ",
      "searchable": 1,
      "quickSearch": 1,
      "filterable": 0,
      "ext": "{\"免嗅\":\"1\",\"副标题\":\"></i>&&</span>\",\"导演\": \"导演：&&</p\",\"主演\": \"主演：&&</p\",\"简介\": \"zkjj_a\\\"&&</span\",\"播放数组\":\"class=\\\"player&&</ul>\",\"播放标题\":\">&&</a\",\"分类\":\"电视剧$2#动漫$4#电影$1#综艺$3\",\"分类url\":\"https://www.reboku.cc/k/{cateId}-{catePg}.html\",\"年份\":\"2000-2022\",\"筛选\":\"0\"}"
    },
    {
      "key": "push_agent",
      "name": "🌐推送",
      "type": 3,
      "api": "csp_PushAgent",
      "searchable": 0,
      "quickSearch": 0,
      "filterable": 0,
      "ext": "998c79f4f189435090049164d503e4e3"
    }
  ],
  "lives": [
    {
      "group": "redirect",
      "channels": [
        {
          "name": "redirect",
          "urls": [
            "proxy://do=live&type=txt&ext=aHR0cHM6Ly9hZ2l0LmFpL2t2eW1pbi9UVi9yYXcvYnJhbmNoL21hc3Rlci9saXZlL2xpdmUudHh0"
          ]
        }
      ]
    }
  ],
  "parses": [
    {
      "name": "解析聚合",
      "type": 3,
      "url": "Demo"
    },
    {
      "name": "Json并发",
      "type": 2,
      "url": "Parallel"
    },
    {
      "name": "Json轮询",
      "type": 2,
      "url": "Sequence"
    },
    {"name":"💋So","type":0,"url":" https://tljiaqing.nde.tw/m3u8/?url="},
{"name":"神1","type":1,"url":"http://newjiexi.gotka.top/keyu3.php?url=","ext":{"flag":["qq","腾讯","qiyi","爱奇艺","奇艺","youku","优酷","mgtv","芒果","letv","乐视","pptv","PPTV","sohu","bilibili","哔哩哔哩","哔哩"],"header":{"User-Agent":"okhttp/4.1.0"}}},
{"name":"神2","type":0,"url":"https://h5.freejson.xyz/player/?url="},
{"name":"神3","type":1,"url":"http://api.ckflv.cn/?url=","ext":{"flag":["qiyi","iqiyi","奇艺","爱奇艺","qq","腾讯","youku","优酷","pptv","PPTV","letv","乐视","bilibili","哔哩哔哩","哔哩","mgtv","芒果","xigua","西瓜","sohu","搜狐","cntv","cctv","央视","1905","m1905"]}},
{"name":"神4","type":0,"url":"https://freejx.rx88.top:1234/?url="},
{"name":"觅知","type":1,"url":"https://jx.255tv.cn/api/?key=4nk3dhZkAWbHTNpP3n&url=","ext":{"flag":["qiyi","iqiyi","奇艺","爱奇艺","qq","腾讯","youku","优酷","pptv","PPTV","letv","乐视","bilibili","哔哩哔哩","哔哩","mgtv","芒果","xigua","西瓜","sohu","搜狐","cntv","cctv","央视","1905","m1905"]}},
{"name":"融兴","type":1,"url":"https://svip.rongxingvr.top/api/?key=4gb6ui9qfap4kLrvb2&url=","ext":{"flag":["qiyi","iqiyi","奇艺","爱奇艺","qq","腾讯","youku","优酷","pptv","PPTV","letv","乐视","bilibili","哔哩哔哩","哔哩","mgtv","芒果","xigua","西瓜","sohu","搜狐","cntv","cctv","央视","1905","m1905"]}},
{"name":"左岸","type":1,"url":"http://110.42.2.115:880/analysis/json/?uid=2284&my=efghjmxzADEFIS0268&url=","ext":{"flag":["qiyi","iqiyi","奇艺","爱奇艺","qq","腾讯","youku","优酷","pptv","PPTV","letv","乐视","bilibili","哔哩哔哩","哔哩","mgtv","芒果","xigua","西瓜","sohu","搜狐","cntv","cctv","央视","1905","m1905"]}},
{"name":"乐喵","type":1,"url":"http://jf.lemiaoyun.cn/home/api?type=ys&uid=149204&key=aceqstuvzABDJPTYZ0&url=","ext":{"flag":["qiyi","iqiyi","奇艺","爱奇艺","qq","腾讯","youku","优酷","pptv","PPTV","letv","乐视","bilibili","哔哩哔哩","哔哩","mgtv","芒果","xigua","西瓜","sohu","搜狐","cntv","cctv","央视","1905","m1905"]}},
{"name":"猫咪","type":1,"url":"http://api.xiaomaomi.tv/home/api?type=ys&uid=8728968&key=cdkmqvyzFIJPRT2349&url=","ext":{"flag":["qiyi","iqiyi","奇艺","爱奇艺","qq","腾讯","youku","优酷","pptv","PPTV","letv","乐视","bilibili","哔哩哔哩","哔哩","mgtv","芒果","xigua","西瓜","sohu","搜狐","cntv","cctv","央视","1905","m1905"]}},
{"name":"灵谷","type":1,"url":"http://s.lingutv.cn/?url=","ext":{"flag":["qiyi","iqiyi","奇艺","爱奇艺","qq","腾讯","youku","优酷","pptv","PPTV","letv","乐视","bilibili","哔哩哔哩","哔哩","mgtv","芒果","xigua","西瓜","sohu","搜狐","cntv","cctv","央视","1905","m1905"]}},
{"name":"2080kk","type":1,"url":"https://v.2080kk.com/home/api?type=ys&uid=1308653&key=behnpstwxBCHJMQ029&url=","ext":{"flag":["qiyi","iqiyi","奇艺","爱奇艺","qq","腾讯","youku","优酷","pptv","PPTV","letv","乐视","bilibili","哔哩哔哩","哔哩","mgtv","芒果","xigua","西瓜","sohu","搜狐","cntv","cctv","央视","1905","m1905"]}},
{"name":"江湖","type":1,"url":"http://211.99.99.236:4567/jhjson/ceshi.php?url=","ext":{"flag":["qiyi","iqiyi","奇艺","爱奇艺","qq","腾讯","youku","优酷","pptv","PPTV","letv","乐视","bilibili","哔哩哔哩","哔哩","mgtv","芒果","xigua","西瓜","sohu","搜狐","cntv","cctv","央视","1905","m1905"]}},
{"name":"OKjx嗅探","type":0,"url":"https://okjx.cc/?url="},
    {
      "name": "可遇不可求",
      "type": 1,
      "url": "http://newjiexi.gotka.top/keyu3.php?url=",
      "ext": {
        "flag": [
          "qq",
          "腾讯",
          "qiyi",
          "爱奇艺",
          "奇艺",
          "youku",
          "优酷",
          "mgtv",
          "芒果",
          "letv",
          "乐视",
          "pptv",
          "PPTV",
          "sohu",
          "bilibili",
          "哔哩哔哩",
          "哔哩"
        ],
        "header": {
          "User-Agent": "okhttp/4.1.0"
        }
      }
    },
    {
      "name": "bozrc",
      "type": 0,
      "url": "https://jx.bozrc.com:4433/player/?url=",
      "ext": {
        "flag": [
          "qq",
          "腾讯",
          "qiyi",
          "爱奇艺",
          "奇艺",
          "youku",
          "优酷",
          "mgtv",
          "芒果",
          "letv",
          "leshi",
          "LS",
          "pptv",
          "PPTV",
          "sohu",
          "bilibili",
          "哔哩哔哩",
          "哔哩"
        ],
        "header": {
          "User-Agent": ""
        }
      }
    },
    {
      "name": "rx2",
      "type": 1,
      "url": "http://rxjx.kuanjv.com/allm3u8.php?url="
    }
  ],
  "ijk": [
    {
      "group": "软解码",
      "options": [
        {
          "category": 4,
          "name": "opensles",
          "value": "0"
        },
        {
          "category": 4,
          "name": "overlay-format",
          "value": "842225234"
        },
        {
          "category": 4,
          "name": "framedrop",
          "value": "1"
        },
        {
          "category": 4,
          "name": "soundtouch",
          "value": "1"
        },
        {
          "category": 4,
          "name": "start-on-prepared",
          "value": "1"
        },
        {
          "category": 1,
          "name": "http-detect-range-support",
          "value": "0"
        },
        {
          "category": 1,
          "name": "fflags",
          "value": "fastseek"
        },
        {
          "category": 2,
          "name": "skip_loop_filter",
          "value": "48"
        },
        {
          "category": 4,
          "name": "reconnect",
          "value": "1"
        },
        {
          "category": 4,
          "name": "max-buffer-size",
          "value": "5242880"
        },
        {
          "category": 4,
          "name": "enable-accurate-seek",
          "value": "0"
        },
        {
          "category": 4,
          "name": "mediacodec",
          "value": "0"
        },
        {
          "category": 4,
          "name": "mediacodec-auto-rotate",
          "value": "0"
        },
        {
          "category": 4,
          "name": "mediacodec-handle-resolution-change",
          "value": "0"
        },
        {
          "category": 4,
          "name": "mediacodec-hevc",
          "value": "0"
        },
        {
          "category": 1,
          "name": "dns_cache_timeout",
          "value": "600000000"
        }
      ]
    },
    {
      "group": "硬解码",
      "options": [
        {
          "category": 4,
          "name": "opensles",
          "value": "0"
        },
        {
          "category": 4,
          "name": "overlay-format",
          "value": "842225234"
        },
        {
          "category": 4,
          "name": "framedrop",
          "value": "1"
        },
        {
          "category": 4,
          "name": "soundtouch",
          "value": "1"
        },
        {
          "category": 4,
          "name": "start-on-prepared",
          "value": "1"
        },
        {
          "category": 1,
          "name": "http-detect-range-support",
          "value": "0"
        },
        {
          "category": 1,
          "name": "fflags",
          "value": "fastseek"
        },
        {
          "category": 2,
          "name": "skip_loop_filter",
          "value": "48"
        },
        {
          "category": 4,
          "name": "reconnect",
          "value": "1"
        },
        {
          "category": 4,
          "name": "max-buffer-size",
          "value": "5242880"
        },
        {
          "category": 4,
          "name": "enable-accurate-seek",
          "value": "0"
        },
        {
          "category": 4,
          "name": "mediacodec",
          "value": "1"
        },
        {
          "category": 4,
          "name": "mediacodec-auto-rotate",
          "value": "1"
        },
        {
          "category": 4,
          "name": "mediacodec-handle-resolution-change",
          "value": "1"
        },
        {
          "category": 4,
          "name": "mediacodec-hevc",
          "value": "1"
        },
        {
          "category": 1,
          "name": "dns_cache_timeout",
          "value": "600000000"
        }
      ]
    }
  ],
  "ads": [
    "mimg.0c1q0l.cn",
    "www.googletagmanager.com",
    "www.google-analytics.com",
    "mc.usihnbcq.cn",
    "mg.g1mm3d.cn",
    "mscs.svaeuzh.cn",
    "cnzz.hhttm.top",
    "tp.vinuxhome.com",
    "cnzz.mmstat.com",
    "www.baihuillq.com",
    "s23.cnzz.com",
    "z3.cnzz.com",
    "c.cnzz.com",
    "stj.v1vo.top",
    "z12.cnzz.com",
    "img.mosflower.cn",
    "tips.gamevvip.com",
    "ehwe.yhdtns.com",
    "xdn.cqqc3.com",
    "www.jixunkyy.cn",
    "sp.chemacid.cn",
    "hm.baidu.com",
    "s9.cnzz.com",
    "z6.cnzz.com",
    "um.cavuc.com",
    "mav.mavuz.com",
    "wofwk.aoidf3.com",
    "z5.cnzz.com",
    "xc.hubeijieshikj.cn",
    "tj.tianwenhu.com",
    "xg.gars57.cn",
    "k.jinxiuzhilv.com",
    "cdn.bootcss.com",
    "ppl.xunzhuo123.com",
    "xomk.jiangjunmh.top",
    "img.xunzhuo123.com",
    "z1.cnzz.com",
    "v1.cnzz.com",
    "s13.cnzz.com",
    "xg.huataisangao.cn",
    "z7.cnzz.com",
    "xg.huataisangao.cn",
    "z2.cnzz.com",
    "s96.cnzz.com",
    "q11.cnzz.com",
    "thy.dacedsfa.cn",
    "xg.whsbpw.cn",
    "s19.cnzz.com",
    "z8.cnzz.com",
    "s4.cnzz.com",
    "f5w.as12df.top",
    "ae01.alicdn.com",
    "videocloud.cn-hangzhou.log.aliyuncs.com",
    "www.92424.cn",
    "k.wudejia.com",
    "vivovip.mmszxc.top",
    "qiu.xixiqiu.com",
    "cdnjs.hnfenxun.com",
    "cms.qdwght.com"
  ]
}
