{
  "lives": [
    {
      "name": "TXT",
      "type": 0,
      "url": "http://home.jundie.top:81/Cat/tv/live.txt",
      "epg": "http://epg.51zmt.top:8000/api/diyp/?ch={name}&date={date}",
      "logo": "https://epg.112114.xyz/logo/{name}.png"
    },
    {
      "name": "Json",
      "type": 1,
      "url": "https://gh-proxy.com/https://raw.githubusercontent.com/FongMi/CatVodSpider/main/json/live.json",
      "epg": "http://epg.51zmt.top:8000/api/diyp/?ch={epg}&date={date}",
      "logo": "http://epg.51zmt.top:8000/{logo}"
    }
  ]
}