{
  "wallpaper": "https://picsum.photos/1280/720/?blur=5",
  "spider": "https://agit.ai/kvymin/TV/raw/branch/master/jar/custom_spider.jar;md5;fbacd3ee3b4e0d823dbc574ef7765471",
  "sites": [    
    {"key":"js豆瓣","name":"豆瓣","type":3,"api":"https://agit.ai/kvymin/TV/raw/branch/master/js/lib/drpy2.min.js","ext":"https://agit.ai/kvymin/TV/raw/branch/master/js/drpy.js","searchable":0,"quickSearch":0,"filterable":1},
    {"key":"世界杯","name":"一起看","type":"3","api":"csp_Dora","searchable":"1","quickSearch":"1","filterable":"1","ext":"8e3aefcba838d8dc5102ac786719d837"},
    {"key":"DNSP_spider","name":"酷酷","api":"csp_Dnsp","type":3,"filterable":1,"quickSearch":1,"searchable":1,"ext":"http://121.62.19.116:1996","jar":"https://agit.ai/kvymin/TV/raw/branch/master/jar/Box.jar;md5;4f2d69de1285efa0a0e72c038de026e2"},
    {"key":"Lezhu_spider","name":"乐猪","type":3,"api":"csp_Lezhu","searchable":1,"quickSearch":1,"filterable":1,"jar":"https://agit.ai/kvymin/TV/raw/branch/master/jar/Box.jar;md5;4f2d69de1285efa0a0e72c038de026e2"},
    //{"key":"Hei19","name":"石榴","type":"3","api":"csp_Dora","searchable":"1","quickSearch":"1","filterable":"1","ext":"3bff500c8b1e06c052a1b0f1f7a62b45"},
    {"key":"Lgyy","name":"蓝光","type":"3","api":"csp_Dora","searchable":"1","quickSearch":"1","filterable":"1","ext":"b2e573ff040fcd54b50475660ee1a7d1"},
    {"key":"Smdyy","name":"神马","type":"3","api":"csp_Dora","searchable":"1","quickSearch":"1","filterable":"1","ext":"16705ee9f4764be8499806f52d4bf1e7"},
    {"key":"Ddys","name":"低端","type":"3","api":"csp_Dora","searchable":"1","quickSearch":"1","filterable":"1","ext":"1cc92323700909e7d46623bc85b958d6"},
    {"key":"Dm84","name":"动漫","type":"3","api":"csp_Dora","searchable":"1","quickSearch":"1","filterable":"1","ext":"572192a9fe2136041a58e7219a46fb2b"},
    {"key":"Tutu_spider","name":"图图","api":"csp_TutuYs","type":3,"filterable":1,"quickSearch":1,"searchable":1,"ext":"http://124.248.66.89:7788/","jar":"https://agit.ai/kvymin/TV/raw/branch/master/jar/Box.jar;md5;4f2d69de1285efa0a0e72c038de026e2"},
    {"key":"niketv_spider","name":"耐客","type":3,"api":"csp_NikeTV","searchable":1,"quickSearch":1,"filterable":1,"jar":"https://agit.ai/kvymin/TV/raw/branch/master/jar/Box.jar;md5;4f2d69de1285efa0a0e72c038de026e2"},
    {"key":"IKan","name":"爱看","type":"3","api":"csp_Dora","searchable":"1","quickSearch":"1","filterable":"1","ext":"a4ce9a4ba7d4f4bced2ff9dfc4ab4e50"},
    {"key":"Czsapp","name":"厂长","type":"3","api":"csp_Dora","searchable":"1","quickSearch":"1","filterable":"1","ext":"8ee655f702d0d21f3643504783babbc3"},
    {"key":"Kuaikan","name":"快看","type":"3","api":"csp_Dora","searchable":"1","quickSearch":"1","filterable":"1","ext":"459b1cb892e317546676a2c9dcec2bff"},
    {"key":"Kunyu77","name":"七七","type":"3","api":"csp_Dora","searchable":"1","quickSearch":"1","filterable":"1","ext":"8b48a0834ee08e5e64977bc9fc8bc3e0"},
    {"key":"Auete","name":"奥特","type":"3","api":"csp_Dora","searchable":"1","quickSearch":"1","filterable":"1","ext":"b04b15448ad5bd4312f1fa1fb9aa9b1b"},
   // {"key":"Bili","name":"哔哩","type":"3","api":"csp_Dora","searchable":"1","quickSearch":"1","filterable":"1","ext":"85b2986381a134ba3ebbaf25ae8138e7#https://ghproxy.com/https://raw.githubusercontent.com/FongMi/CatVodSpider/main/json/bili.json"},
    //{"key":"AList","name": "AList","type": "3","api":"csp_AList","searchable":"1","ext": "https://ghproxy.com/https://raw.githubusercontent.com/FongMi/CatVodSpider/main/json/alist.json"},
    {"key":"Cokemv","name":"可乐","type":"3","api":"csp_Dora","searchable":"1","quickSearch":"1","filterable":"1","ext":"b88de1329655cca1beba45aa9776de70"},
    {"key":"LiteApple","name":"小苹果","type":"3","api":"csp_Dora","searchable":"1","quickSearch":"1","filterable":"1","ext":"6deed4548c44b18d268a5d828f04d86e"},
    {"key":"SP360","name":"SP360","type":"3","api":"csp_Dora","searchable":"1","quickSearch":"1","filterable":"1","ext":"9248c57eb22ace4a3431fbd1a979465f"},
   // {"key":"Gitcafe","name":"小纸条","type":"3","api":"csp_Paper","searchable":"1","quickSearch":"1","filterable":"1","ext":"https://agit.ai/Yoursmile7/TVBox/raw/branch/master/tok.txt"},
   // {"key":"Upso","name":"云搜","type":"3","api":"csp_UpYun","searchable":"1","quickSearch":"1","filterable":"1","ext":"https://agit.ai/Yoursmile7/TVBox/raw/branch/master/tok.txt"},
    {"key":"Lib","name":"Libvio","type":"3","api":"csp_Dora","searchable":"1","quickSearch":"1","filterable":"1","ext":"78d057e4d03e47cb62dce13d69b41d6f"},
    {"key":"Dy555","name":"555","type":"3","api":"csp_Dora","searchable":"1","quickSearch":"1","filterable":"1","ext":"f41992bd740145ed58cb212dc0876582"},
   // {"key":"Xiaoh","name":"Xiaoh","type":"3","api":"csp_Dora","searchable":"1","quickSearch":"1","filterable":"1","ext":"0842c1d2a8534ec62fb3a3ed848851a7"},
  //  {"key":"Zhaozy","name":"资源","type":"3","api":"csp_Zhaozy","searchable":"1","quickSearch":"1","filterable":"1","ext":"https://agit.ai/Yoursmile7/TVBox/raw/branch/master/tok.txt$$$yingshi$$$abcd1234"},
  //  {"key":"YiSo","name":"易搜","type":"3","api":"csp_YiSo","searchable":"1","quickSearch":"1","filterable":"1","ext":"https://agit.ai/Yoursmile7/TVBox/raw/branch/master/tok.txt"},
   // {"key":"AliPS","name":"盘搜","type":"3","api":"csp_PanSou","searchable":"1","quickSearch":"1","filterable":"1","ext":"https://agit.ai/Yoursmile7/TVBox/raw/branch/master/tok.txt"},
    {"key":"Zxzj","name":"在线","type":"3","api":"csp_Dora","searchable":"1","quickSearch":"1","filterable":"1","ext":"23a412dda32885ae2bcb97b956cd7ad4"},
    {"key":"push_agent","name":"推送","type":"3","api":"csp_Push","searchable":"1","quickSearch":"1","filterable":"1","ext":"https://agit.ai/Yoursmile7/TVBox/raw/branch/master/tok.txt"}
  ],

  "lives": [{"group":"redirect","channels":[{"name": "redirect","urls":["proxy://do=live&type=txt&ext=http://home.jundie.top:81/Cat/tv/live.txt"]}]}],

  "parses": [
    {"name": "解析聚合","type": 3,"url": "Demo"},
    {"name": "Web解析","type": 3,"url": "Web"},
    {"name": "Json并发","type": 2,"url": "Parallel"},
    {"name": "Json轮询","type": 2,"url": "Sequence"},
    {"name":"晓樊","type":1,"url":"http://www.pandown.pro/app/tkys/tkysjx.php?url="},
    {"name":"瞄影","type":1,"url":"https://vip.blbo.cc:2222/api/?key=e329e41aa020fb3868f5a0ab16b896ed&url="},
    {"name":"测试","type":1,"url":"https://lan.ccabc.cc/jx.php?url="},
    {"name":"1号线","type":1,"url":"http://jx.xdv.icu/home/api?type=ys&uid=3622468&key=bklotuDFHIKMRSTVX6&url="},
    {"name":"江湖","type":1,"url":"http://jx.fuqizhishi.com:63/API.php?appkey=feimao&url="},
    {"name":"2号线","type":1,"url":"https://json.xn--9kq078cdn3a.cc/api/?key=9c9e7a8bf2de4c34c827d411603893ef&url="},
    {"name":"3号线","type":1,"url":"https://jx.ccabc.cc/?url="},
    {"name":"5号线","type":1,"url":"http://jx.ivito.cn/?url="},
    {"name":"7号线","type":1,"url":"http://jx.fuqizhishi.com:63/API.php?appkey=feimao&url="},
    {"name":"8号线","type":1,"url":"https://jx.xmflv.com/?url="},
    {"name":"巧计","type":1,"url":"http://pandown.pro/app/ysmjx.php?url="},
    {"name":"虾米","type":0,"url":"https://dm.xmflv.com:4433/?url="},
    {"name":"万能","type":0,"url":"http://91fanli.top/m3u8/?url="},
    {"name":"爱豆","type":0,"url":"https://jx.aidouer.net/?url="},
    {"name":"9号线","type":0,"url":"http://jiexi.parses.repl.co/api.php?url="},
    {"name":"10号线","type":1,"url":"http://pandown.pro/app/ysmjx.php?url="},
    {"name":"16号线","type":0,"url":"https://jx.zhanlangbu.com/?url="},
    {"name":"B站","type":0,"url":"https://jx.bozrc.com:4433/player/?url="}
  ],

  "flags": ["youku","qq","iqiyi","qiyi","letv","sohu","tudou","pptv","mgtv","wasu","bilibili","csm3u8"],

  "ijk": [
   {"group":"软解码","options":[{"category":4,"name":"opensles","value":"0"},{"category":4,"name":"overlay-format","value":"842225234"},{"category":4,"name":"framedrop","value":"1"},{"category":4,"name":"soundtouch","value":"1"},{"category":4,"name":"start-on-prepared","value":"1"},{"category":1,"name":"http-detect-rangeupport","value":"0"},{"category":1,"name":"fflags","value":"fastseek"},{"category":2,"name":"skip_loop_filter","value":"48"},{"category":4,"name":"reconnect","value":"1"},{"category":4,"name":"enable-accurateeek","value":"0"},{"category":4,"name":"mediacodec","value":"0"},{"category":4,"name":"mediacodec-auto-rotate","value":"0"},{"category":4,"name":"mediacodec-handle-resolution-change","value":"0"},{"category":4,"name":"mediacodec-hevc","value":"0"},{"category":1,"name":"dns_cache_timeout","value":"600000000"}]},

   {"group":"硬解码","options":[{"category":4,"name":"opensles","value":"0"},{"category":4,"name":"overlay-format","value":"842225234"},{"category":4,"name":"framedrop","value":"1"},{"category":4,"name":"soundtouch","value":"1"},{"category":4,"name":"start-on-prepared","value":"1"},{"category":1,"name":"http-detect-rangeupport","value":"0"},{"category":1,"name":"fflags","value":"fastseek"},{"category":2,"name":"skip_loop_filter","value":"48"},{"category":4,"name":"reconnect","value":"1"},{"category":4,"name":"enable-accurateeek","value":"0"},{"category":4,"name":"mediacodec","value":"1"},{"category":4,"name":"mediacodec-auto-rotate","value":"1"},{"category":4,"name":"mediacodec-handle-resolution-change","value":"1"},{"category":4,"name":"mediacodec-hevc","value":"1"},{"category":1,"name":"dns_cache_timeout","value":"600000000"}]}],

  "ads": ["mimg.0c1q0l.cn","www.googletagmanager.com","www.google-analytics.com","mc.usihnbcq.cn","mg.g1mm3d.cn","mscs.svaeuzh.cn","cnzz.hhttm.top","tp.vinuxhome.com","cnzz.mmstat.com","www.baihuillq.com","s23.cnzz.com","z3.cnzz.com","c.cnzz.com","stj.v1vo.top","z12.cnzz.com","img.mosflower.cn","tips.gamevvip.com","ehwe.yhdtns.com","xdn.cqqc3.com","www.jixunkyy.cn","sp.chemacid.cn","hm.baidu.com","s9.cnzz.com","z6.cnzz.com","um.cavuc.com","mav.mavuz.com","wofwk.aoidf3.com","z5.cnzz.com","xc.hubeijieshikj.cn","tj.tianwenhu.com","xg.gars57.cn","k.jinxiuzhilv.com","cdn.bootcss.com","ppl.xunzhuo123.com","xomk.jiangjunmh.top","img.xunzhuo123.com","z1.cnzz.com","s13.cnzz.com","xg.huataisangao.cn","z7.cnzz.com","xg.huataisangao.cn","z2.cnzz.com","s96.cnzz.com","q11.cnzz.com","thy.dacedsfa.cn","xg.whsbpw.cn","s19.cnzz.com","z8.cnzz.com","s4.cnzz.com","f5w.as12df.top","ae01.alicdn.com","www.92424.cn","k.wudejia.com","vivovip.mmszxc.top","qiu.xixiqiu.com","cdnjs.hnfenxun.com","cms.qdwght.com"]
}
