{
   
    "sites" : [
            {
            "key" : "drpy_js_360影视",
            "name" : "360影视[DRPY]",
            "type" : 3,
            "api" : "https://agit.ai/guot54/ygbh/raw/branch/master/%e5%bd%b1%e9%9f%b3%e7%9b%92%e5%ad%90/drpy.js",
            "ext" : "https://agit.ai/guot54/ygbh/raw/branch/master/JS/360%e5%bd%b1%e8%a7%86.js"
        },
            {
            "key" : "drpy_js_drpy",
            "name" : "豆瓣[DRPY]",
            "type" : 3,
            "api" : "https://agit.ai/guot54/ygbh/raw/branch/master/%e5%bd%b1%e9%9f%b3%e7%9b%92%e5%ad%90/drpy.js",
            "ext" : "https://agit.ai/guot54/ygbh/raw/branch/master/%e5%bd%b1%e9%9f%b3%e7%9b%92%e5%ad%90/drpy.js"
        },
            {
            "key" : "drpy_js_优酷",
            "name" : "优酷[DRPY]",
            "type" : 3,
            "api" : "https://agit.ai/guot54/ygbh/raw/branch/master/%e5%bd%b1%e9%9f%b3%e7%9b%92%e5%ad%90/drpy.js",
            "ext" : "https://agit.ai/guot54/ygbh/raw/branch/master/JS/%e4%bc%98%e9%85%b7.js"
        },
            {
            "key" : "drpy_js_酷云77",
            "name" : "酷云77[DRPY]",
            "type" : 3,
            "api" : "https://agit.ai/guot54/ygbh/raw/branch/master/%e5%bd%b1%e9%9f%b3%e7%9b%92%e5%ad%90/drpy.js",
            "ext" : "https://agit.ai/guot54/ygbh/raw/branch/master/JS/%e9%85%b7%e4%ba%9177.js"
        },
            {
            "key" : "drpy_js_真不卡",
            "name" : "真不卡[DRPY]",
            "type" : 3,
            "api" : "https://agit.ai/guot54/ygbh/raw/branch/master/%e5%bd%b1%e9%9f%b3%e7%9b%92%e5%ad%90/drpy.js",
            "ext" : "https://agit.ai/guot54/ygbh/raw/branch/master/JS/%e7%9c%9f%e4%b8%8d%e5%8d%a1.js"
        },
            {
            "key" : "drpy_js_猫了个咪",
            "name" : "猫了个咪[DRPY]",
            "type" : 3,
            "api" : "hhttps://agit.ai/guot54/ygbh/raw/branch/master/%e5%bd%b1%e9%9f%b3%e7%9b%92%e5%ad%90/drpy.js",
            "ext" : "https://agit.ai/guot54/ygbh/raw/branch/master/JS/%e7%8c%ab%e4%ba%86%e4%b8%aa%e5%92%aa.js"
        },
            {
            "key" : "drpy_js_l0l",
            "name" : "l0l[DRPY]",
            "type" : 3,
            "api" : "https://agit.ai/guot54/ygbh/raw/branch/master/%e5%bd%b1%e9%9f%b3%e7%9b%92%e5%ad%90/drpy.js",
            "ext" : "https://agit.ai/guot54/ygbh/raw/branch/master/JS/l0l.js"
        },
            {
            "key" : "drpy_js_LIBVIO",
            "name" : "LIBVIO[DRPY]",
            "type" : 3,
            "api" : "https://agit.ai/guot54/ygbh/raw/branch/master/%e5%bd%b1%e9%9f%b3%e7%9b%92%e5%ad%90/drpy.js",
            "ext" : "https://agit.ai/guot54/ygbh/raw/branch/master/JS/LIBVIO.js"
        },
            {
            "key" : "drpy_js_百忙无果",
            "name" : "百忙无果[DRPY]",
            "type" : 3,
            "api" : "https://agit.ai/guot54/ygbh/raw/branch/master/%e5%bd%b1%e9%9f%b3%e7%9b%92%e5%ad%90/drpy.js",
            "ext" : "https://agit.ai/guot54/ygbh/raw/branch/master/JS/%e7%99%be%e5%bf%99%e6%97%a0%e6%9e%9c.js"
        },
            {
            "key" : "drpy_js_菜狗",
            "name" : "菜狗[DRPY]",
            "type" : 3,
            "api" : "https://agit.ai/guot54/ygbh/raw/branch/master/%e5%bd%b1%e9%9f%b3%e7%9b%92%e5%ad%90/drpy.js",
            "ext" : "https://agit.ai/guot54/ygbh/raw/branch/master/JS/%e8%8f%9c%e7%8b%97.js"
        },
            {
            "key" : "drpy_js_番茄影视",
            "name" : "番茄影视[DRPY]",
            "type" : 3,
            "api" : "https://agit.ai/guot54/ygbh/raw/branch/master/%e5%bd%b1%e9%9f%b3%e7%9b%92%e5%ad%90/drpy.js",
            "ext" : "https://agit.ai/guot54/ygbh/raw/branch/master/JS/%e7%95%aa%e8%8c%84%e5%bd%b1%e8%a7%86.js"
        },
            {
            "key" : "drpy_js_干饭影视",
            "name" : "干饭影视[DRPY]",
            "type" : 3,
            "api" : "https://agit.ai/guot54/ygbh/raw/branch/master/%e5%bd%b1%e9%9f%b3%e7%9b%92%e5%ad%90/drpy.js",
            "ext" : "https://agit.ai/guot54/ygbh/raw/branch/master/JS/%e5%b9%b2%e9%a5%ad%e5%bd%b1%e8%a7%86.js"
        },
            {
            "key" : "drpy_js_喵喵",
            "name" : "喵喵[DRPY]",
            "type" : 3,
            "api" : "https://agit.ai/guot54/ygbh/raw/branch/master/%e5%bd%b1%e9%9f%b3%e7%9b%92%e5%ad%90/drpy.js",
            "ext" : "https://agit.ai/guot54/ygbh/raw/branch/master/JS/%e5%96%b5%e5%96%b5.js"
        },
            {
            "key" : "drpy_js_牛马TV",
            "name" : "牛马TV[DRPY]",
            "type" : 3,
            "api" : "https://agit.ai/guot54/ygbh/raw/branch/master/%e5%bd%b1%e9%9f%b3%e7%9b%92%e5%ad%90/drpy.js",
            "ext" : "https://agit.ai/guot54/ygbh/raw/branch/master/JS/%e7%89%9b%e9%a9%acTV.js"
        },
            {
            "key" : "drpy_js_奇珍异兽",
            "name" : "奇珍异兽[DRPY]",
            "type" : 3,
            "api" : "https://agit.ai/guot54/ygbh/raw/branch/master/%e5%bd%b1%e9%9f%b3%e7%9b%92%e5%ad%90/drpy.js",
            "ext" : "https://agit.ai/guot54/ygbh/raw/branch/master/JS/%e5%a5%87%e7%8f%8d%e5%bc%82%e5%85%bd.js"
        },
            {
            "key" : "drpy_js_人人影视",
            "name" : "人人影视[DRPY]",
            "type" : 3,
            "api" : "https://agit.ai/guot54/ygbh/raw/branch/master/%e5%bd%b1%e9%9f%b3%e7%9b%92%e5%ad%90/drpy.js",
            "ext" : "https://agit.ai/guot54/ygbh/raw/branch/master/JS/%e4%ba%ba%e4%ba%ba%e5%bd%b1%e8%a7%86.js"
        },
            {
            "key" : "drpy_js_万能影视",
            "name" : "万能影视[DRPY]",
            "type" : 3,
            "api" : "https://agit.ai/guot54/ygbh/raw/branch/master/%e5%bd%b1%e9%9f%b3%e7%9b%92%e5%ad%90/drpy.js",
            "ext" : "https://agit.ai/guot54/ygbh/raw/branch/master/JS/%e4%b8%87%e8%83%bd%e5%bd%b1%e8%a7%86.js"
        },
            {
            "key" : "drpy_js_小强迷",
            "name" : "小强迷[DRPY]",
            "type" : 3,
            "api" : "https://agit.ai/guot54/ygbh/raw/branch/master/%e5%bd%b1%e9%9f%b3%e7%9b%92%e5%ad%90/drpy.js",
            "ext" : "https://agit.ai/guot54/ygbh/raw/branch/master/JS/%e5%b0%8f%e5%bc%ba%e8%bf%b7.js"
        },
            {
            "key" : "drpy_js_玄天",
            "name" : "玄天[DRPY]",
            "type" : 3,
            "api" : "https://agit.ai/guot54/ygbh/raw/branch/master/%e5%bd%b1%e9%9f%b3%e7%9b%92%e5%ad%90/drpy.js",
            "ext" : "https://agit.ai/guot54/ygbh/raw/branch/master/JS/%e7%8e%84%e5%a4%a9.js"
        },
            {
            "key" : "drpy_js_鸭奈飞",
            "name" : "鸭奈飞[DRPY]",
            "type" : 3,
            "api" : "https://agit.ai/guot54/ygbh/raw/branch/master/%e5%bd%b1%e9%9f%b3%e7%9b%92%e5%ad%90/drpy.js",
            "ext" : "https://agit.ai/guot54/ygbh/raw/branch/master/JS/%e9%b8%ad%e5%a5%88%e9%a3%9e.js"
        },
            {
            "key" : "drpy_js_影视工厂",
            "name" : "影视工厂[DRPY]",
            "type" : 3,
            "api" : "https://agit.ai/guot54/ygbh/raw/branch/master/%e5%bd%b1%e9%9f%b3%e7%9b%92%e5%ad%90/drpy.js",
            "ext" : "https://agit.ai/guot54/ygbh/raw/branch/master/JS/%e5%bd%b1%e8%a7%86%e5%b7%a5%e5%8e%82.js"
        },
            {
            "key" : "drpy_js_在线之家",
            "name" : "在线之家[DRPY]",
            "type" : 3,
            "api" : "https://agit.ai/guot54/ygbh/raw/branch/master/%e5%bd%b1%e9%9f%b3%e7%9b%92%e5%ad%90/drpy.js",
            "ext" : "https://agit.ai/guot54/ygbh/raw/branch/master/JS/%e5%9c%a8%e7%ba%bf%e4%b9%8b%e5%ae%b6.js"
        },
            {
            "key" : "drpy_js_腾云驾雾",
            "name" : "腾云驾雾[DRPY]",
            "type" : 3,
            "api" : "https://agit.ai/guot54/ygbh/raw/branch/master/%e5%bd%b1%e9%9f%b3%e7%9b%92%e5%ad%90/drpy.js",
            "ext" : "https://agit.ai/guot54/ygbh/raw/branch/master/JS/%e8%85%be%e4%ba%91%e9%a9%be%e9%9b%be.js"
        },
            {
            "key" : "drpy_js_兔小贝",
            "name" : "兔小贝[DRPY]",
            "type" : 3,
            "api" : "https://agit.ai/guot54/ygbh/raw/branch/master/%e5%bd%b1%e9%9f%b3%e7%9b%92%e5%ad%90/drpy.js",
            "ext" : "https://agit.ai/guot54/ygbh/raw/branch/master/JS/%e5%85%94%e5%b0%8f%e8%b4%9d.js"
        },
            {
            "key" : "drpy_js_AnFuns",
            "name" : "AnFuns[DRPY]",
            "type" : 3,
            "api" : "https://agit.ai/guot54/ygbh/raw/branch/master/%e5%bd%b1%e9%9f%b3%e7%9b%92%e5%ad%90/drpy.js",
            "ext" : "https://agit.ai/guot54/ygbh/raw/branch/master/JS/AnFuns.js"
        },
            {
            "key" : "drpy_js_瓜皮TV",
            "name" : "瓜皮TV[DRPY]",
            "type" : 3,
            "api" : "https://agit.ai/guot54/ygbh/raw/branch/master/%e5%bd%b1%e9%9f%b3%e7%9b%92%e5%ad%90/drpy.js",
            "ext" : "https://agit.ai/guot54/ygbh/raw/branch/master/JS/%e7%93%9c%e7%9a%aeTV.js"
        },
            {
            "key" : "drpy_js_555影视",
            "name" : "555影视[DRPY]",
            "type" : 3,
            "api" : "https://agit.ai/guot54/ygbh/raw/branch/master/%e5%bd%b1%e9%9f%b3%e7%9b%92%e5%ad%90/drpy.js",
            "ext" : "https://agit.ai/guot54/ygbh/raw/branch/master/JS/555%e5%bd%b1%e8%a7%86.js"
        },
            {
            "key" : "drpy_js_蓝光影院",
            "name" : "蓝光影院[DRPY]",
            "type" : 3,
            "api" : "https://agit.ai/guot54/ygbh/raw/branch/master/%e5%bd%b1%e9%9f%b3%e7%9b%92%e5%ad%90/drpy.js",
            "ext" : "https://agit.ai/guot54/ygbh/raw/branch/master/JS/%e8%93%9d%e5%85%89%e5%bd%b1%e9%99%a2.js"
        },
            {
            "key" : "drpy_js_莫扎兔",
            "name" : "莫扎兔[DRPY]",
            "type" : 3,
            "api" : "https://agit.ai/guot54/ygbh/raw/branch/master/%e5%bd%b1%e9%9f%b3%e7%9b%92%e5%ad%90/drpy.js",
            "ext" : "https://agit.ai/guot54/ygbh/raw/branch/master/JS/%e8%8e%ab%e6%89%8e%e5%85%94.js"
        },
            {
            "key" : "drpy_js_追剧喵",
            "name" : "追剧喵[DRPY]",
            "type" : 3,
            "api" : "https://agit.ai/guot54/ygbh/raw/branch/master/%e5%bd%b1%e9%9f%b3%e7%9b%92%e5%ad%90/drpy.js",
            "ext" : "https://agit.ai/guot54/ygbh/raw/branch/master/JS/%e8%bf%bd%e5%89%a7%e5%96%b5.js"
        },
            {
            "key" : "drpy_js_1080P",
            "name" : "1080P[DRPY]",
            "type" : 3,
            "api" : "https://agit.ai/guot54/ygbh/raw/branch/master/%e5%bd%b1%e9%9f%b3%e7%9b%92%e5%ad%90/drpy.js",
            "ext" : "https://agit.ai/guot54/ygbh/raw/branch/master/JS/1080P.js"
        },
            {
            "key" : "drpy_js_007影视",
            "name" : "007影视[DRPY]",
            "type" : 3,
            "api" : "https://agit.ai/guot54/ygbh/raw/branch/master/%e5%bd%b1%e9%9f%b3%e7%9b%92%e5%ad%90/drpy.js",
            "ext" : "https://agit.ai/guot54/ygbh/raw/branch/master/JS/007%e5%bd%b1%e8%a7%86.js"
        },
            {
            "key" : "drpy_js_cokemv",
            "name" : "cokemv[DRPY]",
            "type" : 3,
            "api" : "https://agit.ai/guot54/ygbh/raw/branch/master/%e5%bd%b1%e9%9f%b3%e7%9b%92%e5%ad%90/drpy.js",
            "ext" : "https://agit.ai/guot54/ygbh/raw/branch/master/JS/cokemv.js"
        },
            {
            "key" : "drpy_js_vip影院",
            "name" : "vip影院[DRPY]",
            "type" : 3,
            "api" : "https://agit.ai/guot54/ygbh/raw/branch/master/%e5%bd%b1%e9%9f%b3%e7%9b%92%e5%ad%90/drpy.js",
            "ext" : "https://agit.ai/guot54/ygbh/raw/branch/master/JS/vip%e5%bd%b1%e9%99%a2.js"
        },
            {
            "key" : "drpy_js_大米星球",
            "name" : "大米星球[DRPY]",
            "type" : 3,
            "api" : "https://agit.ai/guot54/ygbh/raw/branch/master/%e5%bd%b1%e9%9f%b3%e7%9b%92%e5%ad%90/drpy.js",
            "ext" : "https://agit.ai/guot54/ygbh/raw/branch/master/JS/%e5%a4%a7%e7%b1%b3%e6%98%9f%e7%90%83.js"
        },
            {
            "key" : "drpy_js_剧白白",
            "name" : "剧白白[DRPY]",
            "type" : 3,
            "api" : "https://agit.ai/guot54/ygbh/raw/branch/master/%e5%bd%b1%e9%9f%b3%e7%9b%92%e5%ad%90/drpy.js",
            "ext" : "https://agit.ai/guot54/ygbh/raw/branch/master/JS/%e5%89%a7%e7%99%bd%e7%99%bd.js"
        },
            {
            "key" : "drpy_js_看视界",
            "name" : "看视界[DRPY]",
            "type" : 3,
            "api" : "https://agit.ai/guot54/ygbh/raw/branch/master/%e5%bd%b1%e9%9f%b3%e7%9b%92%e5%ad%90/drpy.js",
            "ext" : "https://agit.ai/guot54/ygbh/raw/branch/master/JS/%e7%9c%8b%e8%a7%86%e7%95%8c.js"
        },
            {
            "key" : "drpy_js_库马伊",
            "name" : "库马伊[DRPY]",
            "type" : 3,
            "api" : "https://agit.ai/guot54/ygbh/raw/branch/master/%e5%bd%b1%e9%9f%b3%e7%9b%92%e5%ad%90/drpy.js",
            "ext" : "https://agit.ai/guot54/ygbh/raw/branch/master/JS/%e5%ba%93%e9%a9%ac%e4%bc%8a.js"
        },
            {
            "key" : "drpy_js_蓝莓影视",
            "name" : "蓝莓影视[DRPY]",
            "type" : 3,
            "api" : "https://agit.ai/guot54/ygbh/raw/branch/master/%e5%bd%b1%e9%9f%b3%e7%9b%92%e5%ad%90/drpy.js",
            "ext" : "https://agit.ai/guot54/ygbh/raw/branch/master/JS/%e8%93%9d%e8%8e%93%e5%bd%b1%e8%a7%86.js"
        },
            {
            "key" : "drpy_js_凌云影视",
            "name" : "凌云影视[DRPY]",
            "type" : 3,
            "api" : "https://agit.ai/guot54/ygbh/raw/branch/master/%e5%bd%b1%e9%9f%b3%e7%9b%92%e5%ad%90/drpy.js",
            "ext" : "https://agit.ai/guot54/ygbh/raw/branch/master/JS/%e5%87%8c%e4%ba%91%e5%bd%b1%e8%a7%86.js"
        },
            {
            "key" : "drpy_js_奇优影院",
            "name" : "奇优影院[DRPY]",
            "type" : 3,
            "api" : "https://agit.ai/guot54/ygbh/raw/branch/master/%e5%bd%b1%e9%9f%b3%e7%9b%92%e5%ad%90/drpy.js",
            "ext" : "https://agit.ai/guot54/ygbh/raw/branch/master/JS/%e5%a5%87%e4%bc%98%e5%bd%b1%e9%99%a2.js"
        },
            {
            "key" : "drpy_js_小猫咪",
            "name" : "小猫咪[DRPY]",
            "type" : 3,
            "api" : "https://agit.ai/guot54/ygbh/raw/branch/master/%e5%bd%b1%e9%9f%b3%e7%9b%92%e5%ad%90/drpy.js",
            "ext" : "https://agit.ai/guot54/ygbh/raw/branch/master/JS/%e5%b0%8f%e7%8c%ab%e5%92%aa.js"
        },
            {
            "key" : "drpy_js_夜空",
            "name" : "夜空[DRPY]",
            "type" : 3,
            "api" : "https://agit.ai/guot54/ygbh/raw/branch/master/%e5%bd%b1%e9%9f%b3%e7%9b%92%e5%ad%90/drpy.js",
            "ext" : "https://agit.ai/guot54/ygbh/raw/branch/master/JS/%e5%a4%9c%e7%a9%ba.js"
        }],
    "lives" : [
            {
            "group" : "redirect",
            "channels" : [
                    {
                    "name" : "live",
                    "urls" : [
                        "proxy://do=live&type=txt&ext=https://agit.ai/guot54/ygbh/raw/branch/master/zB/zB.txt"]
                }]
        }],
    "rules" : [
            {
            "host" : "*",
            "rule" : [
                "douyinvod.com",
                "/video/tos/cn/"]
        },
            {
            "host" : "*",
            "rule" : [
                "default.365yg.com",
                "/video/tos/cn/"]
        },
            {
            "host" : "*",
            "rule" : [
                "/m3u8.php",
                "path="]
        },
            {
            "host" : "zjmiao.com",
            "rule" : [
                "play.videomiao.vip/API.php",
                "time=",
                "key=",
                "path="]
        }],
    "parses" : [
            {
            "name" : "解析聚合",
            "type" : 3,
            "url" : "Demo"
        },
            {
            "name" : "Json并发",
            "type" : 2,
            "url" : "Parallel"
        },
            {
            "name" : "Json轮询",
            "type" : 2,
            "url" : "Sequence"
        },
           {
            "name" : "keyu",
            "type" : 1,
            "url" : "http://newjiexi.gotka.top/keyu3.php?url=",
            "ext" : {
                "header" : {
                    "User-Agent" : "okhttp/4.1.0"
                }
            }
        }],
    "flags" : [
        "youku",
        "qq",
        "iqiyi",
        "qiyi",
        "letv",
        "sohu",
        "tudou",
        "pptv",
        "mgtv",
        "wasu"],
    "ijk" : [
            {
            "group" : "软解码",
            "options" : [
                    {
                    "category" : 4,
                    "name" : "opensles",
                    "value" : "0"
                },
                    {
                    "category" : 4,
                    "name" : "overlay-format",
                    "value" : "842225234"
                },
                    {
                    "category" : 4,
                    "name" : "framedrop",
                    "value" : "1"
                },
                    {
                    "category" : 4,
                    "name" : "soundtouch",
                    "value" : "1"
                },
                    {
                    "category" : 4,
                    "name" : "start-on-prepared",
                    "value" : "1"
                },
                    {
                    "category" : 1,
                    "name" : "http-detect-range-support",
                    "value" : "0"
                },
                    {
                    "category" : 1,
                    "name" : "fflags",
                    "value" : "fastseek"
                },
                    {
                    "category" : 2,
                    "name" : "skip_loop_filter",
                    "value" : "48"
                },
                    {
                    "category" : 4,
                    "name" : "reconnect",
                    "value" : "1"
                },
                    {
                    "category" : 4,
                    "name" : "max-buffer-size",
                    "value" : "5242880"
                },
                    {
                    "category" : 4,
                    "name" : "enable-accurate-seek",
                    "value" : "0"
                },
                    {
                    "category" : 4,
                    "name" : "mediacodec",
                    "value" : "0"
                },
                    {
                    "category" : 4,
                    "name" : "mediacodec-auto-rotate",
                    "value" : "0"
                },
                    {
                    "category" : 4,
                    "name" : "mediacodec-handle-resolution-change",
                    "value" : "0"
                },
                    {
                    "category" : 4,
                    "name" : "mediacodec-hevc",
                    "value" : "0"
                }]
        },
            {
            "group" : "硬解码",
            "options" : [
                    {
                    "category" : 4,
                    "name" : "opensles",
                    "value" : "0"
                },
                    {
                    "category" : 4,
                    "name" : "overlay-format",
                    "value" : "842225234"
                },
                    {
                    "category" : 4,
                    "name" : "framedrop",
                    "value" : "1"
                },
                    {
                    "category" : 4,
                    "name" : "soundtouch",
                    "value" : "1"
                },
                    {
                    "category" : 4,
                    "name" : "start-on-prepared",
                    "value" : "1"
                },
                    {
                    "category" : 1,
                    "name" : "http-detect-range-support",
                    "value" : "0"
                },
                    {
                    "category" : 1,
                    "name" : "fflags",
                    "value" : "fastseek"
                },
                    {
                    "category" : 2,
                    "name" : "skip_loop_filter",
                    "value" : "48"
                },
                    {
                    "category" : 4,
                    "name" : "reconnect",
                    "value" : "1"
                },
                    {
                    "category" : 4,
                    "name" : "max-buffer-size",
                    "value" : "5242880"
                },
                    {
                    "category" : 4,
                    "name" : "enable-accurate-seek",
                    "value" : "0"
                },
                    {
                    "category" : 4,
                    "name" : "mediacodec",
                    "value" : "1"
                },
                    {
                    "category" : 4,
                    "name" : "mediacodec-auto-rotate",
                    "value" : "1"
                },
                    {
                    "category" : 4,
                    "name" : "mediacodec-handle-resolution-change",
                    "value" : "1"
                },
                    {
                    "category" : 4,
                    "name" : "mediacodec-hevc",
                    "value" : "1"
                }]
        }],
    "ads" : [
        "mimg.0c1q0l.cn",
        "www.googletagmanager.com",
        "www.google-analytics.com",
        "mc.usihnbcq.cn",
        "mg.g1mm3d.cn",
        "mscs.svaeuzh.cn",
        "cnzz.hhttm.top",
        "tp.vinuxhome.com",
        "cnzz.mmstat.com",
        "www.baihuillq.com",
        "s23.cnzz.com",
        "z3.cnzz.com",
        "c.cnzz.com",
        "stj.v1vo.top",
        "z12.cnzz.com",
        "img.mosflower.cn",
        "tips.gamevvip.com",
        "ehwe.yhdtns.com",
        "xdn.cqqc3.com",
        "www.jixunkyy.cn",
        "sp.chemacid.cn",
        "hm.baidu.com",
        "s9.cnzz.com",
        "z6.cnzz.com",
        "um.cavuc.com",
        "mav.mavuz.com",
        "wofwk.aoidf3.com",
        "z5.cnzz.com",
        "xc.hubeijieshikj.cn",
        "tj.tianwenhu.com",
        "xg.gars57.cn",
        "k.jinxiuzhilv.com",
        "cdn.bootcss.com",
        "ppl.xunzhuo123.com",
        "xomk.jiangjunmh.top",
        "img.xunzhuo123.com",
        "z1.cnzz.com",
        "s13.cnzz.com",
        "xg.huataisangao.cn",
        "z7.cnzz.com",
        "xg.huataisangao.cn",
        "z2.cnzz.com",
        "s96.cnzz.com",
        "q11.cnzz.com",
        "thy.dacedsfa.cn",
        "xg.whsbpw.cn",
        "s19.cnzz.com",
        "z8.cnzz.com",
        "s4.cnzz.com",
        "f5w.as12df.top",
        "ae01.alicdn.com",
        "www.92424.cn",
        "k.wudejia.com",
        "vivovip.mmszxc.top",
        "qiu.xixiqiu.com",
        "cdnjs.hnfenxun.com",
        "cms.qdwght.com"]
}