{
    "api":[ 
        {"key":"空格3","name":"请选择线路","ext":"/","date":"  "},    
      {"key":"空格4","name":"⬇️⬇️⬇️⬇️⬇️⬇️","ext":"/","date":"  "},    
        {"key":"月光宝盒","name":"🎁宝盒线路〔家庭版〕","ext":"http://52bsj.vip:81/api/v3/file/get/29899/box2.json?sign=3cVyKZQr3lFAwdB3HK-A7h33e0MnmG6lLB9oWlvSNnM%3D%3A0","date":"宝盒推荐线路" },
        {"key":"哔哩线路","name":"🅱️哔哩套餐线路","ext":"http://52bsj.vip:81/api/v3/file/get/41063/bili.json?sign=TxuApYZt6bNl9TzI7vObItW34UnATQ4RQxABAEwHst4%3D%3A0","date":"学习娱乐专用" },
        {"key":"云盘","name":"💽云盘4K线路(仅支持搜索）","ext":"http://52bsj.vip:81/api/v3/file/get/45055/alist.json?sign=5hJ60J-4XMmtamakqYzTiaX_8-1vwxpGeN0WcRVDsh8%3D%3A0","date":"看片搜索专用" },
        {"key":"刚刚","name":"💖刚刚线路","ext":"http://刚刚.live/猫","date":"GGTV" },
        {"key":"小苹果","name":"🍎苹果盒子线路1","ext":"https://share.nite07.com/api/v3/file/source/20889/boxzy.json?sign=4zM1VDZ3fmEr6yQAsULp_PMzzyLguYN9wKwDP5Bq4hY%3D%3A0","date":"LITTLE apple" },
        {"key":"小苹果","name":"🍎苹果盒子线路2","ext":"https://agit.ai/nbwzlyd/xiaopingguo/raw/branch/master/xiaopingguo/xiaopingguo.json","date":"LITTLE apple2" },
        {"key":"️潇洒","name":"🕺潇洒线路","ext":"https://download.kstore.space/download/2863/01.txt","date":"潇洒" },
          {"key":"️甜蜜","name":"🎞️甜蜜线路","ext":"https://kebedd69.github.io/TVbox-interface/%E7%94%9C%E8%9C%9C.json","date":"甜蜜" },
          
       {"key":"鑫佰元","name":"🎈欣佰园","ext":"https://ghproxy.com/https://raw.githubusercontent.com/chengxueli818913/maoTV/main/44.txt","date":"网络搜集"},         
        {"key":"白嫖","name":"🎯白嫖线路","ext":"http://js.134584.xyz/json/pp87.json","date":"网络搜集"}, 
        {"key":"云星","name":"🎑云星家庭线路","ext":"http://maoyingshi.cc/tvbox/云星日记/1.m3u8","date":"云星维护"},     
        
        {"key":"空格1","name":"------------------------------","ext":"/","date":"  "},        
        {"key":"新增","name":"更多接口公众号 月光宝盒BOX 获取","ext":"/","date":"  "}        
           
                                         
             ]
    }