{


//0730JAR
"spider":"https://jihulab.com/ygbh1/box/-/raw/main/JAR/1215.jar;md5;58BACE2715918A6FD783931D03586372",






"lives":[{"group":"redirect","channels":[{"name":"redirect","urls":["proxy://do=live&type=txt&ext=aHR0cHM6Ly9hZ2l0LmFpL2d1b3Q1NC95Z2JoL3Jhdy9icmFuY2gvbWFzdGVyL3pCL3pCLnR4dA=="]}]}],

"sites":[
   {
            "key": "js豆瓣1",
            "name": "🌈豆瓣首页",
            "type": 3,
            "api": "https://agit.ai/767820774/TVBOXZY/raw/branch/main/JS/lib/drpy.min.js",
            "ext": "http://w.g9.pub:66/2251087869/smallmi/js/drpy.js",
            "searchable": 0,
            "quickSearch": 0,
            "filterable": 0
        },
  
 {
            "key": "csp_新视觉",
            "name": "🍁新视觉",
            "type": 3,
            "api": "csp_Xinsj",
            "searchable": 1,
            "quickSearch": 1,
            "filterable": 1,"jar":"https://jihulab.com/ygbh1/box/-/raw/main/JAR/%E6%96%B0%E8%A7%86%E8%A7%89.jar;md5;ECF7785B6F419593E3B1EE190F3903D1"
        },   
	 
    
   
{"key":"dr_豆瓣","name":"🎞️豆瓣首页2","type":3,"api":"http://id.ganggang.live:63/js/drpy2.min.js","ext": "http://id.ganggang.live:63/js/js_drpy.js","searchable":0,"quickSearch":0,"filterable":0},

 {"key": "csp_lezhu","name": "🐷乐猪影视","type": 3,"api": "csp_XPath","searchable": 1,"quickSearch": 0,"filterable": 1,"ext": "https://agit.ai/guot54/ygbh/raw/branch/master/XB/%e4%b9%90%e7%8c%aaXP.json"},
  
{
            "key": "YQK_spider",
            "name": "🏃一起看TV",
            "api": "csp_YQKAPP",
            "type": 3,
            "filterable": 1,
            "playerType": 2,
            "quickSearch": 1,
            "searchable": 1,
            "ext": "https://api-tx.shumaxc.xyz",
            "jar": "http://我不是.肥猫.love:63/Jar/qq2.jar;md5;4E872E4AA2D4F8B6F4FFBC11E6B3E1A1"
        },	
    {"key":"csp_SP360","name":" 🌈公众号：宝盒box科技","type":3,"api":"csp_SP360","searchable":1,"quickSearch":1,"filterable":1},
	{
      "key": "csp_XYQ_lu1",
      "name": "️📺电视直播",
      "type": 3,
      "api": "csp_XYQHiker",
      "searchable": 1,
      "quickSearch": 1,
      "filterable": 0,
      "ext": "https://gitlab.com/ygbh1/666/-/raw/main/json/%E7%94%B5%E8%A7%86%E7%9B%B4%E6%92%AD%E6%BA%90.json","jar":"https://gitlab.com/ygbh1/666/-/raw/main/JAR/%E6%9C%80%E9%AB%981080%E5%93%94%E5%93%A9%E5%BF%B5%E5%BD%B1%E7%A5%9E%E9%A9%ACzb.jar"
    },
      {
      "key": "T4直播转点播",
      "name": "📺︎电视直播2",
      "type": 4,
      "api": "http://120.53.102.254/live?url=aHR0cHM6Ly9hZ2l0LmFpL2d1b3Q1NC95Z2JoL3Jhdy9icmFuY2gvbWFzdGVyL3pCL3R2bGl2ZS50eHQ=",
      "searchable": 1,
      "quickSearch": 1,
      "filterable": 1
    },
    {"key": "小苹果","name": "🍎小苹果","type": 3,"api": "csp_LiteApple","searchable": 1,"quickSearch": 1,"filterable": 1,"jar":"https://gitlab.com/ygbh1/666/-/raw/main/JAR/ttpg.jar"},
    {"key":"csp_Kunyu77","name":"👒七七〔SP〕","type":3,"api":"csp_Kunyu77","searchable":1,"quickSearch":1,"filterable":1},
	{
            "key" : "drpy_js_布雷蓝光",
            "name" : "🎑布雷蓝光",
            "type" : 3,
            "api" : "https://agit.ai/guot54/TVBOXbh/raw/branch/main/JS/lib/drpy.min.js",
            "ext" : "https://gitlab.com/ygbh1/666/-/raw/main/json/%E5%B8%83%E9%9B%B7%E8%93%9D%E5%85%89.js"
        },
        {
            "key" : "drpy_js_零度影视",
            "name" : "🌙零度影视",
            "type" : 3,
            "api" : "https://agit.ai/guot54/TVBOXbh/raw/branch/main/JS/lib/drpy.min.js",
            "ext" : "https://gitlab.com/ygbh1/666/-/raw/main/json/%E9%9B%B6%E5%BA%A6%E5%BD%B1%E8%A7%86.js"
        },
        {
            "key" : "drpy_js_1080p",
            "name" : "☁️1080P影视",
            "type" : 3,
            "api" : "https://agit.ai/guot54/TVBOXbh/raw/branch/main/JS/lib/drpy.min.js",
            "ext" : "https://gitlab.com/ygbh1/666/-/raw/main/json/1080P.js"
        },
        {
            "key" : "drpy_js_fositv",
            "name" : "❤️Fositv",
            "type" : 3,
            "api" : "https://agit.ai/guot54/TVBOXbh/raw/branch/main/JS/lib/drpy.min.js",
            "ext" : "https://gitlab.com/ygbh1/666/-/raw/main/json/fositv.js"
        },
{"key": "csp_xpNmys","name": "🌾农民〔SP〕","type": 3,"api": "csp_Nmys","searchable": 1,"quickSearch": 1,"filterable": 1,"jar":"http://52bsj.vip:81/api/v3/file/get/59542/1007.jar?sign=bkJykVTD6QDtfBpTDWQxnRyan-vn9IcpkUxZDIcnwXU%3D%3A0","ext": "http://52bsj.vip:81/api/v3/file/get/59543/%E5%86%9C%E6%B0%91.json?sign=KIBt0LFsfJvjmxlil3-pg6z4ImW81AydgH6IhIJOgCQ%3D%3A0"},
  
   {
            "key": "Czsapp",
            "name": "🐼厂长",
            "type": "3",
            "api": "csp_Dora",
            "searchable": "1",
            "quickSearch": "1",
            "filterable": "1",
            "ext": "8ee655f702d0d21f3643504783babbc3",
            "jar":"https://gitlab.com/ygbh1/666/-/raw/main/JAR/tt.jar"
        },
        {
            "key": "Nkdy",
            "name": "🎞️难看电影",
            "type": 3,
            "api": "csp_Nkdy",
            "searchable": 1,
            "quickSearch": 1,
            "filterable": 1,"jar":"http://52bsj.vip:81/api/v3/file/get/67755/cc.jar?sign=y9cTKxK4BVQsYaQnIXgBXvo_P0F2JrFDVXEm1tFowIA%3D%3A0"
        },    
{"key": "1080zyk","name": "❤️1080ZYK","type": 1,"api": "https://api.1080zyku.com/inc/api_mac10.php",	"searchable": 1,"quickSearch": 0}, 	
{"key": "Kuaikan","name": "👁️快看","type": 3,"api": "csp_Kuaikan","searchable": 1,"quickSearch": 1,"filterable": 1,"jar":"http://52bsj.vip:81/api/v3/file/get/61543/%E6%9C%80%E9%AB%981080%E5%93%94%E5%93%A9%E5%BF%B5%E5%BD%B1%E7%A5%9E%E9%A9%ACzb.jar?sign=BTFlwsHLsd9ID93zVjRQSvbbhRn8g4_KtO-cGrGthRI%3D%3A0"},	 
{"key":"csp_CZSPP","name":"🐞厂长影视","type":3,"api":"csp_Czsapp","searchable":1,"quickSearch":1,"filterable":1,"jar":"http://52bsj.vip:81/api/v3/file/get/67755/cc.jar?sign=y9cTKxK4BVQsYaQnIXgBXvo_P0F2JrFDVXEm1tFowIA%3D%3A0"},	
{"key":"mtv_pc_焦炭影视","name":"🔥焦炭影视","type":3,"api":"csp_Cokemv","searchable":1,"quickSearch":1,"filterable":1,"jar":"http://52bsj.vip:81/api/v3/file/get/61543/%E6%9C%80%E9%AB%981080%E5%93%94%E5%93%A9%E5%BF%B5%E5%BD%B1%E7%A5%9E%E9%A9%ACzb.jar?sign=BTFlwsHLsd9ID93zVjRQSvbbhRn8g4_KtO-cGrGthRI%3D%3A0"}, 
{"key":"csp_biubiu_饭团","name":"🐞饭团","type":3,"api":"csp_XBiubiu","searchable":1,"quickSearch":1,"filterable":0,"ext": "{\r\n  \"name\": \"饭团\",\r\n  \"url\": \"http://www.fantuantva.com/\",\r\n  //\"User\": \"User-Agent:Dart/2.14 (dart:io)\",\r\n  \"shouye\": \"1\",\r\n  \"fenlei\": \"电影$/t/dianying/page/#大陆剧$/t/lianxuju/page/#国产剧$/t/guochanju/page/#综艺$/t/zongyi/page/#动漫$/t/dongman/page/\",\r\n  \"houzhui\": \".html\",\r\n  \"shifouercijiequ\": \"0\",\r\n  \"jiequqian\": \"空\",\r\n  \"jiequhou\": \"空\",\r\n  \"jiequshuzuqian\": \"class=\\\"show_play\\\">\",\r\n  \"jiequshuzuhou\": \"</div>\",\r\n  \"tupianqian\": \"data-original=\\\"\",\r\n  \"tupianhou\": \"\\\"\",\r\n  \"biaotiqian\": \"title=\\\"\",\r\n  \"biaotihou\": \"\\\"\",\r\n  \"lianjieqian\": \"href=\\\"\",\r\n  \"lianjiehou\": \"\\\"\",\r\n  \"sousuoqian\": \"/index.php/ajax/suggest?mid=1&wd=\",\r\n  \"sousuohou\": \"&limit=500\",\r\n  \"sousuohouzhui\": \"/v/\",\r\n  \"ssmoshi\": \"0\",\r\n  \"sousuoshifouercijiequ\": \"0\",\r\n  \"jspic\": \"pic\",\r\n  \"jsname\": \"name\",\r\n  \"jsid\": \"id\",\r\n  \"ssjiequqian\": \"空\",\r\n  \"ssjiequhou\": \"空\",\r\n  \"ssjiequshuzuqian\": \"空\",\r\n  \"ssjiequshuzuhou\": \"空\",\r\n  \"sstupianqian\": \"空\",\r\n  \"sstupianhou\": \"空\",\r\n  \"ssbiaotiqian\": \"空\",\r\n  \"ssbiaotihou\": \"空\",\r\n  \"sslianjieqian\": \"空\",\r\n  \"sslianjiehou\": \"空\",\r\n  \"bfshifouercijiequ\": \"0\",\r\n  \"bfjiequqian\": \"空\",\r\n  \"bfjiequhou\": \"空\",\r\n  \"bfjiequshuzuqian\": \"class=\\\"con_c2_list\\\">\",\r\n  \"bfjiequshuzuhou\": \"</ul>\",\r\n  \"zhuangtaiqian\": \"class=\\\"tc_wz\\\">\",\r\n  \"zhuangtaihou\": \"</p>\",\r\n  \"daoyanqian\": \"导演：</span>\",\r\n  \"daoyanhou\": \"</p>\",\r\n  \"zhuyanqian\": \"主演：</span>\",\r\n  \"zhuyanhou\": \"</p>\",\r\n  \"juqingqian\": \"</span>\",\r\n  \"juqinghou\": \"</p>\",\r\n  \"bfyshifouercijiequ\": \"0\",\r\n  \"bfyjiequqian\": \"空\",\r\n  \"bfyjiequhou\": \"空\",\r\n  \"bfyjiequshuzuqian\": \"<a\",\r\n  \"bfyjiequshuzuhou\": \"/a>\",\r\n  \"bfbiaotiqian\": \">\",\r\n  \"bfbiaotihou\": \"<\",\r\n  \"bflianjieqian\": \"href=\\\"\",\r\n  \"bflianjiehou\": \"\\\"\"},\r\n"}, 
{"key":"csp_Bttoo","name":"🐞两个BT","type":3,"api":"csp_Bttoo","searchable":1,"quickSearch":1,"filterable":1,"jar":"http://52bsj.vip:81/api/v3/file/get/29963/box281.jar?sign=xx5cM6sdOlQIx7BcKyXo0nnj-ZrVehFpllWJC4L30xM%3D%3A0"},

{
            "key": "csp_Paper",
            "name": "📜小纸条",
            "type": 3,
            "api": "csp_Paper",
            "searchable": 1,
            "quickSearch": 1,
            "filterable": 1,
            "changeable": 0,
            "ext": "6f53eec9419a4ec4a2964c19fbc6073e",
            "jar": "https://agit.ai/guot54/ygbh/raw/branch/master/JAR/230216.jar;md5;5761F54CCFE6157E49F2F980F51D26FD"
        },
  {"key":"Gitcafe","name":"📃小纸条2","type":3,"api":"csp_Gitcafe","searchable":1,"quickSearch":1,"filterable":1,"ext":"ac942348c0a249fba0e63f9206627842","jar":"http://52bsj.vip:81/api/v3/file/get/59958/ali.jar?sign=Ju6IMNmWSdej1a3_ptZR-p5yXzlV5A7Bmtku3JDbmI4%3D%3A0"},
 {
            "key": "Zhaozy",
            "name": " 🔍阿里资源(搜索)",
            "type": "3",
            "api": "csp_Zhaozy",
            "searchable": "1",
            "quickSearch": "1",
            "filterable": "1",
            "ext": "6f53eec9419a4ec4a2964c19fbc6073e",
            "jar": "http://52bsj.vip:81/api/v3/file/get/71914/ali3.jar?sign=sP2lTaa6VKjycpE0xeIubEEWlYZpO7Ln3rjPq8a4XKQ%3D%3A0;md5;e3b236416ca6f34b41aeca2c83809837"
        },
        {
            "key": "YiSo",
            "name": " 🔎阿里易搜(搜索)",
            "type": "3",
            "api": "csp_YiSo",
            "searchable": "1",
            "quickSearch": "1",
            "filterable": "1",
            "ext": "6f53eec9419a4ec4a2964c19fbc6073e",
            "jar": "http://52bsj.vip:81/api/v3/file/get/71914/ali3.jar?sign=sP2lTaa6VKjycpE0xeIubEEWlYZpO7Ln3rjPq8a4XKQ%3D%3A0;md5;e3b236416ca6f34b41aeca2c83809837"
        },
        {
            "key": "AliPS",
            "name": " 📀阿里盘搜(搜索)",
            "type": "3",
            "api": "csp_PanSou",
            "searchable": "1",
            "quickSearch": "1",
            "filterable": "1",
            "ext": "6f53eec9419a4ec4a2964c19fbc6073e",
            "jar": "http://52bsj.vip:81/api/v3/file/get/71914/ali3.jar?sign=sP2lTaa6VKjycpE0xeIubEEWlYZpO7Ln3rjPq8a4XKQ%3D%3A0;md5;e3b236416ca6f34b41aeca2c83809837"
        },
        {
            "key": "Upso",
            "name": " ☁️阿里云搜(搜索)",
            "type": "3",
            "api": "csp_Upyunso",
            "searchable": "1",
            "quickSearch": "1",
            "filterable": "1",
            "ext": "6f53eec9419a4ec4a2964c19fbc6073e"
        },

	 {
            "key": "Dy1010",
            "name": "🎥电影1010",
            "type": 3,
            "api": "csp_Dy1010",
            "searchable": 1,
            "quickSearch": 1,
            "filterable": 1,"jar":"https://agit.ai/guot54/ygbh/raw/branch/master/JAR/cc.jar"
        },
        {
            "key": "Nkdy",
            "name": "🎞️难看电影",
            "type": 3,
            "api": "csp_Nkdy",
            "searchable": 1,
            "quickSearch": 1,
            "filterable": 1,"jar":"https://agit.ai/guot54/ygbh/raw/branch/master/JAR/cc.jar"
        },    
{"key": "1080zyk","name": "❤️1080ZYK","type": 1,"api": "https://api.1080zyku.com/inc/api_mac10.php",	"searchable": 1,"quickSearch": 0}, 	
{"key": "Kuaikan","name": "👁️快看","type": 3,"api": "csp_Kuaikan","searchable": 1,"quickSearch": 1,"filterable": 1},	 
{"key":"在线之家","name":"🐞在线之家","type":3,"api":"csp_Zxzj","searchable":1,"quickSearch":1,"filterable":1,"jar":"https://gitlab.com/ygbh1/666/-/raw/main/JAR/ttpg.jar"},	
{"key":"csp_CZSPP","name":"🐞厂长影视","type":3,"api":"csp_Czsapp","searchable":1,"quickSearch":1,"filterable":1,"jar":"https://agit.ai/guot54/ygbh/raw/branch/master/JAR/cc.jar"},	
{"key":"mtv_pc_焦炭影视","name":"🔥焦炭影视","type":3,"api":"csp_Cokemv","searchable":1,"quickSearch":1,"filterable":1}, 
{"key":"csp_biubiu_饭团","name":"🐞饭团","type":3,"api":"csp_XBiubiu","searchable":1,"quickSearch":1,"filterable":0,"ext": "{\r\n  \"name\": \"饭团\",\r\n  \"url\": \"http://www.fantuantva.com/\",\r\n  //\"User\": \"User-Agent:Dart/2.14 (dart:io)\",\r\n  \"shouye\": \"1\",\r\n  \"fenlei\": \"电影$/t/dianying/page/#大陆剧$/t/lianxuju/page/#国产剧$/t/guochanju/page/#综艺$/t/zongyi/page/#动漫$/t/dongman/page/\",\r\n  \"houzhui\": \".html\",\r\n  \"shifouercijiequ\": \"0\",\r\n  \"jiequqian\": \"空\",\r\n  \"jiequhou\": \"空\",\r\n  \"jiequshuzuqian\": \"class=\\\"show_play\\\">\",\r\n  \"jiequshuzuhou\": \"</div>\",\r\n  \"tupianqian\": \"data-original=\\\"\",\r\n  \"tupianhou\": \"\\\"\",\r\n  \"biaotiqian\": \"title=\\\"\",\r\n  \"biaotihou\": \"\\\"\",\r\n  \"lianjieqian\": \"href=\\\"\",\r\n  \"lianjiehou\": \"\\\"\",\r\n  \"sousuoqian\": \"/index.php/ajax/suggest?mid=1&wd=\",\r\n  \"sousuohou\": \"&limit=500\",\r\n  \"sousuohouzhui\": \"/v/\",\r\n  \"ssmoshi\": \"0\",\r\n  \"sousuoshifouercijiequ\": \"0\",\r\n  \"jspic\": \"pic\",\r\n  \"jsname\": \"name\",\r\n  \"jsid\": \"id\",\r\n  \"ssjiequqian\": \"空\",\r\n  \"ssjiequhou\": \"空\",\r\n  \"ssjiequshuzuqian\": \"空\",\r\n  \"ssjiequshuzuhou\": \"空\",\r\n  \"sstupianqian\": \"空\",\r\n  \"sstupianhou\": \"空\",\r\n  \"ssbiaotiqian\": \"空\",\r\n  \"ssbiaotihou\": \"空\",\r\n  \"sslianjieqian\": \"空\",\r\n  \"sslianjiehou\": \"空\",\r\n  \"bfshifouercijiequ\": \"0\",\r\n  \"bfjiequqian\": \"空\",\r\n  \"bfjiequhou\": \"空\",\r\n  \"bfjiequshuzuqian\": \"class=\\\"con_c2_list\\\">\",\r\n  \"bfjiequshuzuhou\": \"</ul>\",\r\n  \"zhuangtaiqian\": \"class=\\\"tc_wz\\\">\",\r\n  \"zhuangtaihou\": \"</p>\",\r\n  \"daoyanqian\": \"导演：</span>\",\r\n  \"daoyanhou\": \"</p>\",\r\n  \"zhuyanqian\": \"主演：</span>\",\r\n  \"zhuyanhou\": \"</p>\",\r\n  \"juqingqian\": \"</span>\",\r\n  \"juqinghou\": \"</p>\",\r\n  \"bfyshifouercijiequ\": \"0\",\r\n  \"bfyjiequqian\": \"空\",\r\n  \"bfyjiequhou\": \"空\",\r\n  \"bfyjiequshuzuqian\": \"<a\",\r\n  \"bfyjiequshuzuhou\": \"/a>\",\r\n  \"bfbiaotiqian\": \">\",\r\n  \"bfbiaotihou\": \"<\",\r\n  \"bflianjieqian\": \"href=\\\"\",\r\n  \"bflianjiehou\": \"\\\"\"},\r\n"}, 
{"key":"csp_biubiu_瓜皮TV","name":"🎯瓜皮TV","type":3,"api":"csp_XBiubiu","searchable":1,"quickSearch":1,"filterable":0,"ext":"http://52bsj.vip:81/api/v3/file/get/3982/%E7%93%9C%E7%9A%AETV.json?sign=fJ7wD2_TvXE0Mav6YOScPeYUf6sPBCy6BbQ5C2PQ-UA%3D%3A0"},
{"key":"csp_Bttoo","name":"🐞两个BT","type":3,"api":"csp_Bttoo","searchable":1,"quickSearch":1,"filterable":1,"jar":"http://52bsj.vip:81/api/v3/file/get/29963/box281.jar?sign=xx5cM6sdOlQIx7BcKyXo0nnj-ZrVehFpllWJC4L30xM%3D%3A0"},

{"key":"csp_Bttwoo","name":"✌2BT(SP)","type":3,"api":"csp_Bttwoo","searchable":1,"quickSearch":1,"filterable":1},
{
            "key": "csp_AppTT",
            "name": "🐰图图影视",
            "type": 3,
            "api": "csp_AppTT2",
            "playerType": 2,
            "searchable": 1,
            "quickSearch": 1,
            "filterable": 1,
            "ext": "http://124.248.68.16:6611$$$U1JLI2UlNFVZdFUjS2lFbyp2c1BxcHIwY0M0YnhBUVc=$$$bzZzWW1tKng1aG4jcmNDdA==","jar":"http://我不是.肥猫.love:63/Jar/panda230203.jar;md5;EE39D6223759E1B9683EFD45D15F9134"
        },
 {"key":"csp_Auete","name":"🏝Aue(SP)","type":3,"api":"csp_Auete","searchable":1,"quickSearch":1,"filterable":1},         
 {"key":"csp_Tkys","name":"🐞天空影视","type": 3,"api": "csp_Tkys","searchable": 1,"quickSearch": 1,"filterable": 1,"jar":"https://agit.ai/guot54/ygbh/raw/branch/master/JAR/cp0921%e4%bf%ae%e5%a4%8d%e5%a4%a9%e7%a9%ba.jar"},       
 {"key": "csp_biubiu_奇优影院ns","name": "🌈奇优影院","type": 3,"api": "csp_XBiubiu","searchable": 1,"quickSearch": 1,"filterable": 0,"ext": "http://52bsj.vip:81/api/v3/file/get/3933/%E5%A5%87%E4%BC%98%E5%BD%B1%E9%99%A2.json?sign=HeVAHwfH5FQQnkOAxAQ7U5_ZQEfLP2Lv_Sb8t7lRTZY%3D%3A0"},
{"key": "csp_biubiu_voflix","name": "🎈vofliX","type": 3,"api": "csp_XBiubiu","searchable": 1,"quickSearch": 1,"filterable": 0,"ext": "http://52bsj.vip:81/api/v3/file/get/61553/voflix.json?sign=MhtMgxMbAwO7wKslLblX5Wt8fW2dAKA2VQ8fRanXgpg%3D%3A0"},
{"key": "3EDY","name": "☘️3EDY〔SP〕","type": 3,"api": "csp_EEEDY","searchable": 1,"quickSearch": 1,"filterable": 1},
{"key": "小熊","name": "🐨小熊TV","type": 3,"api": "csp_Xxys","searchable": 1,"quickSearch": 1,"filterable": 1},
{"key": "csp_xpath_jbb","name": "🏳剧白白蓝光",	"type": 3,"api": "csp_XPathMacFilter","searchable": 1,"quickSearch": 1,"filterable": 1,"ext": "http://52bsj.vip:81/api/v3/file/get/61554/%E5%89%A7%E7%99%BD%E7%99%BD.json?sign=51baN2KX0JP1vtMZVJeOOcNqEP0a9eTNHo0eAQZw-Ak%3D%3A0"},
{"key":"csp_QQ","name":"🐧腾讯视频(SP)","type": 3,"api":"csp_QQ","searchable": 1,"quickSearch": 1,"filterable": 1},
{"key":"爱奇艺","name":"🐨爱奇艺(SP)","type":3,"api":"csp_IQIYI","quickSearch":1,"searchable":1,"filterable":1},
{"key":"csp_MGTV","name":"🍋芒果TV(SP)","type":3,"api":"csp_MGTV","searchable":1,"quickSearch":1,"filterable":1},
{
      "key": "youku",
      "name": "👑优酷（官）",
      "type": 0,
      "api": "https://www.zycaiji.net:7788/api.php/provide/vod/from/youku/at/xml/",
      "searchable": 0,
      "quickSearch": 0,
      "filterable": 0,
      "categories": [
        "综艺",
        "动漫",
        "动作片",
        "喜剧片",
        "爱情片",
        "科幻片",
        "恐怖片",
        "剧情片",
        "战争片",
        "国产剧",
        "港台剧",
        "日韩剧",
        "欧美剧",
        "惊悚片",
        "犯罪片",
        "冒险片",
        "悬疑片",
        "动画片",
        "武侠片",
        "奇幻片",
        "少儿",
        "其他片"
      ]
    },
		{"key":"csp_xBPQ_乐猪影视","name":"🐷乐猪影视┃xBPQ","type":3,"api":"csp_xBPQ","searchable":1,"quickSearch":1,"filterable":0,"ext":"http://52bsj.vip:81/api/v3/file/get/68611/%E4%B9%90%E7%8C%AA.json?sign=3LCwJDKuCI_c1-ZE-Y75aw_BpTafG10Zh5mW4gwL7mU%3D%3A0"},
{"key":"Pang","name":"🐼胖虎","type":"3","api":"csp_Panghu","searchable":"1","quickSearch":"1","filterable":"1","jar":"https://gitlab.com/ygbh1/666/-/raw/main/JAR/xo.jar"},	
{"key":"Yanet","name":"🐬鸭奶飞","type":"3","api":"csp_Dora","searchable":"1","quickSearch":"1","filterable":"1","ext":"a369b1f623fe86605f1b029f0cf66349","jar":"http://52bsj.vip:81/api/v3/file/get/61625/cs.jar?sign=bRzGWw4pD0b6L063rLkEWTQsRD2B6XDQKlHEuAeZm0o%3D%3A0"},
{"key":"Smdyy","name":"🌈神马","type":"3","api":"csp_Smdyy","searchable":"1","quickSearch":"1","filterable":"1","jar":"https://gitlab.com/ygbh1/666/-/raw/main/JAR/xo.jar"},
{"key":"Ddys","name":"🎈低端","type":"3","api":"csp_Dora","searchable":"1","quickSearch":"1","filterable":"1","ext":"1cc92323700909e7d46623bc85b958d6","jar":"http://52bsj.vip:81/api/v3/file/get/61625/cs.jar?sign=bRzGWw4pD0b6L063rLkEWTQsRD2B6XDQKlHEuAeZm0o%3D%3A0"},
{"key": "csp_biubiu_影视工厂","name": "🎑影视工厂","type": 3,"api": "csp_XBiubiu","searchable": 1,	"quickSearch": 1,"filterable": 0,"ext": "http://52bsj.vip:81/api/v3/file/get/61555/%E5%BD%B1%E8%A7%86%E5%B7%A5%E5%8E%82.json?sign=30JHwwq5hE4YG_7diB8H8J4WZOQvmPtx0cliXcYtPAI%3D%3A0"},
{"key": "Kuaikan","name": "🈷️月光快看(SP)","type": 3,"api": "csp_Kuaikan","searchable": 1,"quickSearch": 1,"filterable": 1},
{"key":"csp_Smdyy","name":"🦄电影院","api":"csp_Smdyy","type":3,"filterable":1,"quickSearch":1,"searchable":1,"ext":""},
{"key":"mjxq_spider","name":"🌏美剧星球〔SP〕","type":3,"api":"csp_Mjxq","searchable":1,"quickSearch":1,"filterable":1},
{"key":"csp_xbb_金眼影视","name":"🍀金眼影视","type":3,"api":"csp_XBiubiu","searchable":1,"quickSearch":1,"filterable":0,"ext":"http://52bsj.vip:81/api/v3/file/get/61558/%E9%87%91%E7%9C%BC%E5%BD%B1%E8%A7%86.json?sign=Sq5mRASvVXrTTE_PDYV7x8vBS7LU3avVtrvvuSRX45g%3D%3A0"},
{"key":"csp_Bili","name":"🅱哔哩套餐","type": 3,"api": "csp_Bili","searchable": 1,"quickSearch": 0,"filterable": 1,"ext":"http://52bsj.vip:81/api/v3/file/get/64479/bilibili_2.json?sign=mT70lhyOd_pHJHA8zEjxouiG97eo0C26Ga-GP0HAB4M%3D%3A0","jar":"http://52bsj.vip:81/api/v3/file/get/64478/%E5%A4%96%E9%93%BEcookie%E8%83%BD%E7%BF%BB%E9%A1%B5.jar?sign=SLg7is9_oL_nL8yI8QRIwO11Vpav7P5eYY25FoNSYIs%3D%3A0"},

{"key": "演唱会","name": "🅱️演唱会","type": 3,"api": "csp_Bili","searchable": 0,"quickSearch": 0,"filterable": 1,"ext": "http://52bsj.vip:81/api/v3/file/get/33114/%E6%BC%94%E5%94%B1%E4%BC%9A.json?sign=JgZ1FuOl12vukIkRas_T4v4Zg_l999m2JVHDiqhGLic%3D%3A0","jar":"http://52bsj.vip:81/api/v3/file/get/64478/%E5%A4%96%E9%93%BEcookie%E8%83%BD%E7%BF%BB%E9%A1%B5.jar?sign=SLg7is9_oL_nL8yI8QRIwO11Vpav7P5eYY25FoNSYIs%3D%3A0"},
{"key": "戏曲","name": "🅱️戏曲","type": 3,"api": "csp_Bili","searchable": 0,"quickSearch": 0,"filterable": 1,"ext": "http://52bsj.vip:81/api/v3/file/get/33115/%E6%88%8F%E6%9B%B2.json?sign=dKQjA0Cnr7RHc3NkFbhjCLD7AmXE6SD5OF8pDlONKxs%3D%3A0","jar":"http://52bsj.vip:81/api/v3/file/get/64478/%E5%A4%96%E9%93%BEcookie%E8%83%BD%E7%BF%BB%E9%A1%B5.jar?sign=SLg7is9_oL_nL8yI8QRIwO11Vpav7P5eYY25FoNSYIs%3D%3A0"},
{"key": "MV","name": "🅱️歌曲MV","type": 3,"api": "csp_Bili","searchable": 0,"quickSearch": 0,"filterable": 1,"ext": "http://52bsj.vip:81/api/v3/file/get/33112/%E6%AD%8C%E6%9B%B2MV.json?sign=KB_Qwrac-uvlJFIVoaZNoyFKolNnM9ETQxd61-_wRsE%3D%3A0","jar":"http://52bsj.vip:81/api/v3/file/get/64478/%E5%A4%96%E9%93%BEcookie%E8%83%BD%E7%BF%BB%E9%A1%B5.jar?sign=SLg7is9_oL_nL8yI8QRIwO11Vpav7P5eYY25FoNSYIs%3D%3A0"},
{"key": "少儿","name": "🅱️教育","type": 3,"api": "csp_Bili","searchable": 0,"quickSearch": 0,"filterable": 0,"ext": "http://52bsj.vip:81/api/v3/file/get/33113/%E5%B0%91%E5%84%BF%E6%95%99%E8%82%B2.json?sign=M9Yy0JDj_uwsAsiHY0YChEk27S55kj30rdi_3zU7Nb4%3D%3A0","jar":"http://52bsj.vip:81/api/v3/file/get/64478/%E5%A4%96%E9%93%BEcookie%E8%83%BD%E7%BF%BB%E9%A1%B5.jar?sign=SLg7is9_oL_nL8yI8QRIwO11Vpav7P5eYY25FoNSYIs%3D%3A0"},
{"key": "csp_biubiu_骚火电影","name": "🔥骚火电影","type": 3,"api": "csp_XBiubiu","searchable": 1,	"quickSearch": 1,"filterable": 0,"ext": "http://52bsj.vip:81/api/v3/file/get/61556/%E9%AA%9A%E7%81%AB%E7%94%B5%E5%BD%B1.json?sign=PUGqnmN-H_30G7ELMQztiwdaoirjRY9xPvLqr0uGvd8%3D%3A0"	},
{"key": "csp_xpath_A33","name": "🎸MTV","type": 3,"api": "csp_XPath","searchable": 1,"quickSearch": 0,"filterable": 1,"ext": "http://52bsj.vip:81/api/v3/file/get/31693/mtv.json?sign=zzAxHDF7eAXNvp55rUpNfuLy31ZfUJyLTpWxwE_plBc%3D%3A0"},

{"key":"天堂资源","name":"📌天堂资源(官)","type":1,"api":"http://vipmv.cc/api.php/provide/vod/","searchable":1,"quickSearch":1},
{"key":"csp_xbb_双十电影","name":"🍀双十电影","type":3,"api":"csp_XBiubiu","searchable":1,"quickSearch":1,"filterable":0,"ext":"http://52bsj.vip:81/api/v3/file/get/61561/%E5%8F%8C%E5%8D%81%E7%94%B5%E5%BD%B1.json?sign=lPGyid6OQtqBHHTjD15wOXPwj_JBD-rfz4XxYClpnlA%3D%3A0"},
{"key":"csp_xp_wnvod","name": "💢万能影视","type": 3,"api":"csp_XPathFilter","searchable": 1,"quickSearch": 1,"filterable":0,"ext":"http://52bsj.vip:81/api/v3/file/get/4175/wnvod.json?sign=H034SljKRa2imXcYgdXo_pJtMMU1tRXHjcy2ODbPaA8%3D%3A0"},
{"key": "csp_xpath_lenxitv","name": "🎞️冷曦影视(XPF)","type": 3,"api": "csp_XPathFilter","searchable": 1,"quickSearch": 1,"filterable": 1,"ext": "https://agit.ai/guot54/ygbh/raw/branch/master/XB/lenxi.json"},   
{"key":"csp_xbb_city电影","name":"🍀城市电影","type":3,"api":"csp_XBiubiu","searchable":1,"quickSearch":1,"filterable":0,"ext":"http://52bsj.vip:81/api/v3/file/get/61564/city%E7%94%B5%E5%BD%B1.json?sign=FqgC9vhuQyK4ckz6Zet3Ks0NiXXNlKg3x2PsuZbOQsg%3D%3A0"},
{"key":"csp_xbb_稀饭影视","name":"🍀稀饭影视","type":3,"api":"csp_XBiubiu","searchable":1,"quickSearch":1,"filterable":0,"ext":"http://52bsj.vip:81/api/v3/file/get/61562/%E7%A8%80%E9%A5%AD%E5%BD%B1%E8%A7%86.json?sign=PSG1_JlYIlQZB10fthCyEZTVlPo15A2rsShEsrZ8p08%3D%3A0"},
{"key": "csp_xpath_音范丝磁力","name": "🐛音范丝磁力〔XP〕","type": 3,"api": "csp_XPath","searchable": 1,"quickSearch": 1,"filterable": 1,"ext": "http://maoyingshi.cc/tvbox/云星日记/sh/MaooXP/音范丝磁力.json","jar":"http://maoyingshi.cc/tvbox/云星日记/jar/ali.jpg;md5;23a7b8ab50ead897fd733e5c52c5f3fd"},

{"key":"push_agent","name":"🍭推送（爱优腾/磁力/阿里）","type":3,"api":"csp_PushAgent","searchable":0,"quickSearch":0,"filterable":0,"ext":"cfe35d11f40b4872b3f6e35388b16181","jar":"http://52bsj.vip:81/api/v3/file/get/40056/%E5%8E%9F%E7%94%BB.jar?sign=Dnj7Fy_zQPEegI4pHmr7QcT8Q6ujk8tiyBjD_kn8TTk%3D%3A0"},
//{"key": "T4","name": "T4搜索","type": 4,"api": "https://service-59u7dsoa-1308372858.gz.apigw.tencentcs.com/release/vod","searchable": 1,"quickSearch": 1,"filterable": 1,"jar":"https://share.nite07.com/api/v3/file/source/18177/t4.jar?sign=wvzbHCnMNPaxy4weFwgjQal4Fh-i2-Agm2eibngmbNY%3D%3A0"},
{"key":"csp_biubiu_速搜影视","name":"🥒速搜影视〔XB〕","type":3,"api":"csp_XBiubiu","searchable":1,"quickSearch":1,"filterable":0,"ext":"http://maoyingshi.cc/tvbox/云星日记/sh/MaooXB/速搜影视.json"}, 
{"key":"csp_biubiu_看片网","name":"🥒看片网〔XB〕","type":3,"api":"csp_XBiubiu","searchable":1,"quickSearch":1,"filterable":0,"ext":"http://maoyingshi.cc/tvbox/云星日记/sh/MaooXB/看片网.json"}, 
{
      "key":"csp_XYQBiu_短视频",
      "name":"📱短视频分享(XYQ)",
      "type":3,
      "api":"csp_XYQBiu",
      "searchable":1,
      "quickSearch":1,
      "filterable":0,
       "ext":"http://52bsj.vip:81/api/v3/file/get/46402/dsp.json?sign=UA_8tuogF31HMhrGVyNOy3aKApOec1WtlMoUYfQT-bM%3D%3A0"
    },




{"key":"csp_Yj1211","name": "📽️在线直播","type": 3,"api": "csp_Yj1211","searchable": 1,"quickSearch": 1,"filterable": 1},

      {
			"key": "csp_xpath_球迷2",
			"name": "⚽🏀球赛",
			"type": 3,
			"api": "csp_XPathFilter",
			"searchable": 1,
			"quickSearch": 0,
			"filterable": 1,
			"ext": "http://45.125.46.61/box/json/%E7%90%83%E8%BF%B72.json"
		},


//{"key": "555电影","name": "5️⃣555电影(XB)","type": 3,"api": "csp_XBiubiu","searchable": 1,"quickSearch": 1,"filterable": 0,"ext": "https://share.nite07.com/api/v3/file/source/10444/555.json?sign=8sknI0YOBdUoTnqlLxlY6vSTraw9Ou5A30Rw5Z4rZhk%3D%3A0"},
{"key":"csp_xpath_789kp","name":"🦋789看片","type":3,"api":"csp_XPathMacFilter","searchable":1,"quickSearch":1,"filterable":1,"ext":"https://agit.ai/guot54/ygbh/raw/branch/master/XB/789kp.json"},



{"key":"csp_biubiu_dadagui","name":"🐢达达龟","type":3,"api":"csp_XPathFilter","searchable":1,"quickSearch":1,"filterable":0,"ext":"https://agit.ai/guot54/ygbh/raw/branch/master/XB/dadagui.json"},
    {"key":"19","name":"请勿相信视频中的任何广告","type":0,"api":""},
{"key":"1","name":"🔞🈲未成年人禁止访问，请止步！！","type":0,"api":""},
{"key":"18","name":"🔞🈲分割线——————","type":0,"api":""},
{"key":"12","name":"🔞分割线——————","type":0,"api":""},
{"key":"AList",	"name":"🔞AList",	"type":3,"api":"csp_AList",	"searchable":1,"filterable":1,"ext":"🔞9T$https://drive.9t.ee#🔞木偶$https://www.kugutsu.ml",	"jar": "https://gitlab.com/ygbh1/666/-/raw/main/JAR/cs.jar"},
		{
            "key" : "drpy_js_喵了个咪",
            "name" : "🔞喵了个咪[请更换解析]",
            "type" : 3,
            "api" : "https://agit.ai/guot54/TVBOXbh/raw/branch/main/JS/lib/drpy.min.js",
            "ext" : "https://agit.ai/guot54/ygbh/raw/branch/master/JS/%e7%8c%ab%e4%ba%86%e4%b8%aa%e5%92%aa.js"
        },
		 //{"key": "csp_xBPQ_juyou","name": "🏆聚优直播","type": 3,"api": "csp_xBPQ","searchable": 1,"quickSearch": 1,"filterable": 0,"ext": "https://codeberg.org/ygbh8888/xingkongbujian/raw/branch/main/H/ju2.json"},
         {"key": "csp_xBPQ_香蕉AV解说","name": "🏆香蕉解说","type": 3,"api": "csp_xBPQ","searchable": 1,"quickSearch": 1,"filterable": 0,"ext": "https://jihulab.com/ygbh1/box/-/raw/main/H/%E9%A6%99%E8%95%89%E8%A7%A3%E8%AF%B4.json"},
    {"key": "csp_xBPQ_香蕉资源","name": "🏆香蕉资源","type": 3,"api": "csp_xBPQ","searchable": 1,"quickSearch": 1,"filterable": 0,"ext": "https://jihulab.com/ygbh1/box/-/raw/main/H/%E9%A6%99%E8%95%89%E8%B5%84%E6%BA%90.json"},
    {"key": "csp_xBPQ_香蕉超清","name": "🏆香蕉超清","type": 3,"api": "csp_xBPQ","searchable": 1,"quickSearch": 1,"filterable": 0,"ext": "https://jihulab.com/ygbh1/box/-/raw/main/H/%E9%A6%99%E8%95%89%E8%B6%85%E6%B8%85.json","jar":"https://gitlab.com/ygbh1/666/-/raw/main/H/h.jar"},
    {"key": "csp_xBPQ_香蕉国产","name": "🏆香蕉国产","type": 3,"api": "csp_xBPQ","searchable": 1,"quickSearch": 1,"filterable": 0,"ext": "https://jihulab.com/ygbh1/box/-/raw/main/H/%E9%A6%99%E8%95%89%E5%9B%BD%E4%BA%A7.json"},
    {"key": "csp_xBPQ_香蕉久久热","name": "🏆香蕉久久热","type": 3,"api": "csp_xBPQ","searchable": 1,"quickSearch": 1,"filterable": 0,"ext": "https://jihulab.com/ygbh1/box/-/raw/main/H/%E9%A6%99%E8%95%89%E4%B9%85%E4%B9%85%E7%83%AD.json"},
    {"key": "csp_xBPQ_香蕉废柴","name": "🏆香蕉废柴","type": 3,"api": "csp_xBPQ","searchable": 1,"quickSearch": 1,"filterable": 0,"ext": "https://jihulab.com/ygbh1/box/-/raw/main/H/%E9%A6%99%E8%95%89%E5%BA%9F%E6%9F%B4.json"},
    {"key": "csp_xBPQ_香蕉直播","name": "🏆香蕉直播","type": 3,"api": "csp_xBPQ","searchable": 1,"quickSearch": 1,"filterable": 0,"ext": "https://jihulab.com/ygbh1/box/-/raw/main/H/%E9%A6%99%E8%95%89%E7%9B%B4%E6%92%AD.json"},
    {"key": "csp_xBPQ_香蕉搜索","name": "🏆香蕉搜索","type": 3,"api": "csp_xBPQ","searchable": 1,"quickSearch": 1,"filterable": 0,"ext": "https://jihulab.com/ygbh1/box/-/raw/main/H/%E9%A6%99%E8%95%89%E6%90%9C%E7%B4%A2.json"},
    {"key": "csp_xBPQ_天天综合","name": "🏆天天综合","type": 3,"api": "csp_xBPQ","searchable": 1,"quickSearch": 1,"filterable": 0,"ext": "https://codeberg.org/ygbh8888/xingkongbujian/raw/branch/main/H/%E5%A4%A9%E5%A4%A9%E7%BB%BC%E5%90%88.json"},
    {"key": "csp_xBPQ_右手影院","name": "🏆右手影院","type": 3,"api": "csp_xBPQ","searchable": 1,"quickSearch": 1,"filterable": 0,"ext": "https://codeberg.org/ygbh8888/xingkongbujian/raw/branch/main/H/%E5%8F%B3%E6%89%8B%E5%BD%B1%E9%99%A2.json"},
    {"key": "csp_xBPQ_实时直播","name": "🏆实时直播","type": 3,"api": "csp_xBPQ","searchable": 1,"quickSearch": 1,"filterable": 0,"ext": "https://codeberg.org/ygbh8888/xingkongbujian/raw/branch/main/H/%E5%AE%9E%E6%97%B6%E7%9B%B4%E6%92%AD.json"},
    {"key": "csp_xBPQ_左临右射","name": "🏆左临右射","type": 3,"api": "csp_xBPQ","searchable": 1,"quickSearch": 1,"filterable": 0,"ext": "https://codeberg.org/ygbh8888/xingkongbujian/raw/branch/main/H/%E5%B7%A6%E4%B8%B4%E5%8F%B3%E5%B0%84.json"},
    {"key": "csp_xBPQ_色华堂","name": "🏆色花堂","type": 3,"api": "csp_xBPQ","searchable": 1,"quickSearch": 1,"filterable": 0,"ext": "https://codeberg.org/ygbh8888/xingkongbujian/raw/branch/main/H/%E8%89%B2%E8%8A%B1%E5%A0%82.json"},
    {"key": "csp_xBPQ_黄瓜TV","name": "🏆黄瓜TV","type": 3,"api": "csp_xBPQ","searchable": 1,"quickSearch": 1,"filterable": 0,"ext": "https://codeberg.org/ygbh8888/xingkongbujian/raw/branch/main/H/%E9%BB%84%E7%93%9CTV.json"},
    {"key": "csp_xBPQ-爱看影院","name": "🏆爱看影院️","type": 3,"api": "csp_xBPQ","searchable": 1,"quickSearch": 1,"filterable": 0,"ext": "https://codeberg.org/ygbh8888/xingkongbujian/raw/branch/main/H/%E7%88%B1%E7%9C%8B%E5%BD%B1%E9%99%A2.json"},
    {"key": "csp_xBPQ_麻豆映画","name": "🏆麻豆映画","type": 3,"api": "csp_xBPQ","searchable": 1,"quickSearch": 1,"filterable": 0,"ext": "https://gitlab.com/ygbh1/666/-/raw/main/H/%E9%BA%BB%E8%B1%86%E6%98%A0%E7%94%BB.json"},
    {"key": "csp_xBPQ_香蕉","name": "🏆香蕉","type": 3,"api": "csp_xBPQ","searchable": 1,"quickSearch": 1,"filterable": 0,"ext": "https://jihulab.com/ygbh1/box/-/raw/main/H/%E9%A6%99%E8%95%89.json"},
    {"key": "csp_xBPQ_性欲轮回","name": "🏆性欲轮回","type": 3,"api": "csp_xBPQ","searchable": 1,"quickSearch": 1,"filterable": 0,"ext": "https://jihulab.com/ygbh1/box/-/raw/main/H/%E6%80%A7%E6%AC%B2%E8%BD%AE%E5%9B%9E.json"},
    {"key": "csp_xBPQ_性欲轮回[分类]","name": "🏆性欲轮回[分类]","type": 3,"api": "csp_xBPQ","searchable": 1,"quickSearch": 1,"filterable": 0,"ext": "https://jihulab.com/ygbh1/box/-/raw/main/H/%E6%80%A7%E6%AC%B2%E8%BD%AE%E5%9B%9E_%E5%88%86%E7%B1%BB_.json"},
    {"key": "csp_xBPQ_精东影业1","name": "🏆精东影业1","type": 3,"api": "csp_xBPQ","searchable": 1,"quickSearch": 1,"filterable": 0,"ext": "https://jihulab.com/ygbh1/box/-/raw/main/H/%E7%B2%BE%E4%B8%9C%E5%BD%B1%E4%B8%9A1.json"},
    {"key": "csp_xBPQ_精东影业2","name": "🏆精东影业2","type": 3,"api": "csp_xBPQ","searchable": 1,"quickSearch": 1,"filterable": 0,"ext": "https://jihulab.com/ygbh1/box/-/raw/main/H/%E7%B2%BE%E4%B8%9C%E5%BD%B1%E4%B8%9A2.json"},
    {"key": "csp_xBPQ_玩偶","name": "💘玩偶姐姐(墙外）","type": 3,"api": "csp_xBPQ","searchable": 1,"quickSearch": 1,"filterable": 1,"ext": "https://codeberg.org/ygbh8888/xingkongbujian/raw/branch/main/H/%E7%8E%A9%E5%81%B6%E5%A7%90%E5%A7%90.json"},

    {"key": "csp_xBPQ_AVideo","name": "🏆AVideo","type": 3,"api": "csp_xBPQ","searchable": 1,"quickSearch": 1,"filterable": 0,"ext": "https://jihulab.com/ygbh1/box/-/raw/main/H/AVideo.json"},

    {"key": "csp_XBiu_小丑撸","name": "🍁小丑撸(XB)","type": 3,"api": "csp_XBiubiu","searchable": 1,"quickSearch": 1,"filterable": 0,"ext": "https://jihulab.com/ygbh1/box/-/raw/main/H/%E5%B0%8F%E4%B8%91%E6%92%B8.json"},
    {"key": "csp_XBiu_国产传媒","name": "🍁国产传媒(XB)","type": 3,"api": "csp_XBiubiu","searchable": 1,"quickSearch": 1,"filterable": 0,"ext": "https://jihulab.com/ygbh1/box/-/raw/main/H/%E5%9B%BD%E4%BA%A7%E4%BC%A0%E5%AA%92.json"},
    {"key": "csp_XBiu_老鸭","name": "🍁老鸭(XB)","type": 3,"api": "csp_XBiubiu","searchable": 1,"quickSearch": 1,"filterable": 1,"ext": "https://jihulab.com/ygbh1/box/-/raw/main/H/%E8%80%81%E9%B8%AD.json"},
    {"key": "csp_XBiu_掏爱撸","name": "🍁掏爱撸(XB)","type": 3,"api": "csp_XBiubiu","searchable": 1,"quickSearch": 1,"filterable": 1,"ext": "https://jihulab.com/ygbh1/box/-/raw/main/H/%E6%8E%8F%E7%88%B1%E6%92%B8.json"},
    {"key": "csp_XBiu_国产屋","name": "🍁国产屋(XB)","type": 3,"api": "csp_XBiubiu","searchable": 1,"quickSearch": 1,"filterable": 1,"ext": "https://jihulab.com/ygbh1/box/-/raw/main/H/%E5%9B%BD%E4%BA%A7%E5%B1%8B.json"},
    {"key": "csp_XBiu_爱污传媒","name": "🍁爱污传媒(XB)","type": 3,"api": "csp_xBPQ","searchable": 1,"quickSearch": 1,"filterable": 1,"ext": "https://codeberg.org/ygbh8888/xingkongbujian/raw/branch/main/H/%E7%88%B1%E6%B1%A1%E4%BC%A0%E5%AA%92.json"},
    {"key": "csp_XBiu_猫咪","name": "🍁猫咪(XB)","type": 3,"api": "csp_XBiubiu","searchable": 1,"quickSearch": 1,"filterable": 1,"ext": "https://jihulab.com/ygbh1/box/-/raw/main/H/%E7%8C%AB%E5%92%AA.json"},
	{"key":"XYQBiu_测试2",	"name":"🔞zb(QXB)","type":3,"api":"csp_XYQBiu","searchable":1,"quickSearch":1,"filterable":0,"ext":"https://agit.ai/guot54/ygbh/raw/branch/master/XB/zb.json",		"jar": "https://agit.ai/guot54/ygbh/raw/branch/master/JAR/1103.jar"},
	{"key":"XYQBiu_测试3",	"name":"🔞cqzy(QXB)","type":3,"api":"csp_XYQBiu","searchable":1,"quickSearch":1,"filterable":0,"ext":"https://agit.ai/guot54/ygbh/raw/branch/master/XB/cqzy.json",	"jar": "https://agit.ai/guot54/ygbh/raw/branch/master/JAR/1103.jar"},
	{"key":"XYQBiu_测试4",	"name":"🔞nsss(QXB)","type":3,"api":"csp_XYQBiu","searchable":1,"quickSearch":1,"filterable":0,"ext":"https://agit.ai/guot54/ygbh/raw/branch/master/XB/nsss.json",	"jar": "https://agit.ai/guot54/ygbh/raw/branch/master/JAR/1103.jar"},
	{"key":"csp_hsck",		"name":"🔞Hsck","api":"csp_Hsck","type":3,"filterable":1,"quickSearch":1,"searchable":1,"ext":"https://www.javsee.men/","jar": "http://52bsj.vip:81/api/v3/file/get/61635/18.jar?sign=TqxkdwFQQUaAK59b950h1sgG8P6HKPbIGIFgvsBrhtQ%3D%3A0"},	
    {
      "key": "18AV",
      "name": "🔞18AV",
      "type": 3,
      "api": "csp_Eighteen",
      "searchable": 1,
      "filterable": 1,"jar":"https://agit.ai/guot54/ygbh/raw/branch/master/JAR/118.jar"
    },
{"key":"*色南国资源","name":"*🔞色南国资源","type":1,"api":"https://api.sexnguon.com/api.php/provide/vod/","searchable":0,"quickSearch":0},
{"key":"*狼友资源","name":"*🔞狼友资源","type":1,"api":"https://www.langyouzy.com/api.php/provide/vod/","searchable":0,"quickSearch":0},
{"key":"*皇冠资源","name":"*🔞皇冠资源","type":1,"api":"https://hghhh.com/api.php/provide/vod/","searchable":0,"quickSearch":0},
{"key": "*AIvin","name": "*🔞AIvin","type": 0,"api": "http://lbapiby.com/api.php/provide/vod/at/xml"},
{"key":"csp_biubiu_GAOAA","name":"*🔞GAOAA(XB)","type":3,"api":"csp_XBiubiu","searchable":1,"quickSearch":1,"filterable":1,"ext":"http://52bsj.vip:81/api/v3/file/get/42848/GAOAA.json?sign=RTEogEmpqCt7cdlDCudsxV_SNXZR11Qx11Z5_bDuEYE%3D%3A0"},	

{ "key": "(18+)SS资源", "name": "*🔞SS资源", "type": 0, "api": "http://secj8.com/inc/sapi.php?ac=videolist", "searchable": 1, "quickSearch": 1, "filterable": 0 },	
{ "key": "(18+)JAV名优", "name": "*🔞JAV名优", "type": 0, "api": "http://mygzycj.com/api.php?ac=list", "searchable": 1, "quickSearch": 1, "filterable": 0 },	
{ "key": "(18+)秀色资源", "name": "🔞秀色资源", "type": 0, "api": "https://api.xiuseapi.com/api.php/provide/vod/at/xml", "playUrl": "https://player.leyuzy.net/?url=", "searchable": 1, "quickSearch": 1, "filterable": 0 },	
{"key": "精工厂","name": "*🔞精工厂","type": 0,"api": "https://jgczyapi.com/home/cjapi/kld2/mc/vod/xml","searchable":0,"quickSearch":0,"filterable":0,"jar":"https://share.nite07.com/api/v3/file/source/18178/18.jar?sign=4snwZEDuzr88tmVvCLDre0Jjbt5hOKh7zrtE37bQV30%3D%3A0"},

{"key": "美少女","name": "*🔞美少女","type": 0,"api": "https://www.msnii.com/api/xml.php","searchable":0,"quickSearch":0,"filterable": 1,"jar":"https://share.nite07.com/api/v3/file/source/18178/18.jar?sign=4snwZEDuzr88tmVvCLDre0Jjbt5hOKh7zrtE37bQV30%3D%3A0"},


{"key": "哥哥妹妹","name": "*🔞有哥妹","type": 0,"api": "http://www.ggmmzy.com:9999/inc/xml","searchable": 0,"quickSearch": 0,"filterable": 0,"jar":"https://share.nite07.com/api/v3/file/source/18178/18.jar?sign=4snwZEDuzr88tmVvCLDre0Jjbt5hOKh7zrtE37bQV30%3D%3A0"},
{"key": "*CK资源","name": "*🔞纯在线","type": 1,"api": "http://www.feifei67.com/api.php/provide/vod/","searchable":0,"quickSearch":0,"filterable": 0,"jar":"https://share.nite07.com/api/v3/file/source/18178/18.jar?sign=4snwZEDuzr88tmVvCLDre0Jjbt5hOKh7zrtE37bQV30%3D%3A0"},
{"key": "*博天堂","name": "*🔞博天堂","type": 0,"api": "http://bttcj.com/inc/sapi.php","searchable":0,"quickSearch":0,"filterable": 0,"jar":"https://share.nite07.com/api/v3/file/source/18178/18.jar?sign=4snwZEDuzr88tmVvCLDre0Jjbt5hOKh7zrtE37bQV30%3D%3A0"},
{"key":"*色猫资源","name":"*🔞色猫资源","type":1,"api":"https://api.maozyapi.com/inc/apijson_vod.php","searchable":0,"quickSearch":0},
{"key":"小姐姐资源","name":"*🔞小姐姐资源","type":0,"api":"https://xjjzyapi.com/home/cjapi/askl/mc10/vod/xml","searchable":1,"quickSearch":1},

{"key":"*精工厂资源","name":"*🔞精工厂资源","type":0,"api":"https://jgczyapi.com/home/cjapi/kld2/mc10/vod/xml","searchable":0,"quickSearch":0},

{"key":"*大MM资源","name":"*🔞大MM资源","type":0,"api":"https://www.dmmapi.com/home/cjapi/asd2c7/mc10/vod/xml","searchable":0,"quickSearch":0},

{"key":"*酷豆资源","name":"*🔞酷豆资源","type":1,"api":"https://kudouzy.com/api.php/provide/vod/","searchable":0,"quickSearch":0},
{"key":"*酷豆2","name":"*🔞酷豆2","type":1,"api":"https://api.kdapi.info/api.php/provide/vod/","searchable":0,"quickSearch":0},
{"key":"*酷伦理","name":"*🔞酷伦理","type":1,"api":"https://api.kudian70.com/api.php/provide/vod/","searchable":0,"quickSearch":0},
{"key":"*影库资源","name":"*🔞影库资源","type":1,"api":"https://api.ykapi.net/api.php/provide/vod/","searchable":0,"quickSearch":0},
{"key":"*奶茶资源","name":"*🔞奶茶资源","type":1,"api":"https://caiji.naichaapi.com/inc/apijson_vod.php","searchable":0,"quickSearch":0},

{"key":"*美少女资源","name":"*🔞美少女资源","type":0,"api":"https://www.msnii.com/api/xml.php","searchable":0,"quickSearch":0},
{"key":"*淫水机资源","name":"*🔞淫水机资源","type":0,"api":"https://www.xrbsp.com/api/xml.php","searchable":0,"quickSearch":0},
{"key":"*香奶儿资源","name":"*🔞香奶儿资源","type":0,"api":"https://www.gdlsp.com/api/xml.php","searchable":0,"quickSearch":0},
{"key":"*白嫖资源","name":"*🔞白嫖资源","type":0,"api":"https://www.kxgav.com/api/xml.php","searchable":0,"quickSearch":0},
{"key":"*小湿妹资源","name":"*🔞小湿妹资源","type":0,"api":"https://www.afasu.com/api/xml.php","searchable":0,"quickSearch":0},
{"key":"*大地资源","name":"*🔞大地资源","type":0,"api":"https://dadiapi.com/api.php","searchable":0,"quickSearch":0},
{"key":"*CK资源","name":"*🔞CK资源","type":1,"api":"http://www.feifei67.com/api.php/provide/vod/","searchable":0,"quickSearch":0},
{"key":"*老鸭资源","name":"*🔞老鸭资源","type":1,"api":"https://api.apilyzy.com/api.php/provide/vod/","searchable":0,"quickSearch":0},
{
      "key": "老鸭2",
      "name": "*🔞老鸭2",
      "type": 1,
      "api": "https://lbapi9.com/api.php/provide/vod/",
      "playUrl": "json:https://player.77lehuo.com/aliplayer/?url=",
      "searchable": 1,
      "quickSearch": 1,
      "filterable": 0
    },
 
{"key":"*乐播资源","name":"*🔞乐播资源","type":1,"api":"https://lbapi9.com/api.php/provide/vod/","searchable":0,"quickSearch":0},
{"key":"*博天堂","name":"*🔞博天堂","type":0,"api":"http://bttcj.com/inc/sapi.php","searchable":0,"quickSearch":0},
{"key":"*环亚资源","name":"*🔞环亚资源","type":0,"api":"http://wmcj8.com/inc/sapi.php","searchable":0,"quickSearch":0},
{ "key": "(18+)天堂福利", "name": "🔞天堂福利", "type": 0, "api": "https://bttcj.com/inc/sapi.php", "searchable": 1, "quickSearch": 1, "filterable": 0 },
{ "key": "afasu", "name": "🔞小湿妹资源(已修复)", "type": 0, "api": "https://www.afasu.com/api/xml.php", "searchable": 1, "quickSearch": 1, "filterable": 1 },
        { "key": "KpgxdyE", "name": "🔞黄AV资源(已修复)", "type": 0, "api": "https://www.pgxdy.com/api/xml.php", "searchable": 1, "quickSearch": 1, "filterable": 1 },
//{"key":"*AVZY6888资源","name":"*🔞AVZY6888资源","type":1,"api":"http://m.7777688.com/inc/apijson.php","searchable":0,"quickSearch":0},
{"key":"*色色资源","name":"*🔞色色资源","type":0,"api":"http://secj8.com/inc/sapi.php?ac=videolist","searchable":0,"quickSearch":0},
{"key":"*玖玖资源","name":"*🔞玖玖资源","type":0,"api":"http://99zywcj.com/inc/sapi.php?ac=videolist","searchable":0,"quickSearch":0},
{"key":"*狼少年","name":"*🔞狼少年","type":0,"api":"http://cjmygzy.com/inc/sapi.php?ac=videolist","searchable":0,"quickSearch":0},
{"key":"*佳丽资源","name":"*🔞佳丽资源","type":1,"api":"http://www.jializyzapi.com/api.php/provide/vod/","searchable":0,"quickSearch":0},
{"key":"*番号资源","name":"*🔞番号资源","type":1,"api":"http://fhapi9.com/api.php/provide/vod/","searchable":0,"quickSearch":0},
//{"key":"*鲨鱼资源","name":"*🔞鲨鱼资源","type":1,"api":"https://shayuapi.com/api.php/provide/vod/","searchable":0,"quickSearch":0},
{"key":"*速度资源","name":"*🔞速度资源","type":0,"api":"http://www.ggmmzy.com:9999/inc/xml","searchable":0,"quickSearch":0},
//{"key":"*丝袜资源","name":"*🔞丝袜资源","type":1,"api":"https://siwazyw.cc/api.php/provide/vod/at/json/","searchable":0,"quickSearch":0},
//{"key":"*芒果资源","name":"*🔞芒果资源","type":1,"api":"https://mgzyz1.com/api.php/provide/vod/","searchable":0,"quickSearch":0},
{"key":"*KK写真资源","name":"*🔞KK写真资源","type":1,"api":"https://kkzy.me/api.php/provide/vod/","searchable":0,"quickSearch":0}

],


"parses":[
    {
            "name": "Json轮询",
            "type": 2,
            "url": "Sequence"
        },
        {
            "name": "Json并发",
            "type": 2,
            "url": "Parallel"
        },
        {
            "name": "解析聚合",
            "type": 3,
            "url": "Demo"
        },
        {
            "name": "瞄影嗅探",
            "type": 0,
            "url": "http://www.miaoys.cc/vip/?url="
        },
  {"name":"lk","type":1,"url":"https://k.json.icu/home/api?type=ys&uid=6399107&key=bdlmrswBDHIKZ01238&url="},
 { "name": "TVB云播","type": 1,"url": "https://jxm.qwrev534.top/?url="},
{
            "name": "星辰云解析",
            "type": 1,
            "url": "http://xn--wnup5g.xn--z7x900a.love:63/Art/analysis.php?v=",
            "ext": {
                "flag": [
                    "qq",
                    "腾讯",
                    "企鹅",
                    "IQiYi",
                    "qiyi",
                    "爱奇艺",
                    "奇艺",
                    "youku",
                    "YouKu",
                    "优酷",
                    "sohu",
                    "SoHu",
                    "搜狐",
                    "letv",
                    "LeShi",
                    "乐视",
                    "imgo",
                    "mgtv",
                    "MangGuo",
                    "芒果",
                    "SLYS4k",
                    "BYGA",
                    "luanzi",
                    "AliS",
                    "dxzy",
                    "bilibili",
                    "QEYSS",
                    "xigua",
                    "西瓜视频",
                    "腾讯视频",
                    "奇艺视频",
                    "优酷视频",
                    "芒果视频",
                    "乐视视频"
                ]
            }
        },
 {"name":"777","type": 0,"url":"https://jx.777jiexi.com/player/?url="},
 {"name": "1","type":0,"url":"https://jxdp.codermart.net/?url="},
 {"name":"AG","type":0,"url":"https://www.codjx.com/?url="},
 {
      "name": "月",
      "type": 0,
      "url": "https://jx.xmflv.com/?url="
    },
{"name":"光","type":1,"url":"http://pandown.pro/app/ysmjx.php?url=","ext":{"flag":["qq","腾讯","qiyi","爱奇艺","奇艺","youku","优酷","mgtv","芒果","letv","乐视","pptv","PPTV","sohu","bilibili","哔哩哔哩","哔哩"],"header":{"User-Agent":"okhttp/4.1.0"}}},
{"name":"宝","type":1,"url":"http://jx.fuqizhishi.com:63/API.php?appkey=feimao&url="},
{"name":"盒","type":0,"url":" https://tljiaqing.nde.tw/m3u8/?url="},
{"name":"BOX","type":1,"url":"http://45.248.10.163:4433/json.php?wap=0&url="},
{"name":"解析","type":0,"url":"https://h5.freejson.xyz/player/?url="},
{"name":"解析2","type":1,"url":"rxjx.kuanjv.com/allm3u8.php?url="},
{"name":"解析4","type":1,"url":"http://lanlan.ckflv.cn/?url=","ext":{"flag":["qiyi","qq","letv","sohu","youku","mgtv","bilibili","wasu","xigua","1905"]}},
{"name":"解析5","type":1,"url":"https://www.1920lgzy.top/json.php?url=","ext":{"header":{"User-Agent":"Mozilla/5.0"}}},
{"name":"解析6","type":1,"url":"https://hc.izny.cn/json.php?url="},
{"name":"解析7","type":1,"url":"https://rx.bt5v.com/json/jsonindex.php/?url="},
{"name":"解析8","type":1,"url":"https://www.nxflv.com/?url=","header":{"User-Agent":"Mozilla/5.0"}},
{"name":"解析9","type":1,"url":"http://3.37.195.161:54371/parse/api/无名.js?url=","header":{"User-Agent":"Mozilla/5.0"}}
],
	
"rules": [
{"host":"*","rule":["default.365yg.com"]},{"host":"dyxs20.com","rule":[".m3u8"]},{"host":"www.agemys.cc","rule":["cdn-tos","obj/tos-cn"]},{"host":"zjmiao.com","rule":["play.videomiao.vip/API.php","time="]},{"host":"www.sharenice.net","rule":["http.*?/play.{0,3}\\?[^url]{2,8}=.*"]},{"host":"www.sharenice.net","rule":["qianpailive.com","vid="]},{"host":"*","rule":["douyin.com/aweme","video_id="]},{"host":"*","rule":["huoshan.com","/item/video/"]},{"host":"*","rule":["http((?!http).){12,}?\\.(m3u8|mp4|flv|avi|mkv|rm|wmv|mpg|m4a)\\?.*"]},{"host":"*","rule":["http((?!http).){12,}\\.(m3u8|mp4|flv|avi|mkv|rm|wmv|mpg|m4a)"]}
],

"flags":["youku","qq","QQ","iqiyi","qiyi","letv","sohu","tudou","pptv","PPTV","mgtv","ltnb","rx","CL4K","xfyun","wuduzy","wasu","bilibili","renrenmi","xmm","xigua","m1905 ","funshion ","优酷","芒果","腾讯","爱奇艺","奇艺","哔哩哔哩","哔哩"],
"ijk":[
{"group":"软解码","options":[
{"category":4,"name":"opensles","value":"0"},
{"category":4,"name":"overlay-format","value":"842225234"},
{"category":4,"name":"framedrop","value":"1"},
{"category":4,"name":"soundtouch","value":"1"},
{"category":4,"name":"start-on-prepared","value":"1"},
{"category":1,"name":"http-detect-range-support","value":"0"},
{"category":1,"name":"fflags","value":"fastseek"},
{"category":2,"name":"skip_loop_filter","value":"48"},
{"category":4,"name":"reconnect","value":"1"},
{"category":4,"name":"enable-accurate-seek","value":"0"},
{"category":4,"name":"mediacodec","value":"0"},
{"category":4,"name":"mediacodec-auto-rotate","value":"0"},
{"category":4,"name":"mediacodec-handle-resolution-change","value":"0"},
{"category":4,"name":"mediacodec-hevc","value":"0"},
{"category":1,"name":"dns_cache_timeout","value":"600000000"}
]},
{"group":"硬解码","options":[
{"category":4,"name":"opensles","value":"0"},
{"category":4,"name":"overlay-format","value":"842225234"},
{"category":4,"name":"framedrop","value":"1"},
{"category":4,"name":"soundtouch","value":"1"},
{"category":4,"name":"start-on-prepared","value":"1"},
{"category":1,"name":"http-detect-range-support","value":"0"},
{"category":1,"name":"fflags","value":"fastseek"},
{"category":2,"name":"skip_loop_filter","value":"48"},
{"category":4,"name":"reconnect","value":"1"},
{"category":4,"name":"enable-accurate-seek","value":"0"},
{"category":4,"name":"mediacodec","value":"1"},
{"category":4,"name":"mediacodec-auto-rotate","value":"1"},
{"category":4,"name":"mediacodec-handle-resolution-change","value":"1"},
{"category":4,"name":"mediacodec-hevc","value":"1"},
{"category":1,"name":"dns_cache_timeout","value":"600000000"}
]}
],
"wallpaper":"http://www.kf666888.cn/api/tvbox/img",
"ads":["mimg.0c1q0l.cn","www.googletagmanager.com","www.google-analytics.com","mc.usihnbcq.cn","mg.g1mm3d.cn","mscs.svaeuzh.cn","cnzz.hhttm.top","tp.vinuxhome.com","cnzz.mmstat.com","www.baihuillq.com","s23.cnzz.com","z3.cnzz.com","c.cnzz.com","stj.v1vo.top","z12.cnzz.com","img.mosflower.cn","tips.gamevvip.com","ehwe.yhdtns.com","xdn.cqqc3.com","www.jixunkyy.cn","sp.chemacid.cn","hm.baidu.com","s9.cnzz.com","z6.cnzz.com","um.cavuc.com","mav.mavuz.com","wofwk.aoidf3.com","z5.cnzz.com","xc.hubeijieshikj.cn","tj.tianwenhu.com","xg.gars57.cn","k.jinxiuzhilv.com","cdn.bootcss.com","ppl.xunzhuo123.com","xomk.jiangjunmh.top","img.xunzhuo123.com","z1.cnzz.com","s13.cnzz.com","xg.huataisangao.cn","z7.cnzz.com","xg.huataisangao.cn","z2.cnzz.com","s96.cnzz.com","q11.cnzz.com","thy.dacedsfa.cn","xg.whsbpw.cn","s19.cnzz.com","z8.cnzz.com","s4.cnzz.com","f5w.as12df.top","ae01.alicdn.com","www.92424.cn","k.wudejia.com","vivovip.mmszxc.top","qiu.xixiqiu.com","cdnjs.hnfenxun.com","cms.qdwght.com"]
}