{"spider":"http://rl1eetffv.bkt.clouddn.com/qj1121.jar;md5;536fa865c4502be4907a2c6759373de8","wallpaper":"http://www.kf666888.cn/api/tvbox/img","lives":[{"group":"redirect","channels":[{"name":"live","urls":["proxy://do=live&type=txt&ext=aHR0cHM6Ly9yYXcuZmFzdGdpdC5vcmcvUWlhb0ppNi9GcmVlRC9tYXN0ZXIvbGl2ZS50eHQ="]}]}],"sites":[{"key":"YQK_spider","name":"一起看TV","api":"csp_YQKAPP","type":3,"filterable":1,"playerType":2,"quickSearch":1,"searchable":1,"ext":"https://api-tx.shumaxc.xyz"},{"key":"Tutu_spider","name":"图图影视","api":"csp_TutuYs","type":3,"filterable":1,"quickSearch":1,"searchable":1,"ext":"http://45.207.11.9:6618"},{"key":"NoSearch_Bdys_spider","name":"哔滴影视","api":"csp_Bdys01","type":3,"filterable":1,"quickSearch":1,"searchable":1,"ext":""},{"key":"NoSearch_csp_DiDuan","name":"低端影视","type":3,"api":"csp_Ddrk","searchable":1,"playerType":2,"quickSearch":1,"filterable":0},{"key":"Lezhu_spider","name":"乐猪影视","api":"csp_Lezhu","type":3,"filterable":1,"playerType":2,"quickSearch":1,"searchable":1,"ext":""},{"key":"dm77_spider","name":"齐齐动漫","api":"csp_DM77","type":3,"filterable":1,"playerType":2,"quickSearch":1,"searchable":1,"ext":""},{"key":"yanetflix_spider","name":"鸭奈飞","api":"csp_YaNetFlix","type":3,"filterable":1,"playerType":2,"quickSearch":1,"searchable":1,"ext":""},{"key":"niketv_spider","name":"耐客TV","api":"csp_NikeTV","type":3,"filterable":1,"playerType":2,"quickSearch":1,"searchable":1,"ext":""},{"key":"棉花影视","name":"棉花影视","type":3,"api":"csp_MianHua","searchable":1,"playerType":2,"quickSearch":1,"filterable":0},{"key":"sliu_spider","name":"石榴电影","api":"csp_ShiLiuDY","type":3,"filterable":1,"playerType":2,"quickSearch":1,"searchable":1,"ext":""},{"key":"快看影视","name":"快看影视","type":3,"api":"csp_Kuaikan","searchable":1,"playerType":2,"quickSearch":1,"filterable":1},{"key":"3EDY","name":"3EDY(EXO)","type":3,"api":"csp_EEEDY","playerType":2,"searchable":1,"quickSearch":1,"filterable":1},{"key":"csp_Wmkk","name":"完美看看","api":"csp_Wmkk","type":3,"playerType":2,"filterable":1,"quickSearch":1,"searchable":1},{"key":"csp_77","name":"酷云七七","type":3,"api":"csp_Kunyu77","searchable":1,"quickSearch":1,"filterable":1},{"key":"360_spider","name":"360影视","api":"csp_SP360","type":3,"filterable":1,"quickSearch":1,"searchable":1,"ext":""},{"key":"小苹果","name":"小苹果","type":3,"api":"csp_LiteApple","searchable":1,"quickSearch":1,"filterable":1},{"key":"蓝光电影","name":"蓝光电影","type":3,"api":"csp_Lgdyy","searchable":1,"quickSearch":1,"filterable":1},{"key":"神马电影","name":"神马电影","type":3,"api":"csp_Smdyy","searchable":1,"quickSearch":1,"filterable":1},{"key":"csp_CZSPP","name":"厂长资源","type":3,"api":"csp_Czsapp","searchable":1,"playerType":2,"quickSearch":1,"filterable":0},{"key":"csp_LibVio","name":"LibVio","type":3,"api":"csp_Lib","searchable":1,"playerType":2,"quickSearch":1,"filterable":0},{"key":"csp_Auete","name":"Auete","type":3,"api":"csp_Auete","searchable":1,"playerType":2,"quickSearch":1,"filterable":1},{"key":"csp_Cokemv","name":"Cokemv","type":3,"api":"csp_Cokemv","searchable":1,"playerType":2,"quickSearch":1,"filterable":1},{"key":"在线之家","name":"在线之家","type":3,"api":"csp_Zxzj","searchable":1,"playerType":2,"quickSearch":1,"filterable":1},{"key":"NoSearch_csp_BBB","name":"哔哩哔哩","type":3,"api":"csp_Bili","searchable":0,"quickSearch":0,"filterable":1,"ext":"https://www.qiaoji8.com/tvbox/bili.json"},{"key":"NoSearch_Yj1211_spider","name":"直播聚合","api":"csp_Yj1211","type":3,"filterable":1,"playerType":2,"quickSearch":1,"searchable":1},{"key":"Yisou","name":"易搜","type":3,"api":"csp_Yisou","searchable":1,"quickSearch":1,"filterable":1,"ext":"c3895f91c81741959c22feb5fe3a5def"},{"key":"Gitcafe","name":"小纸条","type":3,"api":"csp_GitCafe","searchable":1,"quickSearch":1,"filterable":1,"ext":"c3895f91c81741959c22feb5fe3a5def"},{"key":"FindZY","name":"找资源","type":3,"api":"csp_FindZY","searchable":1,"quickSearch":1,"filterable":1,"ext":"c3895f91c81741959c22feb5fe3a5def"},{"key":"push_agent","name":"推送","type":3,"api":"csp_PushAgent","searchable":0,"quickSearch":0,"filterable":0,"ext":"c3895f91c81741959c22feb5fe3a5def"}],"parses":[{"name":"解析聚合","type":3,"url":"Demo"},{"name":"Json并发","type":2,"url":"Parallel"},{"name":"Json轮询","type":2,"url":"Sequence"},{"name":"ckflv","type":1,"url":"http://api.ckflv.cn/?url=","ext":{"flag":["qq","腾讯","qiyi","爱奇艺","奇艺","youku","优酷","sohu","搜狐","letv","乐视","mgtv","芒果","CL4K","renrenmi","ltnb","bilibili","1905","xigua"]}},{"name":"tkys","type":1,"url":"https://rx.bt5v.com/json/jsonindex.php/?url=","ext":{"flag":["qq","腾讯","qiyi","爱奇艺","奇艺","youku","优酷","sohu","搜狐","letv","乐视","mgtv","芒果","rx","ltnb","bilibili","1905","xigua"]}},{"name":"xifanys","type":1,"url":"http://www.pandown.pro/app/tkys/tkysjx.php?url=","ext":{"flag":["qq","腾讯","qiyi","爱奇艺","奇艺","youku","优酷","sohu","搜狐","letv","乐视","mgtv","芒果","rx","ltnb","bilibili","1905","xigua"]}},{"name":"酷享影视","type":1,"url":"http://pandown.pro/app/kxjx.php?url=","ext":{"flag":["qq","腾讯","qiyi","爱奇艺","奇艺","youku","优酷","sohu","搜狐","letv","乐视","mgtv","芒果","CL4K","renrenmi","ltnb","bilibili","1905","xigua"]}},{"name":"江湖","type":1,"url":"http://pandown.pro/app/ysmjx.php?url=","ext":{"flag":["qq","qiyi","mgtv","youku","letv","sohu","xigua","1905","优播线路","腾播线路"],"header":{"User-Agent":"Dart/2.14 (dart:io)"}}},{"name":"左岸","type":1,"url":"http://110.42.2.115:880/analysis/json/?uid=2100&my=cqrtwyACDGLOXY0249&mgtv=app&url=","ext":{"flag":["qq","腾讯","qiyi","爱奇艺","奇艺","youku","优酷","sohu","搜狐","letv","乐视","mgtv","芒果","CL4K","renrenmi","ltnb","bilibili","1905","xigua"]}},{"name":"keyu","type":1,"url":"http://newjiexi.gotka.top/keyu3.php?url=","ext":{"flag":["qq","腾讯","qiyi","爱奇艺","奇艺","youku","优酷","mgtv","芒果","letv","乐视","pptv","PPTV","sohu","bilibili","哔哩哔哩","哔哩"],"header":{"User-Agent":"okhttp/4.1.0"}}}],"flags":["youku","qq","iqiyi","qiyi","letv","sohu","tudou","pptv","mgtv","wasu","bilibili","renrenmi","duoduozy","xinluan","ddzy","tgqp","tkqp","XRJX"],"ijk":[{"group":"软解码","options":[{"category":4,"name":"opensles","value":"0"},{"category":4,"name":"overlay-format","value":"842225234"},{"category":4,"name":"framedrop","value":"1"},{"category":4,"name":"soundtouch","value":"1"},{"category":4,"name":"start-on-prepared","value":"1"},{"category":1,"name":"http-detect-range-support","value":"0"},{"category":1,"name":"fflags","value":"fastseek"},{"category":2,"name":"skip_loop_filter","value":"48"},{"category":4,"name":"reconnect","value":"1"},{"category":4,"name":"enable-accurate-seek","value":"0"},{"category":4,"name":"mediacodec","value":"0"},{"category":4,"name":"mediacodec-auto-rotate","value":"0"},{"category":4,"name":"mediacodec-handle-resolution-change","value":"0"},{"category":4,"name":"mediacodec-hevc","value":"0"},{"category":1,"name":"dns_cache_timeout","value":"600000000"}]},{"group":"硬解码","options":[{"category":4,"name":"opensles","value":"0"},{"category":4,"name":"overlay-format","value":"842225234"},{"category":4,"name":"framedrop","value":"1"},{"category":4,"name":"soundtouch","value":"1"},{"category":4,"name":"start-on-prepared","value":"1"},{"category":1,"name":"http-detect-range-support","value":"0"},{"category":1,"name":"fflags","value":"fastseek"},{"category":2,"name":"skip_loop_filter","value":"48"},{"category":4,"name":"reconnect","value":"1"},{"category":4,"name":"enable-accurate-seek","value":"0"},{"category":4,"name":"mediacodec","value":"1"},{"category":4,"name":"mediacodec-auto-rotate","value":"1"},{"category":4,"name":"mediacodec-handle-resolution-change","value":"1"},{"category":4,"name":"mediacodec-hevc","value":"1"},{"category":1,"name":"dns_cache_timeout","value":"600000000"}]}],"ads":["mimg.0c1q0l.cn","www.googletagmanager.com","www.google-analytics.com","mc.usihnbcq.cn","mg.g1mm3d.cn","mscs.svaeuzh.cn","cnzz.hhttm.top","tp.vinuxhome.com","cnzz.mmstat.com","www.baihuillq.com","s23.cnzz.com","z3.cnzz.com","c.cnzz.com","stj.v1vo.top","z12.cnzz.com","img.mosflower.cn","tips.gamevvip.com","ehwe.yhdtns.com","xdn.cqqc3.com","www.jixunkyy.cn","sp.chemacid.cn","hm.baidu.com","s9.cnzz.com","z6.cnzz.com","um.cavuc.com","mav.mavuz.com","wofwk.aoidf3.com","z5.cnzz.com","xc.hubeijieshikj.cn","tj.tianwenhu.com","xg.gars57.cn","k.jinxiuzhilv.com","cdn.bootcss.com","ppl.xunzhuo123.com","xomk.jiangjunmh.top","img.xunzhuo123.com","z1.cnzz.com","s13.cnzz.com","xg.huataisangao.cn","z7.cnzz.com","xg.huataisangao.cn","z2.cnzz.com","s96.cnzz.com","q11.cnzz.com","thy.dacedsfa.cn","xg.whsbpw.cn","s19.cnzz.com","z8.cnzz.com","s4.cnzz.com","f5w.as12df.top","ae01.alicdn.com","www.92424.cn","k.wudejia.com","vivovip.mmszxc.top","qiu.xixiqiu.com","cdnjs.hnfenxun.com","cms.qdwght.com"]}