{"name": "橘子tv",
"url": "https://juztv.com",
"tihuan": "cnzz.com",
"User": "User-Agent:Dart/2.14 (dart:io)",
"fenlei": "电视剧$/vodtype/2-#电影$/vodtype/1-#动作片$/vodtype/6-#喜剧片$/vodtype/7-#爱情片$/vodtype/8-#科幻片$/vodtype/9-#恐怖片$/vodtype/10-#剧情片$/vodtype/11-#战争片$/vodtype/12-#其他片$/vodtype/20-#综艺$/vodtype/3-#动漫$/vodtype/4-#国产剧$/vodtype/13-#港台剧$/vodtype/14-#日韩剧$/vodtype/15-#欧美剧$/vodtype/16-#其他剧$/vodtype/21-",
"houzhui": "/",
"shifouercijiequ": "1",
"jiequqian": "class=\"stui-vodlist clearfix",
"jiequhou": "</ul>",
"jiequshuzuqian": "class=\"stui-vodlist__thumb",
"jiequshuzuhou": "</span>",
"tupianqian": "data-original=\"",
"tupianhou": "\"",
"biaotiqian": "title=\"",
"biaotihou": "\"",
"lianjieqian": "href=\"",
"lianjiehou": "\"",
"sousuoqian": "/index.php/ajax/suggest?mid=1&wd=",
"sousuohou": "&limit=50",
"sousuohouzhui": "/voddetail/",
"ssmoshi": "0",
"sousuoshifouercijiequ": "0",
"jspic": "pic",
"jsname": "name",
"jsid": "id",
"ssjiequqian": "空",
"ssjiequhou": "空",
"ssjiequshuzuqian": "空",
"ssjiequshuzuhou": "空",
"sstupianqian": "空",
"sstupianhou": "空",
"ssbiaotiqian": "空",
"ssbiaotihou": "空",
"sslianjieqian": "空",
"sslianjiehou": "空",
"bfshifouercijiequ": "0",
"bfjiequqian": "空",
"bfjiequhou": "空",
"bfjiequshuzuqian": "class=\"stui-content__playlist clearfix",
"bfjiequshuzuhou": "</ul>",
"zhuangtaiqian": "更新：</span>",
"zhuangtaihou": "</p>",
"daoyanqian": "导演：</span>",
"daoyanhou": "</p>",
"zhuyanqian": "主演：</span>",
"zhuyanhou": "</p>",
"juqingqian": "class=\"data\" style=\"display: none;\">",
"juqinghou": "</span>",
"bfyshifouercijiequ": "0",
"bfyjiequqian": "空",
"bfyjiequhou": "空",
"bfyjiequshuzuqian": "<a",
"bfyjiequshuzuhou": "/a>",
"bfbiaotiqian": ">",
"bfbiaotihou": "<",
"bflianjieqian": "href=\"",
"bflianjiehou": "\""}
