{"name": "宝仙HD",
"url": "https://webdillo.com",
"tihuan": "cnzz.com",
//"User": "User-Agent:Dart/2.14 (dart:io)",
"shouye": "1",
"fenlei": "电影$/index.php/vod/show/id/1/page/#电视剧$/index.php/vod/show/id/2/page/#综艺$/index.php/vod/show/id/3/page/#动漫$/index.php/vod/show/id/4/page/",
"houzhui": ".html",
"shifouercijiequ": "0",
"jiequqian": "空",
"jiequhou": "空",
"jiequshuzuqian": "lazyload",
"jiequshuzuhou": "</span>",
"tupianqian": "data-original=\"",
"tupianhou": "\"",
"biaotiqian": "title=\"",
"biaotihou": "\"",
"lianjieqian": "href=\"",
"lianjiehou": "\"",
"sousuoqian": "/index.php/ajax/suggest?mid=1&wd=",
"sousuohou": "&limit=500",
"sousuohouzhui": "/index.php/vod/detail/id/",
"ssmoshi": "0",
"sousuoshifouercijiequ": "0",
"jspic": "pic",
"jsname": "name",
"jsid": "id",
"ssjiequqian": "空",
"ssjiequhou": "空",
"ssjiequshuzuqian": "空",
"ssjiequshuzuhou": "空",
"sstupianqian": "空",
"sstupianhou": "空",
"ssbiaotiqian": "空",
"ssbiaotihou": "空",
"sslianjieqian": "空",
"sslianjiehou": "空",
"bfshifouercijiequ": "0",
"bfjiequqian": "空",
"bfjiequhou": "空",
"bfjiequshuzuqian": "class=\"content_playlist clearfix",
"bfjiequshuzuhou": "</ul>",
"zhuangtaiqian": "class=\"pic_text text_right\">",
"zhuangtaihou": "</span",
"daoyanqian": "导演：",
"daoyanhou": "</li>",
"zhuyanqian": "主演：",
"zhuyanhou": "</li>",
"juqingqian": "简介：",
"juqinghou": "</li>",
"bfyshifouercijiequ": "0",
"bfyjiequqian": "空",
"bfyjiequhou": "空",
"bfyjiequshuzuqian": "<a",
"bfyjiequshuzuhou": "/a>",
"bfbiaotiqian": ">",
"bfbiaotihou": "<",
"bflianjieqian": "href=\"",
"bflianjiehou": "\""},
