{
  "name": "干饭影视",
  "url": "http://www.gfysys.com/",
  "shouye": "1",
  //"fenlei": "电影$/vodtype/1-#剧集$/vodtype/2-#综艺$//vodtype/3-#动漫$/vodtype/4-",
  "fenlei": "电影$/vodshow/1-----------#剧集$/vodshow/2-----------#综艺$/vodshow/3-----------#动漫$/vodshow/4-----------#伦理$/vodshow/1---伦理--------#喜剧$/vodshow/1---喜剧--------#爱情$/vodshow/1---爱情--------#恐怖$/vodshow/1---恐怖--------#动作$/vodshow/1---动作--------#科幻$/vodshow/1---科幻--------#剧情$/vodshow/1---剧情--------#战争$/vodshow/1---战争--------#犯罪$/vodshow/1---犯罪--------#奇幻$/vodshow/1---奇幻--------#武侠$/vodshow/1---武侠--------#冒险$/vodshow/1---冒险--------#悬疑$/vodshow/1---悬疑--------#内地$/vodshow/2---内地--------#韩国$/vodshow/2---韩国--------#香港$/vodshow/2---香港--------#台湾$/vodshow/2---台湾--------#日本$/vodshow/2---日本--------#美国$/vodshow/2---美国--------#泰国$/vodshow/2---泰国--------#英国$/vodshow/2---英国--------",
  "houzhui": ".html",
  "shifouercijiequ": "0",
  "jiequqian": "空",
  "jiequhou": "空",
  "jiequshuzuqian": "class=\"stui-vodlist__box",
  "jiequshuzuhou": "</div>",
  "tupianqian": "original=\"",
  "tupianhou": "\"",
  "biaotiqian": "title=\"",
  "biaotihou": "\"",
  "lianjieqian": "href=\"",
  "lianjiehou": "\"",
  "sousuoqian": "/index.php/ajax/suggest?mid=1&wd=",
  "sousuohou": "&limit=500",
  "sousuohouzhui": "/voddetail/",
  "ssmoshi": "0",
  "sousuoshifouercijiequ": "0",
  "jspic": "pic",
  "jsname": "name",
  "jsid": "id",
  "ssjiequqian": "空",
  "ssjiequhou": "空",
  "ssjiequshuzuqian": "空",
  "ssjiequshuzuhou": "空",
  "sstupianqian": "空",
  "sstupianhou": "空",
  "ssbiaotiqian": "空",
  "ssbiaotihou": "空",
  "sslianjieqian": "空",
  "sslianjiehou": "空",
  "bfshifouercijiequ": "0",
  "bfjiequqian": "空",
  "bfjiequhou": "空",
  "bfjiequshuzuqian": "class=\"stui-content__playlist",
  "bfjiequshuzuhou": "</ul>",
  "zhuangtaiqian": "更新：",
  "zhuangtaihou": "</span>",
  "daoyanqian": "导演：",
  "daoyanhou": "</p>",
  "zhuyanqian": "主演：",
  "zhuyanhou": "</p>",
  "juqingqian": "简介：",
  "juqinghou": "</span>",
  "bfyshifouercijiequ": "0",
  "bfyjiequqian": "空",
  "bfyjiequhou": "空",
  "bfyjiequshuzuqian": "<a",
  "bfyjiequshuzuhou": "/a>",
  "bfbiaotiqian": ">",
  "bfbiaotihou": "<",
  "bflianjieqian": "href=\"",
  "bflianjiehou": "\""
}
