{
  "name": "稀饭影视",
  // 填网站链接
  "url": "https://www.xifanys.com",
  // 这个不用动，是个别网站播放需要请求头时才用到
  "User": "空",
  // 首页展示
  "shouye": "1",
  // 网站列表的分类                
  "fenlei": "电影$/yingpianshow/dianying--------#电视剧$/yingpianshow/lianxuju--------#综艺$/yingpianshow/zongyi--------#动漫$/yingpianshow/dongman--------#纪录片$/yingpianshow/jilupian--------#网课片库$/yingpianshow/weifenlei--------",
  // 网站翻页链接的后缀
  "houzhui": "---.html",
  // 截取的列表数组是否需要二次截取，0不需要，1需要
  "shifouercijiequ": "0",
  // 二次截取前
  "jiequqian": "空",
  // 二次截取后
  "jiequhou": "空",
  // 截取的列表数组的前关键词,截取的关键词有 " 的用 \ 进行转义
  "jiequshuzuqian": "class=\"module-item-pic",
  // 列表数组的后关键词
  "jiequshuzuhou": "</div>",
  // 列表中资源的图片前,后关键词,截取的关键词有 " 的用 \ 进行转义
  "tupianqian": "data-src=\"",
  "tupianhou": "\"",
  //列表中资源的标题前,后关键词,截取的关键词有 " 的用 \ 进行转义
  "biaotiqian": "title=\"",
  "biaotihou": "\"",
  // 列表中资源的详情页跳转链接前关键词,截取的关键词有 " 的用 \ 进行转义
  "lianjieqian": "href=\"",
  "lianjiehou": "\"",
  // 搜索部分基本不用动，现在网站基本都是苹果CMS，所有搜索是固定的。/yingpiansearch/&wd=-------------.html
  "sousuoqian": "/index.php/ajax/suggest?mid=1&wd=",
  "sousuohou": "&limit=500",
  // 搜索页影片跳转详情页的中间标识链接部分
  "sousuohouzhui": "/yingpiandetail/",
  "ssmoshi": "0",
  "sousuoshifouercijiequ": "0",
  "jspic": "pic",
  "jsname": "name",
  "jsid": "id",
  "ssjiequqian": "空",
  "ssjiequhou": "空",
  "ssjiequshuzuqian": "空",
  "ssjiequshuzuhou": "空",
  "sstupianqian": "空",
  "sstupianhou": "空",
  "ssbiaotiqian": "空",
  "ssbiaotihou": "空",
  "sslianjieqian": "空",
  "sslianjiehou": "空",
  "bfshifouercijiequ": "0",
  "bfjiequqian": "空",
  "bfjiequhou": "空",
  // 播放截取的列表数组的前,后关键词
  "bfjiequshuzuqian": "class=\"scroll-content",
  "bfjiequshuzuhou": "</div>",
  // 详情页状态,导演,主演,简介关键词
  "zhuangtaiqian": "更新：</span>",
  "zhuangtaihou": "</p>",
  "daoyanqian": "导演：</span>",
  "daoyanhou": "</p>",
  "zhuyanqian": "主演：</span>",
  "zhuyanhou": "</p>",
  "juqingqian": "简介：</span>",
  "juqinghou": "</a>",
  // 截取的播放列表数组是否需要二次截取，0不需要，1需要
  "bfyshifouercijiequ": "0",
  "bfyjiequqian": "空",
  "bfyjiequhou": "空",
  // 播放剧集数组前,后关键词
  "bfyjiequshuzuqian": "<a",
  "bfyjiequshuzuhou": "/a>",
  // 播放剧集标题前,后关键词
  "bfbiaotiqian": "<span>",
  "bfbiaotihou": "</span>",
  // 播放剧集链接前,后关键词
  "bflianjieqian": "href=\"",
  "bflianjiehou": "\""
}
