{
"name": "米来影视",
"shouye": "1",
"url": "http://www.qdytv.com/", "User": "User-Agent:Dart/2.14 (dart:io)", "fenlei": "电影$/show/id/1/page#电视剧$/show/id/2/page#综艺$/show/id/3/page#动漫$/show/id/4/page#纪录片$/show/id/20/page",
"houzhui": ".html",
"shifouercijiequ": "0",
"jiequqian": "空",
"jiequhou": "空",
"jiequshuzuqian": "class=\"myui-vodlist__thumb",
"jiequshuzuhou": "</span>",
"tupianqian": "data-original=\"",
"tupianhou": "\"",
"biaotiqian": "title=\"",
"biaotihou": "\"",
"lianjieqian": "href=\"",
"lianjiehou": "\"",
"sousuoqian": "/index.php/ajax/suggest?mid=1&wd=",
"sousuohou": "&limit=500",
"sousuohouzhui": "/detail/id/",
"ssmoshi": "0",
"sousuoshifouercijiequ": "0",
"jspic": "pic",
"jsname": "name",
"jsid": "id",
"ssjiequqian": "空",
"ssjiequhou": "空",
"ssjiequshuzuqian": "空",
"ssjiequshuzuhou": "空",
"sstupianqian": "空",
"sstupianhou": "空",
"ssbiaotiqian": "空",
"ssbiaotihou": "空",
"sslianjieqian": "空",
"sslianjiehou": "空",
"bfshifouercijiequ": "0",
"bfjiequqian": "空",
"bfjiequhou": "空",
"zhuangtaiqian": "更新：",
"zhuangtaihou": "</p>",
"daoyanqian": "导演：",
"daoyanhou": "</p>",
"zhuyanqian": "主演：",
"zhuyanhou": "</p>",
"juqingqian": "class=\"sketch content\">",
"juqinghou": "</span>",
"bfjiequshuzuqian": "class=\"myui-content__list",
"bfjiequshuzuhou": "</ul>",
"bfyshifouercijiequ": "0",
"bfyjiequqian": "空",
"bfyjiequhou": "空",
"bfyjiequshuzuqian": "<a",
"bfyjiequshuzuhou": "/a>",
"bfbiaotiqian": ">",
"bfbiaotihou": "<",
"bflianjieqian": "href=\"",
"bflianjiehou": "\""
}
