{
  "author": "baddychen",
  "name": "蓝莓影视",
  "url": "https://lanmeiguojiang.com/",
  "tihuan": "cnzz.com",
  "User": "Mozilla/5.0 (Windows NT 10.0; WOW64) AppleWebKit/537.36 (KHTML, like Gecko) Chrome/94.0.4606.71 Safari/537.36",
  "shouye": "1",

  "fenlei": "电影$/show/1--hits------#电视剧$/show/2--hits------#动漫$/show/3--hits------#综艺$/show/4--hits------#网剧$/show/20--hits------#欧美剧$/show/14--hits------#日韩剧$/show/16--hits------#港台剧$/show/15--time------#纪录片$/show/23--hits------",
  "houzhui": "---.html",

  "shifouercijiequ": "1",
  "jiequqian": "class=\"module-items",
  "jiequhou": "class=\"fixedGroup",
  "jiequshuzuqian": "<a",
  "jiequshuzuhou": "alt=\"",
  "tupianqian": "data-original=\"",
  "tupianhou": "\"",
  "biaotiqian": "title=\"",
  "biaotihou": "\"",
  "lianjieqian": "href=\"",
  "lianjiehou": "\"",
  "gengxinqian": "module-item-note\">",
  "gengxinhou": "</div>",

  "sousuoqian": "/index.php/ajax/suggest?mid=1&wd=",
  "sousuohou": "&limit=500",
  "sousuohouzhui": "/voddetail/",
  "ssmoshi": "0",
  "sousuoshifouercijiequ": "0",
  "jspic": "pic",
  "jsname": "name",
  "jsid": "id",
  "ssjiequqian": "空",
  "ssjiequhou": "空",
  "ssjiequshuzuqian": "空",
  "ssjiequshuzuhou": "空",
  "sstupianqian": "空",
  "sstupianhou": "空",
  "ssbiaotiqian": "空",
  "ssbiaotihou": "空",
  "sslianjieqian": "空",
  "sslianjiehou": "空",

  "bfshifouercijiequ": "0",
  "bfjiequqian": "空",
  "bfjiequhou": "空",
  "bfjiequshuzuqian": "class=\"module-play-list\"",
  "bfjiequshuzuhou": "</div>",

  "zhuangtaiqian": "更新：</span>",
  "zhuangtaihou": "</div>",
  "daoyanqian": "导演：</span>",
  "daoyanhou": "</div>",
  "zhuyanqian": "主演：</span>",
  "zhuyanhou": "</div>",
  "juqingqian": "line-height: 20px;\">",
  "juqinghou": "</p>",
  "niandaiqian": "module-info-tag\">",
  "niandaihou": "</div>",
  "leixinqian": "module-info-tag-link\">",
  "leixinhou": "</div>",

  "bfyshifouercijiequ": "0",
  "bfyjiequqian": "空",
  "bfyjiequhou": "空",
  "bfyjiequshuzuqian": "<a",
  "bfyjiequshuzuhou": "/a>",
  "bfbiaotiqian": "span>",
  "bfbiaotihou": "</span",
  "bflianjieqian": "href=\"",
  "bflianjiehou": "\""
}
