{
"站名":"HDIK",
"主页url":"http://hdik.xyz",
"副标题":"text-right\">&&</span>",
"搜索后缀":"/index.php/vod/detail/id/",
"影片年代":"年份：&&</p>",
"影片地区":"地区：&&<span",
"影片类型":"分类：&&<span",
"导演":"导演：&&</p>",
"主演":"主演：&&</p>",
"简介":"display: none;\"><p>&&</span>",
"线路数组":"<li><a href=\"#playlist&&</li>",
"线路标题":"tab\">&&</a>",
"播放数组":"<ul class=\"myui-content&&</ul>",
"分类":"电视剧$1#电影$2#动漫$3#纪录片$4#综艺$5",
"分类url":"http://hdik.xyz/index.php/vod/show/area/{area}/by/{by}/class/{class}/id/{cateId}/page/{catePg}/year/{year}.html",
"免嗅":"1",
"筛选":{
"1":[
{"key":"cateId","name":"类型","value":[
{"n":"全部","v":"1"},
{"n":"国产剧","v":"7"},
{"n":"日韩剧","v":"8"},
{"n":"港台剧","v":"9"},
{"n":"欧美剧","v":"10"},
{"n":"泰剧","v":"11"}]},
{"key":"class","name":"剧情","value":[
{"n":"全部","v":""},
{"n":"悬疑","v":"悬疑"},
{"n":"武侠","v":"武侠"},
{"n":"科幻","v":"科幻"},
{"n":"都市","v":"都市"},
{"n":"爱情","v":"爱情"},
{"n":"古装","v":"古装"},
{"n":"战争","v":"战争"},
{"n":"青春","v":"青春"},
{"n":"偶像","v":"偶像"},
{"n":"喜剧","v":"喜剧"},
{"n":"家庭","v":"家庭"},
{"n":"犯罪","v":"犯罪"},
{"n":"奇幻","v":"奇幻"},
{"n":"剧情","v":"剧情"},
{"n":"乡村","v":"乡村"},
{"n":"年代","v":"年代"},
{"n":"警匪","v":"警匪"},
{"n":"谍战","v":"谍战"},
{"n":"冒险","v":"冒险"},
{"n":"罪案","v":"罪案"},
{"n":"宫廷","v":"宫廷"},
{"n":"穿越","v":"穿越"}]},
{"key":"area","name":"地区","value":[
{"n":"全部","v":""},
{"n":"内地","v":"内地"},
{"n":"韩国","v":"韩国"},
{"n":"香港","v":"香港"},
{"n":"台湾","v":"台湾"},
{"n":"日本","v":"日本"},
{"n":"美国","v":"美国"},
{"n":"泰国","v":"泰国"},
{"n":"英国","v":"英国"},
{"n":"新加坡","v":"新加坡"},
{"n":"其他","v":"其他"}]},
{"key":"year","name":"年份","value":[
{"n":"全部","v":""},
{"n":"2022","v":"2022"},
{"n":"2021","v":"2021"},
{"n":"2020","v":"2020"},
{"n":"2019","v":"2019"},
{"n":"2018","v":"2018"},
{"n":"2017","v":"2017"}]},
{"key":"by","name":"排序","value":[
{"n":"时间","v":"time"},
{"n":"人气","v":"hits"},
{"n":"评分","v":"score"}]}],
"2":[
{"key":"class","name":"剧情","value":[
{"n":"全部","v":""},
{"n":"喜剧","v":"喜剧"},
{"n":"爱情","v":"爱情"},
{"n":"恐怖","v":"恐怖"},
{"n":"动作","v":"动作"},
{"n":"科幻","v":"科幻"},
{"n":"剧情","v":"剧情"},
{"n":"战争","v":"战争"},
{"n":"警匪","v":"警匪"},
{"n":"犯罪","v":"犯罪"},
{"n":"动画","v":"动画"},
{"n":"奇幻","v":"奇幻"},
{"n":"武侠","v":"武侠"},
{"n":"冒险","v":"冒险"},
{"n":"枪战","v":"枪战"},
{"n":"恐怖","v":"恐怖"},
{"n":"悬疑","v":"悬疑"},
{"n":"惊悚","v":"惊悚"},
{"n":"经典","v":"经典"},
{"n":"青春","v":"青春"},
{"n":"文艺","v":"文艺"},
{"n":"微电影","v":"微电影"},
{"n":"古装","v":"古装"},
{"n":"历史","v":"历史"},
{"n":"运动","v":"运动"},
{"n":"农村","v":"农村"},
{"n":"儿童","v":"儿童"},
{"n":"网络电影","v":"网络电影"}]},
{"key":"area","name":"地区","value":[
{"n":"全部","v":""},
{"n":"大陆","v":"大陆"},
{"n":"香港","v":"香港"},
{"n":"台湾","v":"台湾"},
{"n":"美国","v":"美国"},
{"n":"法国","v":"法国"},
{"n":"英国","v":"英国"},
{"n":"日本","v":"日本"},
{"n":"韩国","v":"韩国"},
{"n":"德国","v":"德国"},
{"n":"泰国","v":"泰国"},
{"n":"印度","v":"印度"},
{"n":"意大利","v":"意大利"},
{"n":"西班牙","v":"西班牙"},
{"n":"加拿大","v":"加拿大"},
{"n":"其他","v":"其他"}]},
{"key":"by","name":"排序","value":[
{"n":"时间","v":"time"},
{"n":"人气","v":"hits"},
{"n":"评分","v":"score"}]}],
"3":[
{"key":"class","name":"剧情","value":[
{"n":"全部","v":""},
{"n":"情感","v":"情感"},
{"n":"科幻","v":"科幻"},
{"n":"热血","v":"热血"},
{"n":"推理","v":"推理"},
{"n":"搞笑","v":"搞笑"},
{"n":"冒险","v":"冒险"},
{"n":"萝莉","v":"萝莉"},
{"n":"校园","v":"校园"},
{"n":"动作","v":"动作"},
{"n":"机战","v":"机战"},
{"n":"运动","v":"运动"},
{"n":"战争","v":"战争"},
{"n":"少年","v":"少年"},
{"n":"少女","v":"少女"},
{"n":"社会","v":"社会"},
{"n":"原创","v":"原创"},
{"n":"亲子","v":"亲子"},
{"n":"益智","v":"益智"},
{"n":"励志","v":"励志"},
{"n":"其他","v":"其他"}]},
{"key":"area","name":"地区","value":[
{"n":"全部","v":""},
{"n":"国产","v":"国产"},
{"n":"日本","v":"日本"},
{"n":"欧美","v":"欧美"},
{"n":"其他","v":"其他"}]},
{"key":"year","name":"年份","value":[
{"n":"全部","v":""},
{"n":"2022","v":"2022"},
{"n":"2021","v":"2021"},
{"n":"2020","v":"2020"},
{"n":"2019","v":"2019"},
{"n":"2018","v":"2018"},
{"n":"2017","v":"2017"}]},
{"key":"by","name":"排序","value":[
{"n":"时间","v":"time"},
{"n":"人气","v":"hits"},
{"n":"评分","v":"score"}]}],
"4":[
{"key":"class","name":"剧情","value":[
{"n":"全部","v":""},
{"n":"探索","v":"探索"},
{"n":"社会","v":"社会"},
{"n":"人物","v":"人物"},
{"n":"军事","v":"军事"},
{"n":"文化","v":"文化"},
{"n":"科学","v":"科学"},
{"n":"旅游","v":"旅游"}]},
{"key":"area","name":"地区","value":[
{"n":"全部","v":""},
{"n":"内地","v":"内地"},
{"n":"港台","v":"港台"},
{"n":"日韩","v":"日韩"},
{"n":"欧美","v":"欧美"}]},
{"key":"by","name":"排序","value":[
{"n":"时间","v":"time"},
{"n":"人气","v":"hits"},
{"n":"评分","v":"score"}]}],
"5":[
{"key":"class","name":"剧情","value":[
{"n":"全部","v":""},
{"n":"选秀","v":"选秀"},
{"n":"情感","v":"情感"},
{"n":"访谈","v":"访谈"},
{"n":"播报","v":"播报"},
{"n":"旅游","v":"旅游"},
{"n":"音乐","v":"音乐"},
{"n":"美食","v":"美食"},
{"n":"纪实","v":"纪实"},
{"n":"曲艺","v":"曲艺"},
{"n":"生活","v":"生活"},
{"n":"游戏互动","v":"游戏互动"},
{"n":"财经","v":"财经"},
{"n":"求职","v":"求职"}]},
{"key":"area","name":"地区","value":[
{"n":"全部","v":""},
{"n":"内地","v":"内地"},
{"n":"港台","v":"港台"},
{"n":"日韩","v":"日韩"},
{"n":"欧美","v":"欧美"}]},
{"key":"by","name":"排序","value":[
{"n":"时间","v":"time"},
{"n":"人气","v":"hits"},
{"n":"评分","v":"score"}]}]}
}