{
"作者":"蓝魔",
"站名":"秋霞影视",
"头部集合":"User-Agent$Mozilla/5.0 (iPad; CPU OS 10_3_1 like Mac OS X) AppleWebKit/603.1.30 (KHTML, like Gecko) Version/10.0 Mobile/14E304 Safari/602.1#Referer$http://www.7xiady.cc/",
"主页url":"https://www.7xiady.cc",
"数组":"<li class=\"stui-vodlist__item\">&&</li>",
"图片代理":"1",
"图片":"data-original=\"&&\"",
"标题":"title=\"&&\"",
"链接":"href=\"&&\"",
"副标题":"<span class=\"pic-text text-right\">&&</span>",
"搜索url":"https://www.7xiady.cc/{wd}----------{pg}---/",
"搜索模式":"1",
"搜索数组":"<li>&&</li>",
"搜索图片":"data-original=\"&&\"",
"搜索标题":"title=\"&&\"",
"搜索链接":"href=\"&&\"",
"搜索后缀":"/index.php/detail/",
"线路数组":"<div class=\"stui-pannel__head bottom-line active clearfix\">&&</div>",
"导演":"导演：&&</p>",
"主演":"主演：&&</p>",
"简介":"<div class=\"stui-content__desc col-pd clearfix\"&&</div>",
"线路标题":"<h3 class=\"title\"&&</h3>",
"播放数组":"<ul class=\"stui-content__playlist clearfix\">&&</ul>",
"播放列表":"<a&&/a>",
"播放标题":">&&<",
"播放链接":"href=\"&&\"",
"分类":"电影$dianying#电视剧$lianxuju#动漫$dongman#综艺$zongyi",
"分类url":"https://www.7xiady.cc/show/{cateId}-{area}-{by}-{class}-----{catePg}---{year}/",
"筛选":{
"dianying":[
{"name":"类型","key":"class","value":[
{"n":"全部","v":""},
{"n":"动作片","v":"动作片"},
{"n":"喜剧片","v":"喜剧片"},
{"n":"爱情片","v":"爱情片"},
{"n":"科幻片","v":"科幻片"},
{"n":"恐怖片","v":"恐怖片"},
{"n":"剧情片","v":"剧情片"},
{"n":"战争片","v":"战争片"},
{"n":"其他片","v":"其他片"}]},
{"key":"area","name":"地区","value":[
{"n":"全部","v":""},
{"n":"大陆","v":"大陆"},
{"n":"香港","v":"香港"},
{"n":"台湾","v":"台湾"},
{"n":"美国","v":"美国"},
{"n":"法国","v":"法国"},
{"n":"英国","v":"英国"},
{"n":"日本","v":"日本"},
{"n":"韩国","v":"韩国"},
{"n":"德国","v":"德国"},
{"n":"泰国","v":"泰国"},
{"n":"印度","v":"印度"},
{"n":"意大利","v":"意大利"},
{"n":"西班牙","v":"西班牙"},
{"n":"加拿大","v":"加拿大"},
{"n":"其他","v":"其他"}]},
{"name":"年份","key":"year","value":[
{"n":"全部","v":""},
{"n":"2022","v":"2022"},
{"n":"2021","v":"2021"},
{"n":"2020","v":"2020"},
{"n":"2019","v":"2019"},
{"n":"2018","v":"2018"},
{"n":"2017","v":"2017"},
{"n":"2016","v":"2016"},
{"n":"2015","v":"2015"},
{"n":"2014","v":"2014"},
{"n":"2013","v":"2013"},
{"n":"2012","v":"2012"},
{"n":"2011","v":"2011"},
{"n":"2010","v":"2010"}]},
{"key":"by","name":"排序","value":[
{"n":"全部","v":""},
{"n":"时间","v":"time"},
{"n":"人气","v":"hits"},
{"n":"评分","v":"score"}]}],
"lianxuju":[
{"name":"类型","key":"class","value":[
{"n":"全部","v":""},
{"n":"国产剧","v":"国产剧"},
{"n":"日韩剧","v":"日韩剧"},
{"n":"欧美剧","v":"欧美剧"},
{"n":"港台剧","v":"台湾剧"},
{"n":"泰剧","v":"泰剧"},
{"n":"记录片","v":"记录片"}]},
{"key":"area","name":"地区","value":[
{"n":"全部","v":""},
{"n":"中国大陆","v":"中国大陆"},
{"n":"香港","v":"香港"},
{"n":"台湾","v":"台湾"},
{"n":"美国","v":"美国"},
{"n":"英国","v":"英国"},
{"n":"日本","v":"日本"},
{"n":"韩国","v":"韩国"},
{"n":"泰国","v":"泰国"},
{"n":"西班牙","v":"西班牙"},
{"n":"新加坡","v":"新加坡"},
{"n":"其他","v":"其他"}]},
{"name":"年份","key":"year","value":[
{"n":"全部","v":""},
{"n":"2022","v":"2022"},
{"n":"2021","v":"2021"},
{"n":"2020","v":"2020"},
{"n":"2019","v":"2019"},
{"n":"2018","v":"2018"},
{"n":"2017","v":"2017"},
{"n":"2016","v":"2016"},
{"n":"2015","v":"2015"},
{"n":"2014","v":"2014"},
{"n":"2013","v":"2013"},
{"n":"2012","v":"2012"},
{"n":"2011","v":"2011"},
{"n":"2010","v":"2010"}]},
{"key":"by","name":"排序","value":[
{"n":"全部","v":""},
{"n":"时间","v":"time"},
{"n":"人气","v":"hits"},
{"n":"评分","v":"score"}]}],
"dongman":[
{"key":"class","name":"类型","value":[
{"n":"全部","v":""},
{"n":"动漫","v":"动漫"}]},
{"key":"area","name":"地区","value":[
{"n":"全部","v":""},
{"n":"国产","v":"国产"},
{"n":"日本","v":"日本"},
{"n":"欧美","v":"欧美"},
{"n":"其他","v":"其他"}]},
{"name":"年份","key":"year","value":[
{"n":"全部","v":""},
{"n":"2022","v":"2022"},
{"n":"2021","v":"2021"},
{"n":"2020","v":"2020"},
{"n":"2019","v":"2019"},
{"n":"2018","v":"2018"},
{"n":"2017","v":"2017"},
{"n":"2016","v":"2016"},
{"n":"2015","v":"2015"},
{"n":"2014","v":"2014"},
{"n":"2013","v":"2013"},
{"n":"2012","v":"2012"},
{"n":"2011","v":"2011"},
{"n":"2010","v":"2010"}]},
{"key":"by","name":"排序","value":[
{"n":"全部","v":""},
{"n":"时间","v":"time"},
{"n":"人气","v":"hits"},
{"n":"评分","v":"score"}]}],
"zongyi":[
{"key":"class","name":"类型","value":[
{"n":"全部","v":""},
{"n":"综艺","v":"综艺"}]},
{"key":"area","name":"地区","value":[
{"n":"全部","v":""},
{"n":"内地","v":"内地"},
{"n":"港台","v":"港台"},
{"n":"日韩","v":"日韩"},
{"n":"欧美","v":"欧美"}]},
{"name":"年份","key":"year","value":[
{"n":"全部","v":""},
{"n":"2022","v":"2022"},
{"n":"2021","v":"2021"},
{"n":"2020","v":"2020"},
{"n":"2019","v":"2019"},
{"n":"2018","v":"2018"},
{"n":"2017","v":"2017"},
{"n":"2016","v":"2016"},
{"n":"2015","v":"2015"},
{"n":"2014","v":"2014"},
{"n":"2013","v":"2013"},
{"n":"2012","v":"2012"},
{"n":"2011","v":"2011"},
{"n":"2010","v":"2010"}]},
{"key":"by","name":"排序","value":[
{"n":"全部","v":""},
{"n":"时间","v":"time"},
{"n":"人气","v":"hits"},
{"n":"评分","v":"score"}]}]}}