
{
    "title": "剧荒电影",
    "author": "香雅情",
    "UserAgent":"",
    "firstpage": "1",
    "class_url": "https://qq54321.vip/?ju=cqzy/cqzyfl/{cateId}/{catePg}.html[firstPage=https://qq54321.vip/?ju=cqzy/cqzyfl/{cateId}.html]",
    "class_name": "亚洲ＡＶ&3D动漫&自拍偷拍&超清传媒&欧美ＡＶ&乱伦人妻&丝袜制服&录播&SM另类&超清三级",
    "class_value": "62&66&63&64&65&67&68&69&70&71",
	"filterdata":"",
    
	//分类是否二次截取
    "cat_YN_twice": "0",									
    "cat_twice_pre": "",
    "cat_twice_suf": "",
    "cat_arr_pre": "div class=\"item ",
    "cat_arr_suf": "</div>",
    "cat_pic": "data-original=\"&&\"",
    "cat_title": "title=\"&&\"",
    "cat_subtitle": "",
    "cat_url": "href=\"&&\"",
    "cat_prefix": "https://qq54321.vip",
    "cat_suffix": "",
    
	"search_url": "https://qq54321.vip/?ju=search/cqzy/so/0.html&TXT={wd}",
    "search_mode": "1",
    "jsonpic": "vod_pic",
    "jsonname": "vod_name",
    "jsonid": "vod_id",
    "jsonstitle":"",
    //搜索是否二次截取
	"sea_YN_twice": "0",								
    "sea_twice_pre": "空",
    "sea_twice_suf": "空",
    "sea_arr_pre": "div class=\"item ",
    "sea_arr_suf": "</div>",
    "sea_pic": "data-original=\"&&\"",
    "sea_title": "title=\"&&\"",
    "sea_url": "href=\"&&\"",
    //搜索片单链接补前缀
	"search_prefix": "https://qq54321.vip",
    "search_suffix": "",
    "sea_subtitle": "空",
     //片单链接是否直接播放，1是直接播放。
	"force_play": "0",
    "play_prefix": "空",
    "play_suffix": "空",
    "play_header": "空",
   
    "proj_actor": "更新：&&</div>",									
    "proj_plot": "片名：&&</div>",
	
	//线路是否二次截取
    "tab_YN_twice": "0",
    "tab_twice_pre": "",								
    "tab_twice_suf": "",
    "tab_arr_pre": "更新时间:",
    "tab_arr_suf": "/div>",
    "tab_title": ">&&<",
	//列表是否二次截取
    "list_YN_twice": "0",
    "list_twice_pre": "空",
    "list_twice_suf": "空",
    "list_arr_pre": "size=\"3px",
    "list_arr_suf": "</font>",
   
   "epi_YN_twice": "0",
    "epi_twice_pre": "空",
    "epi_twice_suf": "空",
    "epi_arr_pre": "<a",
    "epi_arr_suf": "a>",
    "epi_title": ">&&<",
    "epi_url": "href=\"&&\"",
    "epiurl_prefix": "https://qq54321.vip",
    "epiurl_suffix": ""
    
}