{
    "title": "凌云影视",
    "author": "",
    "UserAgent":"",
    "firstpage": "1",
    "homeContent": "1", 
     "class_url": "https://jhzb.live/?x=live-so-{cateId}.html",
    "class_name": "亚洲&欧美&卡哇伊&咪狐&蜜桃&小妲己&LOVE&番茄&77&依依&日出&彩虹&久久&亚米&蝶恋&夜妖姬&套路&樱花&享色&红浪漫&金鱼&桃花&花房&小仙女&视觉秀&小天使&彩云&咪咪&娇媚&黄瓜&色趣&糯米&小蜜蜂&小红帽&桃花运&苦瓜&爱爱你&樱花雨&盘他&夜色&蝴蝶&小天仙&杏趣&小坏蛋&飘雪&樱桃&奥斯卡&兔女郎&花仙子&小性感",
    "class_value": "gwzb&omzb&kwy&mh&mt&xdj&love&fq&qq&yy&rc&ch&jj&ym&ld&yyj&tl&yh&xs&hlm&jy&th&hf&xxn&sjx&xts&cy&mm&jm&hg&sq&nm&xmf&xhm&thy&kg&aan&yh&pt&ys&hd&xtx&xq&xhd&px&yt&ask&tnl&hxz&xxg",
 

    "cat_YN_twice": "0",
    "cat_twice_pre": "",
    "cat_twice_suf": "",
    "cat_arr_pre": "div class=\"item ",
    "cat_arr_suf": "</div>",
    "cat_pic": "data-original=\"&&\"",
    "cat_title": "title=\"&&\"",
    "cat_subtitle": "",
    "cat_url": "href=\"&&\"",
    "cat_prefix": "https://jhzb.live",
    "cat_suffix": "",
    "force_play": "1",
    "play_prefix": "",
    "play_suffix": "",
    "play_header": "",
    "Anal_MacPlayer":"0",
    "ManualSniffer":"1",
    "VideoFormat":".mp4#.m3u8#.flv#item/video#is_play_url=1"
    
}